{
  "type": "FeatureCollection",
  "features": [
    {
      "type": "Feature",
      "geometry": {
        "type": "Point",
        "coordinates": [
          122.9439666,
          10.66558
        ]
      },
      "properties": {
        "osm_type": "way",
        "osm_id": 991031448,
        "power": "generator",
        "generator_source": "solar",
        "generator_method": "photovoltaic",
        "name": null,
        "operator": null,
        "location": "roof",
        "all_tags": {
          "generator:method": "photovoltaic",
          "generator:output:electricity": "small_installation",
          "generator:source": "solar",
          "generator:type": "solar_photovoltaic_panel",
          "location": "roof",
          "power": "generator"
        }
      }
    },
    {
      "type": "Feature",
      "geometry": {
        "type": "Point",
        "coordinates": [
          122.943768,
          10.6654857
        ]
      },
      "properties": {
        "osm_type": "way",
        "osm_id": 991031449,
        "power": "generator",
        "generator_source": "solar",
        "generator_method": "photovoltaic",
        "name": null,
        "operator": null,
        "location": "roof",
        "all_tags": {
          "generator:method": "photovoltaic",
          "generator:output:electricity": "small_installation",
          "generator:source": "solar",
          "generator:type": "solar_photovoltaic_panel",
          "location": "roof",
          "power": "generator"
        }
      }
    },
    {
      "type": "Feature",
      "geometry": {
        "type": "Point",
        "coordinates": [
          122.944191,
          10.6655488
        ]
      },
      "properties": {
        "osm_type": "way",
        "osm_id": 991031450,
        "power": "generator",
        "generator_source": "solar",
        "generator_method": "photovoltaic",
        "name": null,
        "operator": null,
        "location": "roof",
        "all_tags": {
          "generator:method": "photovoltaic",
          "generator:output:electricity": "small_installation",
          "generator:source": "solar",
          "generator:type": "solar_photovoltaic_panel",
          "location": "roof",
          "power": "generator"
        }
      }
    },
    {
      "type": "Feature",
      "geometry": {
        "type": "Point",
        "coordinates": [
          122.9442514,
          10.6656654
        ]
      },
      "properties": {
        "osm_type": "way",
        "osm_id": 991031451,
        "power": "generator",
        "generator_source": "solar",
        "generator_method": "photovoltaic",
        "name": null,
        "operator": null,
        "location": "roof",
        "all_tags": {
          "generator:method": "photovoltaic",
          "generator:output:electricity": "small_installation",
          "generator:source": "solar",
          "generator:type": "solar_photovoltaic_panel",
          "location": "roof",
          "power": "generator"
        }
      }
    },
    {
      "type": "Feature",
      "geometry": {
        "type": "Point",
        "coordinates": [
          122.9445014,
          10.6659882
        ]
      },
      "properties": {
        "osm_type": "way",
        "osm_id": 991031452,
        "power": "generator",
        "generator_source": "solar",
        "generator_method": "photovoltaic",
        "name": null,
        "operator": null,
        "location": "roof",
        "all_tags": {
          "generator:method": "photovoltaic",
          "generator:output:electricity": "small_installation",
          "generator:source": "solar",
          "generator:type": "solar_photovoltaic_panel",
          "location": "roof",
          "power": "generator"
        }
      }
    },
    {
      "type": "Feature",
      "geometry": {
        "type": "Point",
        "coordinates": [
          122.9443548,
          10.6659987
        ]
      },
      "properties": {
        "osm_type": "way",
        "osm_id": 991031453,
        "power": "generator",
        "generator_source": "solar",
        "generator_method": "photovoltaic",
        "name": null,
        "operator": null,
        "location": "roof",
        "all_tags": {
          "generator:method": "photovoltaic",
          "generator:output:electricity": "small_installation",
          "generator:source": "solar",
          "generator:type": "solar_photovoltaic_panel",
          "location": "roof",
          "power": "generator"
        }
      }
    },
    {
      "type": "Feature",
      "geometry": {
        "type": "Point",
        "coordinates": [
          122.9444098,
          10.6661506
        ]
      },
      "properties": {
        "osm_type": "way",
        "osm_id": 991031454,
        "power": "generator",
        "generator_source": "solar",
        "generator_method": "photovoltaic",
        "name": null,
        "operator": null,
        "location": "roof",
        "all_tags": {
          "generator:method": "photovoltaic",
          "generator:output:electricity": "small_installation",
          "generator:source": "solar",
          "generator:type": "solar_photovoltaic_panel",
          "location": "roof",
          "power": "generator"
        }
      }
    },
    {
      "type": "Feature",
      "geometry": {
        "type": "Point",
        "coordinates": [
          122.9439866,
          10.6660736
        ]
      },
      "properties": {
        "osm_type": "way",
        "osm_id": 991031455,
        "power": "generator",
        "generator_source": "solar",
        "generator_method": "photovoltaic",
        "name": null,
        "operator": null,
        "location": "roof",
        "all_tags": {
          "generator:method": "photovoltaic",
          "generator:output:electricity": "small_installation",
          "generator:source": "solar",
          "generator:type": "solar_photovoltaic_panel",
          "location": "roof",
          "power": "generator"
        }
      }
    },
    {
      "type": "Feature",
      "geometry": {
        "type": "Point",
        "coordinates": [
          122.9412337,
          10.6439168
        ]
      },
      "properties": {
        "osm_type": "way",
        "osm_id": 1056388493,
        "power": "generator",
        "generator_source": "solar",
        "generator_method": "photovoltaic",
        "name": null,
        "operator": null,
        "location": "roof",
        "all_tags": {
          "generator:method": "photovoltaic",
          "generator:output:electricity": "small_installation",
          "generator:source": "solar",
          "generator:type": "solar_photovoltaic_panel",
          "location": "roof",
          "power": "generator"
        }
      }
    },
    {
      "type": "Feature",
      "geometry": {
        "type": "Point",
        "coordinates": [
          122.9412787,
          10.6439917
        ]
      },
      "properties": {
        "osm_type": "way",
        "osm_id": 1056388494,
        "power": "generator",
        "generator_source": "solar",
        "generator_method": "photovoltaic",
        "name": null,
        "operator": null,
        "location": "roof",
        "all_tags": {
          "generator:method": "photovoltaic",
          "generator:output:electricity": "small_installation",
          "generator:source": "solar",
          "generator:type": "solar_photovoltaic_panel",
          "location": "roof",
          "power": "generator"
        }
      }
    },
    {
      "type": "Feature",
      "geometry": {
        "type": "Point",
        "coordinates": [
          122.9413202,
          10.6440767
        ]
      },
      "properties": {
        "osm_type": "way",
        "osm_id": 1056388495,
        "power": "generator",
        "generator_source": "solar",
        "generator_method": "photovoltaic",
        "name": null,
        "operator": null,
        "location": "roof",
        "all_tags": {
          "generator:method": "photovoltaic",
          "generator:output:electricity": "small_installation",
          "generator:source": "solar",
          "generator:type": "solar_photovoltaic_panel",
          "location": "roof",
          "power": "generator"
        }
      }
    },
    {
      "type": "Feature",
      "geometry": {
        "type": "Point",
        "coordinates": [
          122.9411147,
          10.644045
        ]
      },
      "properties": {
        "osm_type": "way",
        "osm_id": 1056388496,
        "power": "generator",
        "generator_source": "solar",
        "generator_method": "photovoltaic",
        "name": null,
        "operator": null,
        "location": "roof",
        "all_tags": {
          "generator:method": "photovoltaic",
          "generator:output:electricity": "small_installation",
          "generator:source": "solar",
          "generator:type": "solar_photovoltaic_panel",
          "location": "roof",
          "power": "generator"
        }
      }
    },
    {
      "type": "Feature",
      "geometry": {
        "type": "Point",
        "coordinates": [
          122.9411789,
          10.6441751
        ]
      },
      "properties": {
        "osm_type": "way",
        "osm_id": 1056388497,
        "power": "generator",
        "generator_source": "solar",
        "generator_method": "photovoltaic",
        "name": null,
        "operator": null,
        "location": "roof",
        "all_tags": {
          "generator:method": "photovoltaic",
          "generator:output:electricity": "small_installation",
          "generator:source": "solar",
          "generator:type": "solar_photovoltaic_panel",
          "location": "roof",
          "power": "generator"
        }
      }
    },
    {
      "type": "Feature",
      "geometry": {
        "type": "Point",
        "coordinates": [
          122.9902784,
          10.8066914
        ]
      },
      "properties": {
        "osm_type": "way",
        "osm_id": 1394509992,
        "power": "generator",
        "generator_source": "solar",
        "generator_method": "photovoltaic",
        "name": null,
        "operator": null,
        "location": null,
        "all_tags": {
          "generator:method": "photovoltaic",
          "generator:output:electricity": "yes",
          "generator:source": "solar",
          "generator:type": "solar_photovoltaic_panel",
          "note": "possibly refine to smaller panels if better imagery is available",
          "power": "generator"
        }
      }
    },
    {
      "type": "Feature",
      "geometry": {
        "type": "Point",
        "coordinates": [
          122.9928292,
          10.8081107
        ]
      },
      "properties": {
        "osm_type": "way",
        "osm_id": 1394509993,
        "power": "generator",
        "generator_source": "solar",
        "generator_method": "photovoltaic",
        "name": null,
        "operator": null,
        "location": null,
        "all_tags": {
          "generator:method": "photovoltaic",
          "generator:output:electricity": "yes",
          "generator:source": "solar",
          "generator:type": "solar_photovoltaic_panel",
          "note": "possibly refine to smaller panels if better imagery is available",
          "power": "generator"
        }
      }
    },
    {
      "type": "Feature",
      "geometry": {
        "type": "Point",
        "coordinates": [
          122.9928283,
          10.8081601
        ]
      },
      "properties": {
        "osm_type": "way",
        "osm_id": 1394509994,
        "power": "generator",
        "generator_source": "solar",
        "generator_method": "photovoltaic",
        "name": null,
        "operator": null,
        "location": null,
        "all_tags": {
          "generator:method": "photovoltaic",
          "generator:output:electricity": "yes",
          "generator:source": "solar",
          "generator:type": "solar_photovoltaic_panel",
          "note": "possibly refine to smaller panels if better imagery is available",
          "power": "generator"
        }
      }
    },
    {
      "type": "Feature",
      "geometry": {
        "type": "Point",
        "coordinates": [
          122.9928301,
          10.8080619
        ]
      },
      "properties": {
        "osm_type": "way",
        "osm_id": 1394509995,
        "power": "generator",
        "generator_source": "solar",
        "generator_method": "photovoltaic",
        "name": null,
        "operator": null,
        "location": null,
        "all_tags": {
          "generator:method": "photovoltaic",
          "generator:output:electricity": "yes",
          "generator:source": "solar",
          "generator:type": "solar_photovoltaic_panel",
          "note": "possibly refine to smaller panels if better imagery is available",
          "power": "generator"
        }
      }
    },
    {
      "type": "Feature",
      "geometry": {
        "type": "Point",
        "coordinates": [
          122.992831,
          10.8080126
        ]
      },
      "properties": {
        "osm_type": "way",
        "osm_id": 1394509996,
        "power": "generator",
        "generator_source": "solar",
        "generator_method": "photovoltaic",
        "name": null,
        "operator": null,
        "location": null,
        "all_tags": {
          "generator:method": "photovoltaic",
          "generator:output:electricity": "yes",
          "generator:source": "solar",
          "generator:type": "solar_photovoltaic_panel",
          "note": "possibly refine to smaller panels if better imagery is available",
          "power": "generator"
        }
      }
    },
    {
      "type": "Feature",
      "geometry": {
        "type": "Point",
        "coordinates": [
          122.9932898,
          10.8075196
        ]
      },
      "properties": {
        "osm_type": "way",
        "osm_id": 1394509997,
        "power": "generator",
        "generator_source": "solar",
        "generator_method": "photovoltaic",
        "name": null,
        "operator": null,
        "location": null,
        "all_tags": {
          "generator:method": "photovoltaic",
          "generator:output:electricity": "yes",
          "generator:source": "solar",
          "generator:type": "solar_photovoltaic_panel",
          "note": "possibly refine to smaller panels if better imagery is available",
          "power": "generator"
        }
      }
    },
    {
      "type": "Feature",
      "geometry": {
        "type": "Point",
        "coordinates": [
          122.9931077,
          10.8075689
        ]
      },
      "properties": {
        "osm_type": "way",
        "osm_id": 1394509998,
        "power": "generator",
        "generator_source": "solar",
        "generator_method": "photovoltaic",
        "name": null,
        "operator": null,
        "location": null,
        "all_tags": {
          "generator:method": "photovoltaic",
          "generator:output:electricity": "yes",
          "generator:source": "solar",
          "generator:type": "solar_photovoltaic_panel",
          "note": "possibly refine to smaller panels if better imagery is available",
          "power": "generator"
        }
      }
    },
    {
      "type": "Feature",
      "geometry": {
        "type": "Point",
        "coordinates": [
          122.992835,
          10.807617
        ]
      },
      "properties": {
        "osm_type": "way",
        "osm_id": 1394509999,
        "power": "generator",
        "generator_source": "solar",
        "generator_method": "photovoltaic",
        "name": null,
        "operator": null,
        "location": null,
        "all_tags": {
          "generator:method": "photovoltaic",
          "generator:output:electricity": "yes",
          "generator:source": "solar",
          "generator:type": "solar_photovoltaic_panel",
          "note": "possibly refine to smaller panels if better imagery is available",
          "power": "generator"
        }
      }
    },
    {
      "type": "Feature",
      "geometry": {
        "type": "Point",
        "coordinates": [
          122.9932907,
          10.8074708
        ]
      },
      "properties": {
        "osm_type": "way",
        "osm_id": 1394510000,
        "power": "generator",
        "generator_source": "solar",
        "generator_method": "photovoltaic",
        "name": null,
        "operator": null,
        "location": null,
        "all_tags": {
          "generator:method": "photovoltaic",
          "generator:output:electricity": "yes",
          "generator:source": "solar",
          "generator:type": "solar_photovoltaic_panel",
          "note": "possibly refine to smaller panels if better imagery is available",
          "power": "generator"
        }
      }
    },
    {
      "type": "Feature",
      "geometry": {
        "type": "Point",
        "coordinates": [
          122.9928364,
          10.8077184
        ]
      },
      "properties": {
        "osm_type": "way",
        "osm_id": 1394510001,
        "power": "generator",
        "generator_source": "solar",
        "generator_method": "photovoltaic",
        "name": null,
        "operator": null,
        "location": null,
        "all_tags": {
          "generator:method": "photovoltaic",
          "generator:output:electricity": "yes",
          "generator:source": "solar",
          "generator:type": "solar_photovoltaic_panel",
          "note": "possibly refine to smaller panels if better imagery is available",
          "power": "generator"
        }
      }
    },
    {
      "type": "Feature",
      "geometry": {
        "type": "Point",
        "coordinates": [
          122.9928355,
          10.8077679
        ]
      },
      "properties": {
        "osm_type": "way",
        "osm_id": 1394510002,
        "power": "generator",
        "generator_source": "solar",
        "generator_method": "photovoltaic",
        "name": null,
        "operator": null,
        "location": null,
        "all_tags": {
          "generator:method": "photovoltaic",
          "generator:output:electricity": "yes",
          "generator:source": "solar",
          "generator:type": "solar_photovoltaic_panel",
          "note": "possibly refine to smaller panels if better imagery is available",
          "power": "generator"
        }
      }
    },
    {
      "type": "Feature",
      "geometry": {
        "type": "Point",
        "coordinates": [
          122.9928373,
          10.8076698
        ]
      },
      "properties": {
        "osm_type": "way",
        "osm_id": 1394510003,
        "power": "generator",
        "generator_source": "solar",
        "generator_method": "photovoltaic",
        "name": null,
        "operator": null,
        "location": null,
        "all_tags": {
          "generator:method": "photovoltaic",
          "generator:output:electricity": "yes",
          "generator:source": "solar",
          "generator:type": "solar_photovoltaic_panel",
          "note": "possibly refine to smaller panels if better imagery is available",
          "power": "generator"
        }
      }
    },
    {
      "type": "Feature",
      "geometry": {
        "type": "Point",
        "coordinates": [
          122.9928345,
          10.8078169
        ]
      },
      "properties": {
        "osm_type": "way",
        "osm_id": 1394510004,
        "power": "generator",
        "generator_source": "solar",
        "generator_method": "photovoltaic",
        "name": null,
        "operator": null,
        "location": null,
        "all_tags": {
          "generator:method": "photovoltaic",
          "generator:output:electricity": "yes",
          "generator:source": "solar",
          "generator:type": "solar_photovoltaic_panel",
          "note": "possibly refine to smaller panels if better imagery is available",
          "power": "generator"
        }
      }
    },
    {
      "type": "Feature",
      "geometry": {
        "type": "Point",
        "coordinates": [
          122.9928327,
          10.8079151
        ]
      },
      "properties": {
        "osm_type": "way",
        "osm_id": 1394510005,
        "power": "generator",
        "generator_source": "solar",
        "generator_method": "photovoltaic",
        "name": null,
        "operator": null,
        "location": null,
        "all_tags": {
          "generator:method": "photovoltaic",
          "generator:output:electricity": "yes",
          "generator:source": "solar",
          "generator:type": "solar_photovoltaic_panel",
          "note": "possibly refine to smaller panels if better imagery is available",
          "power": "generator"
        }
      }
    },
    {
      "type": "Feature",
      "geometry": {
        "type": "Point",
        "coordinates": [
          122.9928318,
          10.8079645
        ]
      },
      "properties": {
        "osm_type": "way",
        "osm_id": 1394510006,
        "power": "generator",
        "generator_source": "solar",
        "generator_method": "photovoltaic",
        "name": null,
        "operator": null,
        "location": null,
        "all_tags": {
          "generator:method": "photovoltaic",
          "generator:output:electricity": "yes",
          "generator:source": "solar",
          "generator:type": "solar_photovoltaic_panel",
          "note": "possibly refine to smaller panels if better imagery is available",
          "power": "generator"
        }
      }
    },
    {
      "type": "Feature",
      "geometry": {
        "type": "Point",
        "coordinates": [
          122.9928336,
          10.8078663
        ]
      },
      "properties": {
        "osm_type": "way",
        "osm_id": 1394510007,
        "power": "generator",
        "generator_source": "solar",
        "generator_method": "photovoltaic",
        "name": null,
        "operator": null,
        "location": null,
        "all_tags": {
          "generator:method": "photovoltaic",
          "generator:output:electricity": "yes",
          "generator:source": "solar",
          "generator:type": "solar_photovoltaic_panel",
          "note": "possibly refine to smaller panels if better imagery is available",
          "power": "generator"
        }
      }
    },
    {
      "type": "Feature",
      "geometry": {
        "type": "Point",
        "coordinates": [
          122.9928237,
          10.808403
        ]
      },
      "properties": {
        "osm_type": "way",
        "osm_id": 1394510008,
        "power": "generator",
        "generator_source": "solar",
        "generator_method": "photovoltaic",
        "name": null,
        "operator": null,
        "location": null,
        "all_tags": {
          "generator:method": "photovoltaic",
          "generator:output:electricity": "yes",
          "generator:source": "solar",
          "generator:type": "solar_photovoltaic_panel",
          "note": "possibly refine to smaller panels if better imagery is available",
          "power": "generator"
        }
      }
    },
    {
      "type": "Feature",
      "geometry": {
        "type": "Point",
        "coordinates": [
          122.9928255,
          10.8083055
        ]
      },
      "properties": {
        "osm_type": "way",
        "osm_id": 1394510009,
        "power": "generator",
        "generator_source": "solar",
        "generator_method": "photovoltaic",
        "name": null,
        "operator": null,
        "location": null,
        "all_tags": {
          "generator:method": "photovoltaic",
          "generator:output:electricity": "yes",
          "generator:source": "solar",
          "generator:type": "solar_photovoltaic_panel",
          "note": "possibly refine to smaller panels if better imagery is available",
          "power": "generator"
        }
      }
    },
    {
      "type": "Feature",
      "geometry": {
        "type": "Point",
        "coordinates": [
          122.9928273,
          10.8082074
        ]
      },
      "properties": {
        "osm_type": "way",
        "osm_id": 1394510010,
        "power": "generator",
        "generator_source": "solar",
        "generator_method": "photovoltaic",
        "name": null,
        "operator": null,
        "location": null,
        "all_tags": {
          "generator:method": "photovoltaic",
          "generator:output:electricity": "yes",
          "generator:source": "solar",
          "generator:type": "solar_photovoltaic_panel",
          "note": "possibly refine to smaller panels if better imagery is available",
          "power": "generator"
        }
      }
    },
    {
      "type": "Feature",
      "geometry": {
        "type": "Point",
        "coordinates": [
          122.9928246,
          10.8083549
        ]
      },
      "properties": {
        "osm_type": "way",
        "osm_id": 1394510011,
        "power": "generator",
        "generator_source": "solar",
        "generator_method": "photovoltaic",
        "name": null,
        "operator": null,
        "location": null,
        "all_tags": {
          "generator:method": "photovoltaic",
          "generator:output:electricity": "yes",
          "generator:source": "solar",
          "generator:type": "solar_photovoltaic_panel",
          "note": "possibly refine to smaller panels if better imagery is available",
          "power": "generator"
        }
      }
    },
    {
      "type": "Feature",
      "geometry": {
        "type": "Point",
        "coordinates": [
          122.9928264,
          10.8082567
        ]
      },
      "properties": {
        "osm_type": "way",
        "osm_id": 1394510012,
        "power": "generator",
        "generator_source": "solar",
        "generator_method": "photovoltaic",
        "name": null,
        "operator": null,
        "location": null,
        "all_tags": {
          "generator:method": "photovoltaic",
          "generator:output:electricity": "yes",
          "generator:source": "solar",
          "generator:type": "solar_photovoltaic_panel",
          "note": "possibly refine to smaller panels if better imagery is available",
          "power": "generator"
        }
      }
    },
    {
      "type": "Feature",
      "geometry": {
        "type": "Point",
        "coordinates": [
          122.9948767,
          10.8081058
        ]
      },
      "properties": {
        "osm_type": "way",
        "osm_id": 1394510013,
        "power": "generator",
        "generator_source": "solar",
        "generator_method": "photovoltaic",
        "name": null,
        "operator": null,
        "location": null,
        "all_tags": {
          "generator:method": "photovoltaic",
          "generator:output:electricity": "yes",
          "generator:source": "solar",
          "generator:type": "solar_photovoltaic_panel",
          "note": "possibly refine to smaller panels if better imagery is available",
          "power": "generator"
        }
      }
    },
    {
      "type": "Feature",
      "geometry": {
        "type": "Point",
        "coordinates": [
          122.9948758,
          10.8081551
        ]
      },
      "properties": {
        "osm_type": "way",
        "osm_id": 1394510014,
        "power": "generator",
        "generator_source": "solar",
        "generator_method": "photovoltaic",
        "name": null,
        "operator": null,
        "location": null,
        "all_tags": {
          "generator:method": "photovoltaic",
          "generator:output:electricity": "yes",
          "generator:source": "solar",
          "generator:type": "solar_photovoltaic_panel",
          "note": "possibly refine to smaller panels if better imagery is available",
          "power": "generator"
        }
      }
    },
    {
      "type": "Feature",
      "geometry": {
        "type": "Point",
        "coordinates": [
          122.994783,
          10.8080563
        ]
      },
      "properties": {
        "osm_type": "way",
        "osm_id": 1394510015,
        "power": "generator",
        "generator_source": "solar",
        "generator_method": "photovoltaic",
        "name": null,
        "operator": null,
        "location": null,
        "all_tags": {
          "generator:method": "photovoltaic",
          "generator:output:electricity": "yes",
          "generator:source": "solar",
          "generator:type": "solar_photovoltaic_panel",
          "note": "possibly refine to smaller panels if better imagery is available",
          "power": "generator"
        }
      }
    },
    {
      "type": "Feature",
      "geometry": {
        "type": "Point",
        "coordinates": [
          122.9947839,
          10.8080069
        ]
      },
      "properties": {
        "osm_type": "way",
        "osm_id": 1394510016,
        "power": "generator",
        "generator_source": "solar",
        "generator_method": "photovoltaic",
        "name": null,
        "operator": null,
        "location": null,
        "all_tags": {
          "generator:method": "photovoltaic",
          "generator:output:electricity": "yes",
          "generator:source": "solar",
          "generator:type": "solar_photovoltaic_panel",
          "note": "possibly refine to smaller panels if better imagery is available",
          "power": "generator"
        }
      }
    },
    {
      "type": "Feature",
      "geometry": {
        "type": "Point",
        "coordinates": [
          122.994513,
          10.8075169
        ]
      },
      "properties": {
        "osm_type": "way",
        "osm_id": 1394510017,
        "power": "generator",
        "generator_source": "solar",
        "generator_method": "photovoltaic",
        "name": null,
        "operator": null,
        "location": null,
        "all_tags": {
          "generator:method": "photovoltaic",
          "generator:output:electricity": "yes",
          "generator:source": "solar",
          "generator:type": "solar_photovoltaic_panel",
          "note": "possibly refine to smaller panels if better imagery is available",
          "power": "generator"
        }
      }
    },
    {
      "type": "Feature",
      "geometry": {
        "type": "Point",
        "coordinates": [
          122.9945121,
          10.8075663
        ]
      },
      "properties": {
        "osm_type": "way",
        "osm_id": 1394510018,
        "power": "generator",
        "generator_source": "solar",
        "generator_method": "photovoltaic",
        "name": null,
        "operator": null,
        "location": null,
        "all_tags": {
          "generator:method": "photovoltaic",
          "generator:output:electricity": "yes",
          "generator:source": "solar",
          "generator:type": "solar_photovoltaic_panel",
          "note": "possibly refine to smaller panels if better imagery is available",
          "power": "generator"
        }
      }
    },
    {
      "type": "Feature",
      "geometry": {
        "type": "Point",
        "coordinates": [
          122.9945112,
          10.8076144
        ]
      },
      "properties": {
        "osm_type": "way",
        "osm_id": 1394510019,
        "power": "generator",
        "generator_source": "solar",
        "generator_method": "photovoltaic",
        "name": null,
        "operator": null,
        "location": null,
        "all_tags": {
          "generator:method": "photovoltaic",
          "generator:output:electricity": "yes",
          "generator:source": "solar",
          "generator:type": "solar_photovoltaic_panel",
          "note": "possibly refine to smaller panels if better imagery is available",
          "power": "generator"
        }
      }
    },
    {
      "type": "Feature",
      "geometry": {
        "type": "Point",
        "coordinates": [
          122.994416,
          10.8074675
        ]
      },
      "properties": {
        "osm_type": "way",
        "osm_id": 1394510020,
        "power": "generator",
        "generator_source": "solar",
        "generator_method": "photovoltaic",
        "name": null,
        "operator": null,
        "location": null,
        "all_tags": {
          "generator:method": "photovoltaic",
          "generator:output:electricity": "yes",
          "generator:source": "solar",
          "generator:type": "solar_photovoltaic_panel",
          "note": "possibly refine to smaller panels if better imagery is available",
          "power": "generator"
        }
      }
    },
    {
      "type": "Feature",
      "geometry": {
        "type": "Point",
        "coordinates": [
          122.9945945,
          10.8077132
        ]
      },
      "properties": {
        "osm_type": "way",
        "osm_id": 1394510021,
        "power": "generator",
        "generator_source": "solar",
        "generator_method": "photovoltaic",
        "name": null,
        "operator": null,
        "location": null,
        "all_tags": {
          "generator:method": "photovoltaic",
          "generator:output:electricity": "yes",
          "generator:source": "solar",
          "generator:type": "solar_photovoltaic_panel",
          "note": "possibly refine to smaller panels if better imagery is available",
          "power": "generator"
        }
      }
    },
    {
      "type": "Feature",
      "geometry": {
        "type": "Point",
        "coordinates": [
          122.9946895,
          10.807764
        ]
      },
      "properties": {
        "osm_type": "way",
        "osm_id": 1394510022,
        "power": "generator",
        "generator_source": "solar",
        "generator_method": "photovoltaic",
        "name": null,
        "operator": null,
        "location": null,
        "all_tags": {
          "generator:method": "photovoltaic",
          "generator:output:electricity": "yes",
          "generator:source": "solar",
          "generator:type": "solar_photovoltaic_panel",
          "note": "possibly refine to smaller panels if better imagery is available",
          "power": "generator"
        }
      }
    },
    {
      "type": "Feature",
      "geometry": {
        "type": "Point",
        "coordinates": [
          122.9945069,
          10.8076625
        ]
      },
      "properties": {
        "osm_type": "way",
        "osm_id": 1394510023,
        "power": "generator",
        "generator_source": "solar",
        "generator_method": "photovoltaic",
        "name": null,
        "operator": null,
        "location": null,
        "all_tags": {
          "generator:method": "photovoltaic",
          "generator:output:electricity": "yes",
          "generator:source": "solar",
          "generator:type": "solar_photovoltaic_panel",
          "note": "possibly refine to smaller panels if better imagery is available",
          "power": "generator"
        }
      }
    },
    {
      "type": "Feature",
      "geometry": {
        "type": "Point",
        "coordinates": [
          122.9946886,
          10.807813
        ]
      },
      "properties": {
        "osm_type": "way",
        "osm_id": 1394510024,
        "power": "generator",
        "generator_source": "solar",
        "generator_method": "photovoltaic",
        "name": null,
        "operator": null,
        "location": null,
        "all_tags": {
          "generator:method": "photovoltaic",
          "generator:output:electricity": "yes",
          "generator:source": "solar",
          "generator:type": "solar_photovoltaic_panel",
          "note": "possibly refine to smaller panels if better imagery is available",
          "power": "generator"
        }
      }
    },
    {
      "type": "Feature",
      "geometry": {
        "type": "Point",
        "coordinates": [
          122.9947857,
          10.8079095
        ]
      },
      "properties": {
        "osm_type": "way",
        "osm_id": 1394510025,
        "power": "generator",
        "generator_source": "solar",
        "generator_method": "photovoltaic",
        "name": null,
        "operator": null,
        "location": null,
        "all_tags": {
          "generator:method": "photovoltaic",
          "generator:output:electricity": "yes",
          "generator:source": "solar",
          "generator:type": "solar_photovoltaic_panel",
          "note": "possibly refine to smaller panels if better imagery is available",
          "power": "generator"
        }
      }
    },
    {
      "type": "Feature",
      "geometry": {
        "type": "Point",
        "coordinates": [
          122.9947848,
          10.8079589
        ]
      },
      "properties": {
        "osm_type": "way",
        "osm_id": 1394510026,
        "power": "generator",
        "generator_source": "solar",
        "generator_method": "photovoltaic",
        "name": null,
        "operator": null,
        "location": null,
        "all_tags": {
          "generator:method": "photovoltaic",
          "generator:output:electricity": "yes",
          "generator:source": "solar",
          "generator:type": "solar_photovoltaic_panel",
          "note": "possibly refine to smaller panels if better imagery is available",
          "power": "generator"
        }
      }
    },
    {
      "type": "Feature",
      "geometry": {
        "type": "Point",
        "coordinates": [
          122.9947866,
          10.8078607
        ]
      },
      "properties": {
        "osm_type": "way",
        "osm_id": 1394510027,
        "power": "generator",
        "generator_source": "solar",
        "generator_method": "photovoltaic",
        "name": null,
        "operator": null,
        "location": null,
        "all_tags": {
          "generator:method": "photovoltaic",
          "generator:output:electricity": "yes",
          "generator:source": "solar",
          "generator:type": "solar_photovoltaic_panel",
          "note": "possibly refine to smaller panels if better imagery is available",
          "power": "generator"
        }
      }
    },
    {
      "type": "Feature",
      "geometry": {
        "type": "Point",
        "coordinates": [
          122.9948713,
          10.8083981
        ]
      },
      "properties": {
        "osm_type": "way",
        "osm_id": 1394510028,
        "power": "generator",
        "generator_source": "solar",
        "generator_method": "photovoltaic",
        "name": null,
        "operator": null,
        "location": null,
        "all_tags": {
          "generator:method": "photovoltaic",
          "generator:output:electricity": "yes",
          "generator:source": "solar",
          "generator:type": "solar_photovoltaic_panel",
          "note": "possibly refine to smaller panels if better imagery is available",
          "power": "generator"
        }
      }
    },
    {
      "type": "Feature",
      "geometry": {
        "type": "Point",
        "coordinates": [
          122.994873,
          10.8083005
        ]
      },
      "properties": {
        "osm_type": "way",
        "osm_id": 1394510029,
        "power": "generator",
        "generator_source": "solar",
        "generator_method": "photovoltaic",
        "name": null,
        "operator": null,
        "location": null,
        "all_tags": {
          "generator:method": "photovoltaic",
          "generator:output:electricity": "yes",
          "generator:source": "solar",
          "generator:type": "solar_photovoltaic_panel",
          "note": "possibly refine to smaller panels if better imagery is available",
          "power": "generator"
        }
      }
    },
    {
      "type": "Feature",
      "geometry": {
        "type": "Point",
        "coordinates": [
          122.9948749,
          10.8082024
        ]
      },
      "properties": {
        "osm_type": "way",
        "osm_id": 1394510030,
        "power": "generator",
        "generator_source": "solar",
        "generator_method": "photovoltaic",
        "name": null,
        "operator": null,
        "location": null,
        "all_tags": {
          "generator:method": "photovoltaic",
          "generator:output:electricity": "yes",
          "generator:source": "solar",
          "generator:type": "solar_photovoltaic_panel",
          "note": "possibly refine to smaller panels if better imagery is available",
          "power": "generator"
        }
      }
    },
    {
      "type": "Feature",
      "geometry": {
        "type": "Point",
        "coordinates": [
          122.9948721,
          10.80835
        ]
      },
      "properties": {
        "osm_type": "way",
        "osm_id": 1394510031,
        "power": "generator",
        "generator_source": "solar",
        "generator_method": "photovoltaic",
        "name": null,
        "operator": null,
        "location": null,
        "all_tags": {
          "generator:method": "photovoltaic",
          "generator:output:electricity": "yes",
          "generator:source": "solar",
          "generator:type": "solar_photovoltaic_panel",
          "note": "possibly refine to smaller panels if better imagery is available",
          "power": "generator"
        }
      }
    },
    {
      "type": "Feature",
      "geometry": {
        "type": "Point",
        "coordinates": [
          122.9948739,
          10.8082518
        ]
      },
      "properties": {
        "osm_type": "way",
        "osm_id": 1394510032,
        "power": "generator",
        "generator_source": "solar",
        "generator_method": "photovoltaic",
        "name": null,
        "operator": null,
        "location": null,
        "all_tags": {
          "generator:method": "photovoltaic",
          "generator:output:electricity": "yes",
          "generator:source": "solar",
          "generator:type": "solar_photovoltaic_panel",
          "note": "possibly refine to smaller panels if better imagery is available",
          "power": "generator"
        }
      }
    },
    {
      "type": "Feature",
      "geometry": {
        "type": "Point",
        "coordinates": [
          122.9945947,
          10.806792
        ]
      },
      "properties": {
        "osm_type": "way",
        "osm_id": 1394510033,
        "power": "generator",
        "generator_source": "solar",
        "generator_method": "photovoltaic",
        "name": null,
        "operator": null,
        "location": null,
        "all_tags": {
          "generator:method": "photovoltaic",
          "generator:output:electricity": "yes",
          "generator:source": "solar",
          "generator:type": "solar_photovoltaic_panel",
          "note": "possibly refine to smaller panels if better imagery is available",
          "power": "generator"
        }
      }
    },
    {
      "type": "Feature",
      "geometry": {
        "type": "Point",
        "coordinates": [
          122.9945938,
          10.8068415
        ]
      },
      "properties": {
        "osm_type": "way",
        "osm_id": 1394510034,
        "power": "generator",
        "generator_source": "solar",
        "generator_method": "photovoltaic",
        "name": null,
        "operator": null,
        "location": null,
        "all_tags": {
          "generator:method": "photovoltaic",
          "generator:output:electricity": "yes",
          "generator:source": "solar",
          "generator:type": "solar_photovoltaic_panel",
          "note": "possibly refine to smaller panels if better imagery is available",
          "power": "generator"
        }
      }
    },
    {
      "type": "Feature",
      "geometry": {
        "type": "Point",
        "coordinates": [
          122.9945956,
          10.8067433
        ]
      },
      "properties": {
        "osm_type": "way",
        "osm_id": 1394510035,
        "power": "generator",
        "generator_source": "solar",
        "generator_method": "photovoltaic",
        "name": null,
        "operator": null,
        "location": null,
        "all_tags": {
          "generator:method": "photovoltaic",
          "generator:output:electricity": "yes",
          "generator:source": "solar",
          "generator:type": "solar_photovoltaic_panel",
          "note": "possibly refine to smaller panels if better imagery is available",
          "power": "generator"
        }
      }
    },
    {
      "type": "Feature",
      "geometry": {
        "type": "Point",
        "coordinates": [
          122.9946871,
          10.8066913
        ]
      },
      "properties": {
        "osm_type": "way",
        "osm_id": 1394510036,
        "power": "generator",
        "generator_source": "solar",
        "generator_method": "photovoltaic",
        "name": null,
        "operator": null,
        "location": null,
        "all_tags": {
          "generator:method": "photovoltaic",
          "generator:output:electricity": "yes",
          "generator:source": "solar",
          "generator:type": "solar_photovoltaic_panel",
          "note": "possibly refine to smaller panels if better imagery is available",
          "power": "generator"
        }
      }
    },
    {
      "type": "Feature",
      "geometry": {
        "type": "Point",
        "coordinates": [
          122.9951521,
          10.8062029
        ]
      },
      "properties": {
        "osm_type": "way",
        "osm_id": 1394510037,
        "power": "generator",
        "generator_source": "solar",
        "generator_method": "photovoltaic",
        "name": null,
        "operator": null,
        "location": null,
        "all_tags": {
          "generator:method": "photovoltaic",
          "generator:output:electricity": "yes",
          "generator:source": "solar",
          "generator:type": "solar_photovoltaic_panel",
          "note": "possibly refine to smaller panels if better imagery is available",
          "power": "generator"
        }
      }
    },
    {
      "type": "Feature",
      "geometry": {
        "type": "Point",
        "coordinates": [
          122.9950584,
          10.8062521
        ]
      },
      "properties": {
        "osm_type": "way",
        "osm_id": 1394510038,
        "power": "generator",
        "generator_source": "solar",
        "generator_method": "photovoltaic",
        "name": null,
        "operator": null,
        "location": null,
        "all_tags": {
          "generator:method": "photovoltaic",
          "generator:output:electricity": "yes",
          "generator:source": "solar",
          "generator:type": "solar_photovoltaic_panel",
          "note": "possibly refine to smaller panels if better imagery is available",
          "power": "generator"
        }
      }
    },
    {
      "type": "Feature",
      "geometry": {
        "type": "Point",
        "coordinates": [
          122.9949735,
          10.8063
        ]
      },
      "properties": {
        "osm_type": "way",
        "osm_id": 1394510039,
        "power": "generator",
        "generator_source": "solar",
        "generator_method": "photovoltaic",
        "name": null,
        "operator": null,
        "location": null,
        "all_tags": {
          "generator:method": "photovoltaic",
          "generator:output:electricity": "yes",
          "generator:source": "solar",
          "generator:type": "solar_photovoltaic_panel",
          "note": "possibly refine to smaller panels if better imagery is available",
          "power": "generator"
        }
      }
    },
    {
      "type": "Feature",
      "geometry": {
        "type": "Point",
        "coordinates": [
          122.9951538,
          10.8061542
        ]
      },
      "properties": {
        "osm_type": "way",
        "osm_id": 1394510040,
        "power": "generator",
        "generator_source": "solar",
        "generator_method": "photovoltaic",
        "name": null,
        "operator": null,
        "location": null,
        "all_tags": {
          "generator:method": "photovoltaic",
          "generator:output:electricity": "yes",
          "generator:source": "solar",
          "generator:type": "solar_photovoltaic_panel",
          "note": "possibly refine to smaller panels if better imagery is available",
          "power": "generator"
        }
      }
    },
    {
      "type": "Feature",
      "geometry": {
        "type": "Point",
        "coordinates": [
          122.9947841,
          10.8063978
        ]
      },
      "properties": {
        "osm_type": "way",
        "osm_id": 1394510041,
        "power": "generator",
        "generator_source": "solar",
        "generator_method": "photovoltaic",
        "name": null,
        "operator": null,
        "location": null,
        "all_tags": {
          "generator:method": "photovoltaic",
          "generator:output:electricity": "yes",
          "generator:source": "solar",
          "generator:type": "solar_photovoltaic_panel",
          "note": "possibly refine to smaller panels if better imagery is available",
          "power": "generator"
        }
      }
    },
    {
      "type": "Feature",
      "geometry": {
        "type": "Point",
        "coordinates": [
          122.9946938,
          10.806447
        ]
      },
      "properties": {
        "osm_type": "way",
        "osm_id": 1394510042,
        "power": "generator",
        "generator_source": "solar",
        "generator_method": "photovoltaic",
        "name": null,
        "operator": null,
        "location": null,
        "all_tags": {
          "generator:method": "photovoltaic",
          "generator:output:electricity": "yes",
          "generator:source": "solar",
          "generator:type": "solar_photovoltaic_panel",
          "note": "possibly refine to smaller panels if better imagery is available",
          "power": "generator"
        }
      }
    },
    {
      "type": "Feature",
      "geometry": {
        "type": "Point",
        "coordinates": [
          122.9948771,
          10.8063492
        ]
      },
      "properties": {
        "osm_type": "way",
        "osm_id": 1394510043,
        "power": "generator",
        "generator_source": "solar",
        "generator_method": "photovoltaic",
        "name": null,
        "operator": null,
        "location": null,
        "all_tags": {
          "generator:method": "photovoltaic",
          "generator:output:electricity": "yes",
          "generator:source": "solar",
          "generator:type": "solar_photovoltaic_panel",
          "note": "possibly refine to smaller panels if better imagery is available",
          "power": "generator"
        }
      }
    },
    {
      "type": "Feature",
      "geometry": {
        "type": "Point",
        "coordinates": [
          122.9946903,
          10.8064958
        ]
      },
      "properties": {
        "osm_type": "way",
        "osm_id": 1394510044,
        "power": "generator",
        "generator_source": "solar",
        "generator_method": "photovoltaic",
        "name": null,
        "operator": null,
        "location": null,
        "all_tags": {
          "generator:method": "photovoltaic",
          "generator:output:electricity": "yes",
          "generator:source": "solar",
          "generator:type": "solar_photovoltaic_panel",
          "note": "possibly refine to smaller panels if better imagery is available",
          "power": "generator"
        }
      }
    },
    {
      "type": "Feature",
      "geometry": {
        "type": "Point",
        "coordinates": [
          122.9946888,
          10.8065937
        ]
      },
      "properties": {
        "osm_type": "way",
        "osm_id": 1394510045,
        "power": "generator",
        "generator_source": "solar",
        "generator_method": "photovoltaic",
        "name": null,
        "operator": null,
        "location": null,
        "all_tags": {
          "generator:method": "photovoltaic",
          "generator:output:electricity": "yes",
          "generator:source": "solar",
          "generator:type": "solar_photovoltaic_panel",
          "note": "possibly refine to smaller panels if better imagery is available",
          "power": "generator"
        }
      }
    },
    {
      "type": "Feature",
      "geometry": {
        "type": "Point",
        "coordinates": [
          122.9946879,
          10.8066432
        ]
      },
      "properties": {
        "osm_type": "way",
        "osm_id": 1394510046,
        "power": "generator",
        "generator_source": "solar",
        "generator_method": "photovoltaic",
        "name": null,
        "operator": null,
        "location": null,
        "all_tags": {
          "generator:method": "photovoltaic",
          "generator:output:electricity": "yes",
          "generator:source": "solar",
          "generator:type": "solar_photovoltaic_panel",
          "note": "possibly refine to smaller panels if better imagery is available",
          "power": "generator"
        }
      }
    },
    {
      "type": "Feature",
      "geometry": {
        "type": "Point",
        "coordinates": [
          122.9946897,
          10.8065451
        ]
      },
      "properties": {
        "osm_type": "way",
        "osm_id": 1394510047,
        "power": "generator",
        "generator_source": "solar",
        "generator_method": "photovoltaic",
        "name": null,
        "operator": null,
        "location": null,
        "all_tags": {
          "generator:method": "photovoltaic",
          "generator:output:electricity": "yes",
          "generator:source": "solar",
          "generator:type": "solar_photovoltaic_panel",
          "note": "possibly refine to smaller panels if better imagery is available",
          "power": "generator"
        }
      }
    },
    {
      "type": "Feature",
      "geometry": {
        "type": "Point",
        "coordinates": [
          122.9948669,
          10.8069865
        ]
      },
      "properties": {
        "osm_type": "way",
        "osm_id": 1394510048,
        "power": "generator",
        "generator_source": "solar",
        "generator_method": "photovoltaic",
        "name": null,
        "operator": null,
        "location": null,
        "all_tags": {
          "generator:method": "photovoltaic",
          "generator:output:electricity": "yes",
          "generator:source": "solar",
          "generator:type": "solar_photovoltaic_panel",
          "note": "possibly refine to smaller panels if better imagery is available",
          "power": "generator"
        }
      }
    },
    {
      "type": "Feature",
      "geometry": {
        "type": "Point",
        "coordinates": [
          122.9945929,
          10.8068887
        ]
      },
      "properties": {
        "osm_type": "way",
        "osm_id": 1394510049,
        "power": "generator",
        "generator_source": "solar",
        "generator_method": "photovoltaic",
        "name": null,
        "operator": null,
        "location": null,
        "all_tags": {
          "generator:method": "photovoltaic",
          "generator:output:electricity": "yes",
          "generator:source": "solar",
          "generator:type": "solar_photovoltaic_panel",
          "note": "possibly refine to smaller panels if better imagery is available",
          "power": "generator"
        }
      }
    },
    {
      "type": "Feature",
      "geometry": {
        "type": "Point",
        "coordinates": [
          122.9950495,
          10.8070357
        ]
      },
      "properties": {
        "osm_type": "way",
        "osm_id": 1394510050,
        "power": "generator",
        "generator_source": "solar",
        "generator_method": "photovoltaic",
        "name": null,
        "operator": null,
        "location": null,
        "all_tags": {
          "generator:method": "photovoltaic",
          "generator:output:electricity": "yes",
          "generator:source": "solar",
          "generator:type": "solar_photovoltaic_panel",
          "note": "possibly refine to smaller panels if better imagery is available",
          "power": "generator"
        }
      }
    },
    {
      "type": "Feature",
      "geometry": {
        "type": "Point",
        "coordinates": [
          122.994592,
          10.8069381
        ]
      },
      "properties": {
        "osm_type": "way",
        "osm_id": 1394510051,
        "power": "generator",
        "generator_source": "solar",
        "generator_method": "photovoltaic",
        "name": null,
        "operator": null,
        "location": null,
        "all_tags": {
          "generator:method": "photovoltaic",
          "generator:output:electricity": "yes",
          "generator:source": "solar",
          "generator:type": "solar_photovoltaic_panel",
          "note": "possibly refine to smaller panels if better imagery is available",
          "power": "generator"
        }
      }
    },
    {
      "type": "Feature",
      "geometry": {
        "type": "Point",
        "coordinates": [
          122.9934777,
          10.806598
        ]
      },
      "properties": {
        "osm_type": "way",
        "osm_id": 1394510052,
        "power": "generator",
        "generator_source": "solar",
        "generator_method": "photovoltaic",
        "name": null,
        "operator": null,
        "location": null,
        "all_tags": {
          "generator:method": "photovoltaic",
          "generator:output:electricity": "yes",
          "generator:source": "solar",
          "generator:type": "solar_photovoltaic_panel",
          "note": "possibly refine to smaller panels if better imagery is available",
          "power": "generator"
        }
      }
    },
    {
      "type": "Feature",
      "geometry": {
        "type": "Point",
        "coordinates": [
          122.9933834,
          10.8066471
        ]
      },
      "properties": {
        "osm_type": "way",
        "osm_id": 1394510053,
        "power": "generator",
        "generator_source": "solar",
        "generator_method": "photovoltaic",
        "name": null,
        "operator": null,
        "location": null,
        "all_tags": {
          "generator:method": "photovoltaic",
          "generator:output:electricity": "yes",
          "generator:source": "solar",
          "generator:type": "solar_photovoltaic_panel",
          "note": "possibly refine to smaller panels if better imagery is available",
          "power": "generator"
        }
      }
    },
    {
      "type": "Feature",
      "geometry": {
        "type": "Point",
        "coordinates": [
          122.9932923,
          10.8066951
        ]
      },
      "properties": {
        "osm_type": "way",
        "osm_id": 1394510054,
        "power": "generator",
        "generator_source": "solar",
        "generator_method": "photovoltaic",
        "name": null,
        "operator": null,
        "location": null,
        "all_tags": {
          "generator:method": "photovoltaic",
          "generator:output:electricity": "yes",
          "generator:source": "solar",
          "generator:type": "solar_photovoltaic_panel",
          "note": "possibly refine to smaller panels if better imagery is available",
          "power": "generator"
        }
      }
    },
    {
      "type": "Feature",
      "geometry": {
        "type": "Point",
        "coordinates": [
          122.9936599,
          10.8065496
        ]
      },
      "properties": {
        "osm_type": "way",
        "osm_id": 1394510055,
        "power": "generator",
        "generator_source": "solar",
        "generator_method": "photovoltaic",
        "name": null,
        "operator": null,
        "location": null,
        "all_tags": {
          "generator:method": "photovoltaic",
          "generator:output:electricity": "yes",
          "generator:source": "solar",
          "generator:type": "solar_photovoltaic_panel",
          "note": "possibly refine to smaller panels if better imagery is available",
          "power": "generator"
        }
      }
    },
    {
      "type": "Feature",
      "geometry": {
        "type": "Point",
        "coordinates": [
          122.9932005,
          10.806793
        ]
      },
      "properties": {
        "osm_type": "way",
        "osm_id": 1394510056,
        "power": "generator",
        "generator_source": "solar",
        "generator_method": "photovoltaic",
        "name": null,
        "operator": null,
        "location": null,
        "all_tags": {
          "generator:method": "photovoltaic",
          "generator:output:electricity": "yes",
          "generator:source": "solar",
          "generator:type": "solar_photovoltaic_panel",
          "note": "possibly refine to smaller panels if better imagery is available",
          "power": "generator"
        }
      }
    },
    {
      "type": "Feature",
      "geometry": {
        "type": "Point",
        "coordinates": [
          122.9930141,
          10.8068419
        ]
      },
      "properties": {
        "osm_type": "way",
        "osm_id": 1394510057,
        "power": "generator",
        "generator_source": "solar",
        "generator_method": "photovoltaic",
        "name": null,
        "operator": null,
        "location": null,
        "all_tags": {
          "generator:method": "photovoltaic",
          "generator:output:electricity": "yes",
          "generator:source": "solar",
          "generator:type": "solar_photovoltaic_panel",
          "note": "possibly refine to smaller panels if better imagery is available",
          "power": "generator"
        }
      }
    },
    {
      "type": "Feature",
      "geometry": {
        "type": "Point",
        "coordinates": [
          122.9932013,
          10.8067443
        ]
      },
      "properties": {
        "osm_type": "way",
        "osm_id": 1394510058,
        "power": "generator",
        "generator_source": "solar",
        "generator_method": "photovoltaic",
        "name": null,
        "operator": null,
        "location": null,
        "all_tags": {
          "generator:method": "photovoltaic",
          "generator:output:electricity": "yes",
          "generator:source": "solar",
          "generator:type": "solar_photovoltaic_panel",
          "note": "possibly refine to smaller panels if better imagery is available",
          "power": "generator"
        }
      }
    },
    {
      "type": "Feature",
      "geometry": {
        "type": "Point",
        "coordinates": [
          122.9929251,
          10.8068908
        ]
      },
      "properties": {
        "osm_type": "way",
        "osm_id": 1394510059,
        "power": "generator",
        "generator_source": "solar",
        "generator_method": "photovoltaic",
        "name": null,
        "operator": null,
        "location": null,
        "all_tags": {
          "generator:method": "photovoltaic",
          "generator:output:electricity": "yes",
          "generator:source": "solar",
          "generator:type": "solar_photovoltaic_panel",
          "note": "possibly refine to smaller panels if better imagery is available",
          "power": "generator"
        }
      }
    },
    {
      "type": "Feature",
      "geometry": {
        "type": "Point",
        "coordinates": [
          122.9929232,
          10.8069889
        ]
      },
      "properties": {
        "osm_type": "way",
        "osm_id": 1394510060,
        "power": "generator",
        "generator_source": "solar",
        "generator_method": "photovoltaic",
        "name": null,
        "operator": null,
        "location": null,
        "all_tags": {
          "generator:method": "photovoltaic",
          "generator:output:electricity": "yes",
          "generator:source": "solar",
          "generator:type": "solar_photovoltaic_panel",
          "note": "possibly refine to smaller panels if better imagery is available",
          "power": "generator"
        }
      }
    },
    {
      "type": "Feature",
      "geometry": {
        "type": "Point",
        "coordinates": [
          122.9927473,
          10.807038
        ]
      },
      "properties": {
        "osm_type": "way",
        "osm_id": 1394510061,
        "power": "generator",
        "generator_source": "solar",
        "generator_method": "photovoltaic",
        "name": null,
        "operator": null,
        "location": null,
        "all_tags": {
          "generator:method": "photovoltaic",
          "generator:output:electricity": "yes",
          "generator:source": "solar",
          "generator:type": "solar_photovoltaic_panel",
          "note": "possibly refine to smaller panels if better imagery is available",
          "power": "generator"
        }
      }
    },
    {
      "type": "Feature",
      "geometry": {
        "type": "Point",
        "coordinates": [
          122.9929241,
          10.8069403
        ]
      },
      "properties": {
        "osm_type": "way",
        "osm_id": 1394510062,
        "power": "generator",
        "generator_source": "solar",
        "generator_method": "photovoltaic",
        "name": null,
        "operator": null,
        "location": null,
        "all_tags": {
          "generator:method": "photovoltaic",
          "generator:output:electricity": "yes",
          "generator:source": "solar",
          "generator:type": "solar_photovoltaic_panel",
          "note": "possibly refine to smaller panels if better imagery is available",
          "power": "generator"
        }
      }
    },
    {
      "type": "Feature",
      "geometry": {
        "type": "Point",
        "coordinates": [
          122.9917315,
          10.8044989
        ]
      },
      "properties": {
        "osm_type": "way",
        "osm_id": 1394510063,
        "power": "generator",
        "generator_source": "solar",
        "generator_method": "photovoltaic",
        "name": null,
        "operator": null,
        "location": null,
        "all_tags": {
          "generator:method": "photovoltaic",
          "generator:output:electricity": "yes",
          "generator:source": "solar",
          "generator:type": "solar_photovoltaic_panel",
          "note": "possibly refine to smaller panels if better imagery is available",
          "power": "generator"
        }
      }
    },
    {
      "type": "Feature",
      "geometry": {
        "type": "Point",
        "coordinates": [
          122.9917306,
          10.8045483
        ]
      },
      "properties": {
        "osm_type": "way",
        "osm_id": 1394510064,
        "power": "generator",
        "generator_source": "solar",
        "generator_method": "photovoltaic",
        "name": null,
        "operator": null,
        "location": null,
        "all_tags": {
          "generator:method": "photovoltaic",
          "generator:output:electricity": "yes",
          "generator:source": "solar",
          "generator:type": "solar_photovoltaic_panel",
          "note": "possibly refine to smaller panels if better imagery is available",
          "power": "generator"
        }
      }
    },
    {
      "type": "Feature",
      "geometry": {
        "type": "Point",
        "coordinates": [
          122.9917324,
          10.8044502
        ]
      },
      "properties": {
        "osm_type": "way",
        "osm_id": 1394510065,
        "power": "generator",
        "generator_source": "solar",
        "generator_method": "photovoltaic",
        "name": null,
        "operator": null,
        "location": null,
        "all_tags": {
          "generator:method": "photovoltaic",
          "generator:output:electricity": "yes",
          "generator:source": "solar",
          "generator:type": "solar_photovoltaic_panel",
          "note": "possibly refine to smaller panels if better imagery is available",
          "power": "generator"
        }
      }
    },
    {
      "type": "Feature",
      "geometry": {
        "type": "Point",
        "coordinates": [
          122.9917297,
          10.8045964
        ]
      },
      "properties": {
        "osm_type": "way",
        "osm_id": 1394510066,
        "power": "generator",
        "generator_source": "solar",
        "generator_method": "photovoltaic",
        "name": null,
        "operator": null,
        "location": null,
        "all_tags": {
          "generator:method": "photovoltaic",
          "generator:output:electricity": "yes",
          "generator:source": "solar",
          "generator:type": "solar_photovoltaic_panel",
          "note": "possibly refine to smaller panels if better imagery is available",
          "power": "generator"
        }
      }
    },
    {
      "type": "Feature",
      "geometry": {
        "type": "Point",
        "coordinates": [
          122.9917279,
          10.8046945
        ]
      },
      "properties": {
        "osm_type": "way",
        "osm_id": 1394510067,
        "power": "generator",
        "generator_source": "solar",
        "generator_method": "photovoltaic",
        "name": null,
        "operator": null,
        "location": null,
        "all_tags": {
          "generator:method": "photovoltaic",
          "generator:output:electricity": "yes",
          "generator:source": "solar",
          "generator:type": "solar_photovoltaic_panel",
          "note": "possibly refine to smaller panels if better imagery is available",
          "power": "generator"
        }
      }
    },
    {
      "type": "Feature",
      "geometry": {
        "type": "Point",
        "coordinates": [
          122.991727,
          10.8047439
        ]
      },
      "properties": {
        "osm_type": "way",
        "osm_id": 1394510068,
        "power": "generator",
        "generator_source": "solar",
        "generator_method": "photovoltaic",
        "name": null,
        "operator": null,
        "location": null,
        "all_tags": {
          "generator:method": "photovoltaic",
          "generator:output:electricity": "yes",
          "generator:source": "solar",
          "generator:type": "solar_photovoltaic_panel",
          "note": "possibly refine to smaller panels if better imagery is available",
          "power": "generator"
        }
      }
    },
    {
      "type": "Feature",
      "geometry": {
        "type": "Point",
        "coordinates": [
          122.9917288,
          10.8046458
        ]
      },
      "properties": {
        "osm_type": "way",
        "osm_id": 1394510069,
        "power": "generator",
        "generator_source": "solar",
        "generator_method": "photovoltaic",
        "name": null,
        "operator": null,
        "location": null,
        "all_tags": {
          "generator:method": "photovoltaic",
          "generator:output:electricity": "yes",
          "generator:source": "solar",
          "generator:type": "solar_photovoltaic_panel",
          "note": "possibly refine to smaller panels if better imagery is available",
          "power": "generator"
        }
      }
    },
    {
      "type": "Feature",
      "geometry": {
        "type": "Point",
        "coordinates": [
          122.9917261,
          10.804793
        ]
      },
      "properties": {
        "osm_type": "way",
        "osm_id": 1394510070,
        "power": "generator",
        "generator_source": "solar",
        "generator_method": "photovoltaic",
        "name": null,
        "operator": null,
        "location": null,
        "all_tags": {
          "generator:method": "photovoltaic",
          "generator:output:electricity": "yes",
          "generator:source": "solar",
          "generator:type": "solar_photovoltaic_panel",
          "note": "possibly refine to smaller panels if better imagery is available",
          "power": "generator"
        }
      }
    },
    {
      "type": "Feature",
      "geometry": {
        "type": "Point",
        "coordinates": [
          122.9917243,
          10.8048911
        ]
      },
      "properties": {
        "osm_type": "way",
        "osm_id": 1394510071,
        "power": "generator",
        "generator_source": "solar",
        "generator_method": "photovoltaic",
        "name": null,
        "operator": null,
        "location": null,
        "all_tags": {
          "generator:method": "photovoltaic",
          "generator:output:electricity": "yes",
          "generator:source": "solar",
          "generator:type": "solar_photovoltaic_panel",
          "note": "possibly refine to smaller panels if better imagery is available",
          "power": "generator"
        }
      }
    },
    {
      "type": "Feature",
      "geometry": {
        "type": "Point",
        "coordinates": [
          122.9917234,
          10.8049406
        ]
      },
      "properties": {
        "osm_type": "way",
        "osm_id": 1394510072,
        "power": "generator",
        "generator_source": "solar",
        "generator_method": "photovoltaic",
        "name": null,
        "operator": null,
        "location": null,
        "all_tags": {
          "generator:method": "photovoltaic",
          "generator:output:electricity": "yes",
          "generator:source": "solar",
          "generator:type": "solar_photovoltaic_panel",
          "note": "possibly refine to smaller panels if better imagery is available",
          "power": "generator"
        }
      }
    },
    {
      "type": "Feature",
      "geometry": {
        "type": "Point",
        "coordinates": [
          122.9917252,
          10.8048424
        ]
      },
      "properties": {
        "osm_type": "way",
        "osm_id": 1394510073,
        "power": "generator",
        "generator_source": "solar",
        "generator_method": "photovoltaic",
        "name": null,
        "operator": null,
        "location": null,
        "all_tags": {
          "generator:method": "photovoltaic",
          "generator:output:electricity": "yes",
          "generator:source": "solar",
          "generator:type": "solar_photovoltaic_panel",
          "note": "possibly refine to smaller panels if better imagery is available",
          "power": "generator"
        }
      }
    },
    {
      "type": "Feature",
      "geometry": {
        "type": "Point",
        "coordinates": [
          122.9917189,
          10.8051834
        ]
      },
      "properties": {
        "osm_type": "way",
        "osm_id": 1394510074,
        "power": "generator",
        "generator_source": "solar",
        "generator_method": "photovoltaic",
        "name": null,
        "operator": null,
        "location": null,
        "all_tags": {
          "generator:method": "photovoltaic",
          "generator:output:electricity": "yes",
          "generator:source": "solar",
          "generator:type": "solar_photovoltaic_panel",
          "note": "possibly refine to smaller panels if better imagery is available",
          "power": "generator"
        }
      }
    },
    {
      "type": "Feature",
      "geometry": {
        "type": "Point",
        "coordinates": [
          122.9917171,
          10.8052816
        ]
      },
      "properties": {
        "osm_type": "way",
        "osm_id": 1394510075,
        "power": "generator",
        "generator_source": "solar",
        "generator_method": "photovoltaic",
        "name": null,
        "operator": null,
        "location": null,
        "all_tags": {
          "generator:method": "photovoltaic",
          "generator:output:electricity": "yes",
          "generator:source": "solar",
          "generator:type": "solar_photovoltaic_panel",
          "note": "possibly refine to smaller panels if better imagery is available",
          "power": "generator"
        }
      }
    },
    {
      "type": "Feature",
      "geometry": {
        "type": "Point",
        "coordinates": [
          122.9916622,
          10.8053307
        ]
      },
      "properties": {
        "osm_type": "way",
        "osm_id": 1394510076,
        "power": "generator",
        "generator_source": "solar",
        "generator_method": "photovoltaic",
        "name": null,
        "operator": null,
        "location": null,
        "all_tags": {
          "generator:method": "photovoltaic",
          "generator:output:electricity": "yes",
          "generator:source": "solar",
          "generator:type": "solar_photovoltaic_panel",
          "note": "possibly refine to smaller panels if better imagery is available",
          "power": "generator"
        }
      }
    },
    {
      "type": "Feature",
      "geometry": {
        "type": "Point",
        "coordinates": [
          122.991718,
          10.8052328
        ]
      },
      "properties": {
        "osm_type": "way",
        "osm_id": 1394510077,
        "power": "generator",
        "generator_source": "solar",
        "generator_method": "photovoltaic",
        "name": null,
        "operator": null,
        "location": null,
        "all_tags": {
          "generator:method": "photovoltaic",
          "generator:output:electricity": "yes",
          "generator:source": "solar",
          "generator:type": "solar_photovoltaic_panel",
          "note": "possibly refine to smaller panels if better imagery is available",
          "power": "generator"
        }
      }
    },
    {
      "type": "Feature",
      "geometry": {
        "type": "Point",
        "coordinates": [
          122.9916614,
          10.8053788
        ]
      },
      "properties": {
        "osm_type": "way",
        "osm_id": 1394510078,
        "power": "generator",
        "generator_source": "solar",
        "generator_method": "photovoltaic",
        "name": null,
        "operator": null,
        "location": null,
        "all_tags": {
          "generator:method": "photovoltaic",
          "generator:output:electricity": "yes",
          "generator:source": "solar",
          "generator:type": "solar_photovoltaic_panel",
          "note": "possibly refine to smaller panels if better imagery is available",
          "power": "generator"
        }
      }
    },
    {
      "type": "Feature",
      "geometry": {
        "type": "Point",
        "coordinates": [
          122.9916604,
          10.8054281
        ]
      },
      "properties": {
        "osm_type": "way",
        "osm_id": 1394510079,
        "power": "generator",
        "generator_source": "solar",
        "generator_method": "photovoltaic",
        "name": null,
        "operator": null,
        "location": null,
        "all_tags": {
          "generator:method": "photovoltaic",
          "generator:output:electricity": "yes",
          "generator:source": "solar",
          "generator:type": "solar_photovoltaic_panel",
          "note": "possibly refine to smaller panels if better imagery is available",
          "power": "generator"
        }
      }
    },
    {
      "type": "Feature",
      "geometry": {
        "type": "Point",
        "coordinates": [
          122.9917207,
          10.8050868
        ]
      },
      "properties": {
        "osm_type": "way",
        "osm_id": 1394510080,
        "power": "generator",
        "generator_source": "solar",
        "generator_method": "photovoltaic",
        "name": null,
        "operator": null,
        "location": null,
        "all_tags": {
          "generator:method": "photovoltaic",
          "generator:output:electricity": "yes",
          "generator:source": "solar",
          "generator:type": "solar_photovoltaic_panel",
          "note": "possibly refine to smaller panels if better imagery is available",
          "power": "generator"
        }
      }
    },
    {
      "type": "Feature",
      "geometry": {
        "type": "Point",
        "coordinates": [
          122.9917198,
          10.8051362
        ]
      },
      "properties": {
        "osm_type": "way",
        "osm_id": 1394510081,
        "power": "generator",
        "generator_source": "solar",
        "generator_method": "photovoltaic",
        "name": null,
        "operator": null,
        "location": null,
        "all_tags": {
          "generator:method": "photovoltaic",
          "generator:output:electricity": "yes",
          "generator:source": "solar",
          "generator:type": "solar_photovoltaic_panel",
          "note": "possibly refine to smaller panels if better imagery is available",
          "power": "generator"
        }
      }
    },
    {
      "type": "Feature",
      "geometry": {
        "type": "Point",
        "coordinates": [
          122.9917216,
          10.805038
        ]
      },
      "properties": {
        "osm_type": "way",
        "osm_id": 1394510082,
        "power": "generator",
        "generator_source": "solar",
        "generator_method": "photovoltaic",
        "name": null,
        "operator": null,
        "location": null,
        "all_tags": {
          "generator:method": "photovoltaic",
          "generator:output:electricity": "yes",
          "generator:source": "solar",
          "generator:type": "solar_photovoltaic_panel",
          "note": "possibly refine to smaller panels if better imagery is available",
          "power": "generator"
        }
      }
    },
    {
      "type": "Feature",
      "geometry": {
        "type": "Point",
        "coordinates": [
          122.9917225,
          10.8049886
        ]
      },
      "properties": {
        "osm_type": "way",
        "osm_id": 1394510083,
        "power": "generator",
        "generator_source": "solar",
        "generator_method": "photovoltaic",
        "name": null,
        "operator": null,
        "location": null,
        "all_tags": {
          "generator:method": "photovoltaic",
          "generator:output:electricity": "yes",
          "generator:source": "solar",
          "generator:type": "solar_photovoltaic_panel",
          "note": "possibly refine to smaller panels if better imagery is available",
          "power": "generator"
        }
      }
    },
    {
      "type": "Feature",
      "geometry": {
        "type": "Point",
        "coordinates": [
          122.991758,
          10.8056213
        ]
      },
      "properties": {
        "osm_type": "way",
        "osm_id": 1394510084,
        "power": "generator",
        "generator_source": "solar",
        "generator_method": "photovoltaic",
        "name": null,
        "operator": null,
        "location": null,
        "all_tags": {
          "generator:method": "photovoltaic",
          "generator:output:electricity": "yes",
          "generator:source": "solar",
          "generator:type": "solar_photovoltaic_panel",
          "note": "possibly refine to smaller panels if better imagery is available",
          "power": "generator"
        }
      }
    },
    {
      "type": "Feature",
      "geometry": {
        "type": "Point",
        "coordinates": [
          122.9917574,
          10.8056707
        ]
      },
      "properties": {
        "osm_type": "way",
        "osm_id": 1394510085,
        "power": "generator",
        "generator_source": "solar",
        "generator_method": "photovoltaic",
        "name": null,
        "operator": null,
        "location": null,
        "all_tags": {
          "generator:method": "photovoltaic",
          "generator:output:electricity": "yes",
          "generator:source": "solar",
          "generator:type": "solar_photovoltaic_panel",
          "note": "possibly refine to smaller panels if better imagery is available",
          "power": "generator"
        }
      }
    },
    {
      "type": "Feature",
      "geometry": {
        "type": "Point",
        "coordinates": [
          122.9917586,
          10.8055726
        ]
      },
      "properties": {
        "osm_type": "way",
        "osm_id": 1394510086,
        "power": "generator",
        "generator_source": "solar",
        "generator_method": "photovoltaic",
        "name": null,
        "operator": null,
        "location": null,
        "all_tags": {
          "generator:method": "photovoltaic",
          "generator:output:electricity": "yes",
          "generator:source": "solar",
          "generator:type": "solar_photovoltaic_panel",
          "note": "possibly refine to smaller panels if better imagery is available",
          "power": "generator"
        }
      }
    },
    {
      "type": "Feature",
      "geometry": {
        "type": "Point",
        "coordinates": [
          122.9917569,
          10.8057188
        ]
      },
      "properties": {
        "osm_type": "way",
        "osm_id": 1394510087,
        "power": "generator",
        "generator_source": "solar",
        "generator_method": "photovoltaic",
        "name": null,
        "operator": null,
        "location": null,
        "all_tags": {
          "generator:method": "photovoltaic",
          "generator:output:electricity": "yes",
          "generator:source": "solar",
          "generator:type": "solar_photovoltaic_panel",
          "note": "possibly refine to smaller panels if better imagery is available",
          "power": "generator"
        }
      }
    },
    {
      "type": "Feature",
      "geometry": {
        "type": "Point",
        "coordinates": [
          122.9917557,
          10.8058195
        ]
      },
      "properties": {
        "osm_type": "way",
        "osm_id": 1394510088,
        "power": "generator",
        "generator_source": "solar",
        "generator_method": "photovoltaic",
        "name": null,
        "operator": null,
        "location": null,
        "all_tags": {
          "generator:method": "photovoltaic",
          "generator:output:electricity": "yes",
          "generator:source": "solar",
          "generator:type": "solar_photovoltaic_panel",
          "note": "possibly refine to smaller panels if better imagery is available",
          "power": "generator"
        }
      }
    },
    {
      "type": "Feature",
      "geometry": {
        "type": "Point",
        "coordinates": [
          122.991755,
          10.805869
        ]
      },
      "properties": {
        "osm_type": "way",
        "osm_id": 1394510089,
        "power": "generator",
        "generator_source": "solar",
        "generator_method": "photovoltaic",
        "name": null,
        "operator": null,
        "location": null,
        "all_tags": {
          "generator:method": "photovoltaic",
          "generator:output:electricity": "yes",
          "generator:source": "solar",
          "generator:type": "solar_photovoltaic_panel",
          "note": "possibly refine to smaller panels if better imagery is available",
          "power": "generator"
        }
      }
    },
    {
      "type": "Feature",
      "geometry": {
        "type": "Point",
        "coordinates": [
          122.9917563,
          10.8057681
        ]
      },
      "properties": {
        "osm_type": "way",
        "osm_id": 1394510090,
        "power": "generator",
        "generator_source": "solar",
        "generator_method": "photovoltaic",
        "name": null,
        "operator": null,
        "location": null,
        "all_tags": {
          "generator:method": "photovoltaic",
          "generator:output:electricity": "yes",
          "generator:source": "solar",
          "generator:type": "solar_photovoltaic_panel",
          "note": "possibly refine to smaller panels if better imagery is available",
          "power": "generator"
        }
      }
    },
    {
      "type": "Feature",
      "geometry": {
        "type": "Point",
        "coordinates": [
          122.9917545,
          10.805918
        ]
      },
      "properties": {
        "osm_type": "way",
        "osm_id": 1394510091,
        "power": "generator",
        "generator_source": "solar",
        "generator_method": "photovoltaic",
        "name": null,
        "operator": null,
        "location": null,
        "all_tags": {
          "generator:method": "photovoltaic",
          "generator:output:electricity": "yes",
          "generator:source": "solar",
          "generator:type": "solar_photovoltaic_panel",
          "note": "possibly refine to smaller panels if better imagery is available",
          "power": "generator"
        }
      }
    },
    {
      "type": "Feature",
      "geometry": {
        "type": "Point",
        "coordinates": [
          122.9917534,
          10.8060162
        ]
      },
      "properties": {
        "osm_type": "way",
        "osm_id": 1394510092,
        "power": "generator",
        "generator_source": "solar",
        "generator_method": "photovoltaic",
        "name": null,
        "operator": null,
        "location": null,
        "all_tags": {
          "generator:method": "photovoltaic",
          "generator:output:electricity": "yes",
          "generator:source": "solar",
          "generator:type": "solar_photovoltaic_panel",
          "note": "possibly refine to smaller panels if better imagery is available",
          "power": "generator"
        }
      }
    },
    {
      "type": "Feature",
      "geometry": {
        "type": "Point",
        "coordinates": [
          122.9917527,
          10.8060655
        ]
      },
      "properties": {
        "osm_type": "way",
        "osm_id": 1394510093,
        "power": "generator",
        "generator_source": "solar",
        "generator_method": "photovoltaic",
        "name": null,
        "operator": null,
        "location": null,
        "all_tags": {
          "generator:method": "photovoltaic",
          "generator:output:electricity": "yes",
          "generator:source": "solar",
          "generator:type": "solar_photovoltaic_panel",
          "note": "possibly refine to smaller panels if better imagery is available",
          "power": "generator"
        }
      }
    },
    {
      "type": "Feature",
      "geometry": {
        "type": "Point",
        "coordinates": [
          122.9917538,
          10.8059674
        ]
      },
      "properties": {
        "osm_type": "way",
        "osm_id": 1394510094,
        "power": "generator",
        "generator_source": "solar",
        "generator_method": "photovoltaic",
        "name": null,
        "operator": null,
        "location": null,
        "all_tags": {
          "generator:method": "photovoltaic",
          "generator:output:electricity": "yes",
          "generator:source": "solar",
          "generator:type": "solar_photovoltaic_panel",
          "note": "possibly refine to smaller panels if better imagery is available",
          "power": "generator"
        }
      }
    },
    {
      "type": "Feature",
      "geometry": {
        "type": "Point",
        "coordinates": [
          122.9916659,
          10.8063105
        ]
      },
      "properties": {
        "osm_type": "way",
        "osm_id": 1394510095,
        "power": "generator",
        "generator_source": "solar",
        "generator_method": "photovoltaic",
        "name": null,
        "operator": null,
        "location": null,
        "all_tags": {
          "generator:method": "photovoltaic",
          "generator:output:electricity": "yes",
          "generator:source": "solar",
          "generator:type": "solar_photovoltaic_panel",
          "note": "possibly refine to smaller panels if better imagery is available",
          "power": "generator"
        }
      }
    },
    {
      "type": "Feature",
      "geometry": {
        "type": "Point",
        "coordinates": [
          122.9913921,
          10.8064105
        ]
      },
      "properties": {
        "osm_type": "way",
        "osm_id": 1394510096,
        "power": "generator",
        "generator_source": "solar",
        "generator_method": "photovoltaic",
        "name": null,
        "operator": null,
        "location": null,
        "all_tags": {
          "generator:method": "photovoltaic",
          "generator:output:electricity": "yes",
          "generator:source": "solar",
          "generator:type": "solar_photovoltaic_panel",
          "note": "possibly refine to smaller panels if better imagery is available",
          "power": "generator"
        }
      }
    },
    {
      "type": "Feature",
      "geometry": {
        "type": "Point",
        "coordinates": [
          122.9913007,
          10.8064602
        ]
      },
      "properties": {
        "osm_type": "way",
        "osm_id": 1394510097,
        "power": "generator",
        "generator_source": "solar",
        "generator_method": "photovoltaic",
        "name": null,
        "operator": null,
        "location": null,
        "all_tags": {
          "generator:method": "photovoltaic",
          "generator:output:electricity": "yes",
          "generator:source": "solar",
          "generator:type": "solar_photovoltaic_panel",
          "note": "possibly refine to smaller panels if better imagery is available",
          "power": "generator"
        }
      }
    },
    {
      "type": "Feature",
      "geometry": {
        "type": "Point",
        "coordinates": [
          122.9915752,
          10.80636
        ]
      },
      "properties": {
        "osm_type": "way",
        "osm_id": 1394510098,
        "power": "generator",
        "generator_source": "solar",
        "generator_method": "photovoltaic",
        "name": null,
        "operator": null,
        "location": null,
        "all_tags": {
          "generator:method": "photovoltaic",
          "generator:output:electricity": "yes",
          "generator:source": "solar",
          "generator:type": "solar_photovoltaic_panel",
          "note": "possibly refine to smaller panels if better imagery is available",
          "power": "generator"
        }
      }
    },
    {
      "type": "Feature",
      "geometry": {
        "type": "Point",
        "coordinates": [
          122.9917509,
          10.8062137
        ]
      },
      "properties": {
        "osm_type": "way",
        "osm_id": 1394510099,
        "power": "generator",
        "generator_source": "solar",
        "generator_method": "photovoltaic",
        "name": null,
        "operator": null,
        "location": null,
        "all_tags": {
          "generator:method": "photovoltaic",
          "generator:output:electricity": "yes",
          "generator:source": "solar",
          "generator:type": "solar_photovoltaic_panel",
          "note": "possibly refine to smaller panels if better imagery is available",
          "power": "generator"
        }
      }
    },
    {
      "type": "Feature",
      "geometry": {
        "type": "Point",
        "coordinates": [
          122.9917504,
          10.8062631
        ]
      },
      "properties": {
        "osm_type": "way",
        "osm_id": 1394510100,
        "power": "generator",
        "generator_source": "solar",
        "generator_method": "photovoltaic",
        "name": null,
        "operator": null,
        "location": null,
        "all_tags": {
          "generator:method": "photovoltaic",
          "generator:output:electricity": "yes",
          "generator:source": "solar",
          "generator:type": "solar_photovoltaic_panel",
          "note": "possibly refine to smaller panels if better imagery is available",
          "power": "generator"
        }
      }
    },
    {
      "type": "Feature",
      "geometry": {
        "type": "Point",
        "coordinates": [
          122.9917516,
          10.806165
        ]
      },
      "properties": {
        "osm_type": "way",
        "osm_id": 1394510101,
        "power": "generator",
        "generator_source": "solar",
        "generator_method": "photovoltaic",
        "name": null,
        "operator": null,
        "location": null,
        "all_tags": {
          "generator:method": "photovoltaic",
          "generator:output:electricity": "yes",
          "generator:source": "solar",
          "generator:type": "solar_photovoltaic_panel",
          "note": "possibly refine to smaller panels if better imagery is available",
          "power": "generator"
        }
      }
    },
    {
      "type": "Feature",
      "geometry": {
        "type": "Point",
        "coordinates": [
          122.9917522,
          10.8061136
        ]
      },
      "properties": {
        "osm_type": "way",
        "osm_id": 1394510102,
        "power": "generator",
        "generator_source": "solar",
        "generator_method": "photovoltaic",
        "name": null,
        "operator": null,
        "location": null,
        "all_tags": {
          "generator:method": "photovoltaic",
          "generator:output:electricity": "yes",
          "generator:source": "solar",
          "generator:type": "solar_photovoltaic_panel",
          "note": "possibly refine to smaller panels if better imagery is available",
          "power": "generator"
        }
      }
    },
    {
      "type": "Feature",
      "geometry": {
        "type": "Point",
        "coordinates": [
          122.9898204,
          10.8057049
        ]
      },
      "properties": {
        "osm_type": "way",
        "osm_id": 1394510103,
        "power": "generator",
        "generator_source": "solar",
        "generator_method": "photovoltaic",
        "name": null,
        "operator": null,
        "location": null,
        "all_tags": {
          "generator:method": "photovoltaic",
          "generator:output:electricity": "yes",
          "generator:source": "solar",
          "generator:type": "solar_photovoltaic_panel",
          "note": "possibly refine to smaller panels if better imagery is available",
          "power": "generator"
        }
      }
    },
    {
      "type": "Feature",
      "geometry": {
        "type": "Point",
        "coordinates": [
          122.9898195,
          10.8057544
        ]
      },
      "properties": {
        "osm_type": "way",
        "osm_id": 1394510104,
        "power": "generator",
        "generator_source": "solar",
        "generator_method": "photovoltaic",
        "name": null,
        "operator": null,
        "location": null,
        "all_tags": {
          "generator:method": "photovoltaic",
          "generator:output:electricity": "yes",
          "generator:source": "solar",
          "generator:type": "solar_photovoltaic_panel",
          "note": "possibly refine to smaller panels if better imagery is available",
          "power": "generator"
        }
      }
    },
    {
      "type": "Feature",
      "geometry": {
        "type": "Point",
        "coordinates": [
          122.9898213,
          10.8056562
        ]
      },
      "properties": {
        "osm_type": "way",
        "osm_id": 1394510105,
        "power": "generator",
        "generator_source": "solar",
        "generator_method": "photovoltaic",
        "name": null,
        "operator": null,
        "location": null,
        "all_tags": {
          "generator:method": "photovoltaic",
          "generator:output:electricity": "yes",
          "generator:source": "solar",
          "generator:type": "solar_photovoltaic_panel",
          "note": "possibly refine to smaller panels if better imagery is available",
          "power": "generator"
        }
      }
    },
    {
      "type": "Feature",
      "geometry": {
        "type": "Point",
        "coordinates": [
          122.9898186,
          10.8058024
        ]
      },
      "properties": {
        "osm_type": "way",
        "osm_id": 1394510106,
        "power": "generator",
        "generator_source": "solar",
        "generator_method": "photovoltaic",
        "name": null,
        "operator": null,
        "location": null,
        "all_tags": {
          "generator:method": "photovoltaic",
          "generator:output:electricity": "yes",
          "generator:source": "solar",
          "generator:type": "solar_photovoltaic_panel",
          "note": "possibly refine to smaller panels if better imagery is available",
          "power": "generator"
        }
      }
    },
    {
      "type": "Feature",
      "geometry": {
        "type": "Point",
        "coordinates": [
          122.9899084,
          10.8058993
        ]
      },
      "properties": {
        "osm_type": "way",
        "osm_id": 1394510107,
        "power": "generator",
        "generator_source": "solar",
        "generator_method": "photovoltaic",
        "name": null,
        "operator": null,
        "location": null,
        "all_tags": {
          "generator:method": "photovoltaic",
          "generator:output:electricity": "yes",
          "generator:source": "solar",
          "generator:type": "solar_photovoltaic_panel",
          "note": "possibly refine to smaller panels if better imagery is available",
          "power": "generator"
        }
      }
    },
    {
      "type": "Feature",
      "geometry": {
        "type": "Point",
        "coordinates": [
          122.9899075,
          10.8059486
        ]
      },
      "properties": {
        "osm_type": "way",
        "osm_id": 1394510108,
        "power": "generator",
        "generator_source": "solar",
        "generator_method": "photovoltaic",
        "name": null,
        "operator": null,
        "location": null,
        "all_tags": {
          "generator:method": "photovoltaic",
          "generator:output:electricity": "yes",
          "generator:source": "solar",
          "generator:type": "solar_photovoltaic_panel",
          "note": "possibly refine to smaller panels if better imagery is available",
          "power": "generator"
        }
      }
    },
    {
      "type": "Feature",
      "geometry": {
        "type": "Point",
        "coordinates": [
          122.9899093,
          10.8058505
        ]
      },
      "properties": {
        "osm_type": "way",
        "osm_id": 1394510109,
        "power": "generator",
        "generator_source": "solar",
        "generator_method": "photovoltaic",
        "name": null,
        "operator": null,
        "location": null,
        "all_tags": {
          "generator:method": "photovoltaic",
          "generator:output:electricity": "yes",
          "generator:source": "solar",
          "generator:type": "solar_photovoltaic_panel",
          "note": "possibly refine to smaller panels if better imagery is available",
          "power": "generator"
        }
      }
    },
    {
      "type": "Feature",
      "geometry": {
        "type": "Point",
        "coordinates": [
          122.9899066,
          10.8059977
        ]
      },
      "properties": {
        "osm_type": "way",
        "osm_id": 1394510110,
        "power": "generator",
        "generator_source": "solar",
        "generator_method": "photovoltaic",
        "name": null,
        "operator": null,
        "location": null,
        "all_tags": {
          "generator:method": "photovoltaic",
          "generator:output:electricity": "yes",
          "generator:source": "solar",
          "generator:type": "solar_photovoltaic_panel",
          "note": "possibly refine to smaller panels if better imagery is available",
          "power": "generator"
        }
      }
    },
    {
      "type": "Feature",
      "geometry": {
        "type": "Point",
        "coordinates": [
          122.9900928,
          10.8061001
        ]
      },
      "properties": {
        "osm_type": "way",
        "osm_id": 1394510111,
        "power": "generator",
        "generator_source": "solar",
        "generator_method": "photovoltaic",
        "name": null,
        "operator": null,
        "location": null,
        "all_tags": {
          "generator:method": "photovoltaic",
          "generator:output:electricity": "yes",
          "generator:source": "solar",
          "generator:type": "solar_photovoltaic_panel",
          "note": "possibly refine to smaller panels if better imagery is available",
          "power": "generator"
        }
      }
    },
    {
      "type": "Feature",
      "geometry": {
        "type": "Point",
        "coordinates": [
          122.9900919,
          10.8061496
        ]
      },
      "properties": {
        "osm_type": "way",
        "osm_id": 1394510112,
        "power": "generator",
        "generator_source": "solar",
        "generator_method": "photovoltaic",
        "name": null,
        "operator": null,
        "location": null,
        "all_tags": {
          "generator:method": "photovoltaic",
          "generator:output:electricity": "yes",
          "generator:source": "solar",
          "generator:type": "solar_photovoltaic_panel",
          "note": "possibly refine to smaller panels if better imagery is available",
          "power": "generator"
        }
      }
    },
    {
      "type": "Feature",
      "geometry": {
        "type": "Point",
        "coordinates": [
          122.9899056,
          10.8060471
        ]
      },
      "properties": {
        "osm_type": "way",
        "osm_id": 1394510113,
        "power": "generator",
        "generator_source": "solar",
        "generator_method": "photovoltaic",
        "name": null,
        "operator": null,
        "location": null,
        "all_tags": {
          "generator:method": "photovoltaic",
          "generator:output:electricity": "yes",
          "generator:source": "solar",
          "generator:type": "solar_photovoltaic_panel",
          "note": "possibly refine to smaller panels if better imagery is available",
          "power": "generator"
        }
      }
    },
    {
      "type": "Feature",
      "geometry": {
        "type": "Point",
        "coordinates": [
          122.9902736,
          10.8063951
        ]
      },
      "properties": {
        "osm_type": "way",
        "osm_id": 1394510114,
        "power": "generator",
        "generator_source": "solar",
        "generator_method": "photovoltaic",
        "name": null,
        "operator": null,
        "location": null,
        "all_tags": {
          "generator:method": "photovoltaic",
          "generator:output:electricity": "yes",
          "generator:source": "solar",
          "generator:type": "solar_photovoltaic_panel",
          "note": "possibly refine to smaller panels if better imagery is available",
          "power": "generator"
        }
      }
    },
    {
      "type": "Feature",
      "geometry": {
        "type": "Point",
        "coordinates": [
          122.9903659,
          10.8064925
        ]
      },
      "properties": {
        "osm_type": "way",
        "osm_id": 1394510115,
        "power": "generator",
        "generator_source": "solar",
        "generator_method": "photovoltaic",
        "name": null,
        "operator": null,
        "location": null,
        "all_tags": {
          "generator:method": "photovoltaic",
          "generator:output:electricity": "yes",
          "generator:source": "solar",
          "generator:type": "solar_photovoltaic_panel",
          "note": "possibly refine to smaller panels if better imagery is available",
          "power": "generator"
        }
      }
    },
    {
      "type": "Feature",
      "geometry": {
        "type": "Point",
        "coordinates": [
          122.990365,
          10.8065419
        ]
      },
      "properties": {
        "osm_type": "way",
        "osm_id": 1394510116,
        "power": "generator",
        "generator_source": "solar",
        "generator_method": "photovoltaic",
        "name": null,
        "operator": null,
        "location": null,
        "all_tags": {
          "generator:method": "photovoltaic",
          "generator:output:electricity": "yes",
          "generator:source": "solar",
          "generator:type": "solar_photovoltaic_panel",
          "note": "possibly refine to smaller panels if better imagery is available",
          "power": "generator"
        }
      }
    },
    {
      "type": "Feature",
      "geometry": {
        "type": "Point",
        "coordinates": [
          122.9903669,
          10.8064438
        ]
      },
      "properties": {
        "osm_type": "way",
        "osm_id": 1394510117,
        "power": "generator",
        "generator_source": "solar",
        "generator_method": "photovoltaic",
        "name": null,
        "operator": null,
        "location": null,
        "all_tags": {
          "generator:method": "photovoltaic",
          "generator:output:electricity": "yes",
          "generator:source": "solar",
          "generator:type": "solar_photovoltaic_panel",
          "note": "possibly refine to smaller panels if better imagery is available",
          "power": "generator"
        }
      }
    },
    {
      "type": "Feature",
      "geometry": {
        "type": "Point",
        "coordinates": [
          122.9904564,
          10.806591
        ]
      },
      "properties": {
        "osm_type": "way",
        "osm_id": 1394510118,
        "power": "generator",
        "generator_source": "solar",
        "generator_method": "photovoltaic",
        "name": null,
        "operator": null,
        "location": null,
        "all_tags": {
          "generator:method": "photovoltaic",
          "generator:output:electricity": "yes",
          "generator:source": "solar",
          "generator:type": "solar_photovoltaic_panel",
          "note": "possibly refine to smaller panels if better imagery is available",
          "power": "generator"
        }
      }
    },
    {
      "type": "Feature",
      "geometry": {
        "type": "Point",
        "coordinates": [
          122.9904554,
          10.8066404
        ]
      },
      "properties": {
        "osm_type": "way",
        "osm_id": 1394510119,
        "power": "generator",
        "generator_source": "solar",
        "generator_method": "photovoltaic",
        "name": null,
        "operator": null,
        "location": null,
        "all_tags": {
          "generator:method": "photovoltaic",
          "generator:output:electricity": "yes",
          "generator:source": "solar",
          "generator:type": "solar_photovoltaic_panel",
          "note": "possibly refine to smaller panels if better imagery is available",
          "power": "generator"
        }
      }
    },
    {
      "type": "Feature",
      "geometry": {
        "type": "Point",
        "coordinates": [
          122.9901818,
          10.8062961
        ]
      },
      "properties": {
        "osm_type": "way",
        "osm_id": 1394510120,
        "power": "generator",
        "generator_source": "solar",
        "generator_method": "photovoltaic",
        "name": null,
        "operator": null,
        "location": null,
        "all_tags": {
          "generator:method": "photovoltaic",
          "generator:output:electricity": "yes",
          "generator:source": "solar",
          "generator:type": "solar_photovoltaic_panel",
          "note": "possibly refine to smaller panels if better imagery is available",
          "power": "generator"
        }
      }
    },
    {
      "type": "Feature",
      "geometry": {
        "type": "Point",
        "coordinates": [
          122.9902744,
          10.8063478
        ]
      },
      "properties": {
        "osm_type": "way",
        "osm_id": 1394510121,
        "power": "generator",
        "generator_source": "solar",
        "generator_method": "photovoltaic",
        "name": null,
        "operator": null,
        "location": null,
        "all_tags": {
          "generator:method": "photovoltaic",
          "generator:output:electricity": "yes",
          "generator:source": "solar",
          "generator:type": "solar_photovoltaic_panel",
          "note": "possibly refine to smaller panels if better imagery is available",
          "power": "generator"
        }
      }
    },
    {
      "type": "Feature",
      "geometry": {
        "type": "Point",
        "coordinates": [
          122.9901827,
          10.8062473
        ]
      },
      "properties": {
        "osm_type": "way",
        "osm_id": 1394510122,
        "power": "generator",
        "generator_source": "solar",
        "generator_method": "photovoltaic",
        "name": null,
        "operator": null,
        "location": null,
        "all_tags": {
          "generator:method": "photovoltaic",
          "generator:output:electricity": "yes",
          "generator:source": "solar",
          "generator:type": "solar_photovoltaic_panel",
          "note": "possibly refine to smaller panels if better imagery is available",
          "power": "generator"
        }
      }
    },
    {
      "type": "Feature",
      "geometry": {
        "type": "Point",
        "coordinates": [
          122.9901836,
          10.8061979
        ]
      },
      "properties": {
        "osm_type": "way",
        "osm_id": 1394510123,
        "power": "generator",
        "generator_source": "solar",
        "generator_method": "photovoltaic",
        "name": null,
        "operator": null,
        "location": null,
        "all_tags": {
          "generator:method": "photovoltaic",
          "generator:output:electricity": "yes",
          "generator:source": "solar",
          "generator:type": "solar_photovoltaic_panel",
          "note": "possibly refine to smaller panels if better imagery is available",
          "power": "generator"
        }
      }
    },
    {
      "type": "Feature",
      "geometry": {
        "type": "Point",
        "coordinates": [
          122.9897313,
          10.8048809
        ]
      },
      "properties": {
        "osm_type": "way",
        "osm_id": 1394510124,
        "power": "generator",
        "generator_source": "solar",
        "generator_method": "photovoltaic",
        "name": null,
        "operator": null,
        "location": null,
        "all_tags": {
          "generator:method": "photovoltaic",
          "generator:output:electricity": "yes",
          "generator:source": "solar",
          "generator:type": "solar_photovoltaic_panel",
          "note": "possibly refine to smaller panels if better imagery is available",
          "power": "generator"
        }
      }
    },
    {
      "type": "Feature",
      "geometry": {
        "type": "Point",
        "coordinates": [
          122.9897304,
          10.8049303
        ]
      },
      "properties": {
        "osm_type": "way",
        "osm_id": 1394510125,
        "power": "generator",
        "generator_source": "solar",
        "generator_method": "photovoltaic",
        "name": null,
        "operator": null,
        "location": null,
        "all_tags": {
          "generator:method": "photovoltaic",
          "generator:output:electricity": "yes",
          "generator:source": "solar",
          "generator:type": "solar_photovoltaic_panel",
          "note": "possibly refine to smaller panels if better imagery is available",
          "power": "generator"
        }
      }
    },
    {
      "type": "Feature",
      "geometry": {
        "type": "Point",
        "coordinates": [
          122.9897322,
          10.8048322
        ]
      },
      "properties": {
        "osm_type": "way",
        "osm_id": 1394510126,
        "power": "generator",
        "generator_source": "solar",
        "generator_method": "photovoltaic",
        "name": null,
        "operator": null,
        "location": null,
        "all_tags": {
          "generator:method": "photovoltaic",
          "generator:output:electricity": "yes",
          "generator:source": "solar",
          "generator:type": "solar_photovoltaic_panel",
          "note": "possibly refine to smaller panels if better imagery is available",
          "power": "generator"
        }
      }
    },
    {
      "type": "Feature",
      "geometry": {
        "type": "Point",
        "coordinates": [
          122.9897295,
          10.8049784
        ]
      },
      "properties": {
        "osm_type": "way",
        "osm_id": 1394510127,
        "power": "generator",
        "generator_source": "solar",
        "generator_method": "photovoltaic",
        "name": null,
        "operator": null,
        "location": null,
        "all_tags": {
          "generator:method": "photovoltaic",
          "generator:output:electricity": "yes",
          "generator:source": "solar",
          "generator:type": "solar_photovoltaic_panel",
          "note": "possibly refine to smaller panels if better imagery is available",
          "power": "generator"
        }
      }
    },
    {
      "type": "Feature",
      "geometry": {
        "type": "Point",
        "coordinates": [
          122.9898249,
          10.8050779
        ]
      },
      "properties": {
        "osm_type": "way",
        "osm_id": 1394510128,
        "power": "generator",
        "generator_source": "solar",
        "generator_method": "photovoltaic",
        "name": null,
        "operator": null,
        "location": null,
        "all_tags": {
          "generator:method": "photovoltaic",
          "generator:output:electricity": "yes",
          "generator:source": "solar",
          "generator:type": "solar_photovoltaic_panel",
          "note": "possibly refine to smaller panels if better imagery is available",
          "power": "generator"
        }
      }
    },
    {
      "type": "Feature",
      "geometry": {
        "type": "Point",
        "coordinates": [
          122.989824,
          10.8051273
        ]
      },
      "properties": {
        "osm_type": "way",
        "osm_id": 1394510129,
        "power": "generator",
        "generator_source": "solar",
        "generator_method": "photovoltaic",
        "name": null,
        "operator": null,
        "location": null,
        "all_tags": {
          "generator:method": "photovoltaic",
          "generator:output:electricity": "yes",
          "generator:source": "solar",
          "generator:type": "solar_photovoltaic_panel",
          "note": "possibly refine to smaller panels if better imagery is available",
          "power": "generator"
        }
      }
    },
    {
      "type": "Feature",
      "geometry": {
        "type": "Point",
        "coordinates": [
          122.9898257,
          10.8050292
        ]
      },
      "properties": {
        "osm_type": "way",
        "osm_id": 1394510130,
        "power": "generator",
        "generator_source": "solar",
        "generator_method": "photovoltaic",
        "name": null,
        "operator": null,
        "location": null,
        "all_tags": {
          "generator:method": "photovoltaic",
          "generator:output:electricity": "yes",
          "generator:source": "solar",
          "generator:type": "solar_photovoltaic_panel",
          "note": "possibly refine to smaller panels if better imagery is available",
          "power": "generator"
        }
      }
    },
    {
      "type": "Feature",
      "geometry": {
        "type": "Point",
        "coordinates": [
          122.989823,
          10.8051763
        ]
      },
      "properties": {
        "osm_type": "way",
        "osm_id": 1394510131,
        "power": "generator",
        "generator_source": "solar",
        "generator_method": "photovoltaic",
        "name": null,
        "operator": null,
        "location": null,
        "all_tags": {
          "generator:method": "photovoltaic",
          "generator:output:electricity": "yes",
          "generator:source": "solar",
          "generator:type": "solar_photovoltaic_panel",
          "note": "possibly refine to smaller panels if better imagery is available",
          "power": "generator"
        }
      }
    },
    {
      "type": "Feature",
      "geometry": {
        "type": "Point",
        "coordinates": [
          122.9898213,
          10.8052745
        ]
      },
      "properties": {
        "osm_type": "way",
        "osm_id": 1394510132,
        "power": "generator",
        "generator_source": "solar",
        "generator_method": "photovoltaic",
        "name": null,
        "operator": null,
        "location": null,
        "all_tags": {
          "generator:method": "photovoltaic",
          "generator:output:electricity": "yes",
          "generator:source": "solar",
          "generator:type": "solar_photovoltaic_panel",
          "note": "possibly refine to smaller panels if better imagery is available",
          "power": "generator"
        }
      }
    },
    {
      "type": "Feature",
      "geometry": {
        "type": "Point",
        "coordinates": [
          122.9898204,
          10.8053239
        ]
      },
      "properties": {
        "osm_type": "way",
        "osm_id": 1394510133,
        "power": "generator",
        "generator_source": "solar",
        "generator_method": "photovoltaic",
        "name": null,
        "operator": null,
        "location": null,
        "all_tags": {
          "generator:method": "photovoltaic",
          "generator:output:electricity": "yes",
          "generator:source": "solar",
          "generator:type": "solar_photovoltaic_panel",
          "note": "possibly refine to smaller panels if better imagery is available",
          "power": "generator"
        }
      }
    },
    {
      "type": "Feature",
      "geometry": {
        "type": "Point",
        "coordinates": [
          122.9898221,
          10.8052257
        ]
      },
      "properties": {
        "osm_type": "way",
        "osm_id": 1394510134,
        "power": "generator",
        "generator_source": "solar",
        "generator_method": "photovoltaic",
        "name": null,
        "operator": null,
        "location": null,
        "all_tags": {
          "generator:method": "photovoltaic",
          "generator:output:electricity": "yes",
          "generator:source": "solar",
          "generator:type": "solar_photovoltaic_panel",
          "note": "possibly refine to smaller panels if better imagery is available",
          "power": "generator"
        }
      }
    },
    {
      "type": "Feature",
      "geometry": {
        "type": "Point",
        "coordinates": [
          122.9898149,
          10.8055658
        ]
      },
      "properties": {
        "osm_type": "way",
        "osm_id": 1394510135,
        "power": "generator",
        "generator_source": "solar",
        "generator_method": "photovoltaic",
        "name": null,
        "operator": null,
        "location": null,
        "all_tags": {
          "generator:method": "photovoltaic",
          "generator:output:electricity": "yes",
          "generator:source": "solar",
          "generator:type": "solar_photovoltaic_panel",
          "note": "possibly refine to smaller panels if better imagery is available",
          "power": "generator"
        }
      }
    },
    {
      "type": "Feature",
      "geometry": {
        "type": "Point",
        "coordinates": [
          122.9897251,
          10.8054675
        ]
      },
      "properties": {
        "osm_type": "way",
        "osm_id": 1394510136,
        "power": "generator",
        "generator_source": "solar",
        "generator_method": "photovoltaic",
        "name": null,
        "operator": null,
        "location": null,
        "all_tags": {
          "generator:method": "photovoltaic",
          "generator:output:electricity": "yes",
          "generator:source": "solar",
          "generator:type": "solar_photovoltaic_panel",
          "note": "possibly refine to smaller panels if better imagery is available",
          "power": "generator"
        }
      }
    },
    {
      "type": "Feature",
      "geometry": {
        "type": "Point",
        "coordinates": [
          122.9898157,
          10.8055185
        ]
      },
      "properties": {
        "osm_type": "way",
        "osm_id": 1394510137,
        "power": "generator",
        "generator_source": "solar",
        "generator_method": "photovoltaic",
        "name": null,
        "operator": null,
        "location": null,
        "all_tags": {
          "generator:method": "photovoltaic",
          "generator:output:electricity": "yes",
          "generator:source": "solar",
          "generator:type": "solar_photovoltaic_panel",
          "note": "possibly refine to smaller panels if better imagery is available",
          "power": "generator"
        }
      }
    },
    {
      "type": "Feature",
      "geometry": {
        "type": "Point",
        "coordinates": [
          122.9897261,
          10.8054188
        ]
      },
      "properties": {
        "osm_type": "way",
        "osm_id": 1394510138,
        "power": "generator",
        "generator_source": "solar",
        "generator_method": "photovoltaic",
        "name": null,
        "operator": null,
        "location": null,
        "all_tags": {
          "generator:method": "photovoltaic",
          "generator:output:electricity": "yes",
          "generator:source": "solar",
          "generator:type": "solar_photovoltaic_panel",
          "note": "possibly refine to smaller panels if better imagery is available",
          "power": "generator"
        }
      }
    },
    {
      "type": "Feature",
      "geometry": {
        "type": "Point",
        "coordinates": [
          122.9898194,
          10.805372
        ]
      },
      "properties": {
        "osm_type": "way",
        "osm_id": 1394510139,
        "power": "generator",
        "generator_source": "solar",
        "generator_method": "photovoltaic",
        "name": null,
        "operator": null,
        "location": null,
        "all_tags": {
          "generator:method": "photovoltaic",
          "generator:output:electricity": "yes",
          "generator:source": "solar",
          "generator:type": "solar_photovoltaic_panel",
          "note": "possibly refine to smaller panels if better imagery is available",
          "power": "generator"
        }
      }
    },
    {
      "type": "Feature",
      "geometry": {
        "type": "Point",
        "coordinates": [
          122.9893671,
          10.8040484
        ]
      },
      "properties": {
        "osm_type": "way",
        "osm_id": 1394510140,
        "power": "generator",
        "generator_source": "solar",
        "generator_method": "photovoltaic",
        "name": null,
        "operator": null,
        "location": null,
        "all_tags": {
          "generator:method": "photovoltaic",
          "generator:output:electricity": "yes",
          "generator:source": "solar",
          "generator:type": "solar_photovoltaic_panel",
          "note": "possibly refine to smaller panels if better imagery is available",
          "power": "generator"
        }
      }
    },
    {
      "type": "Feature",
      "geometry": {
        "type": "Point",
        "coordinates": [
          122.9893663,
          10.8040978
        ]
      },
      "properties": {
        "osm_type": "way",
        "osm_id": 1394510141,
        "power": "generator",
        "generator_source": "solar",
        "generator_method": "photovoltaic",
        "name": null,
        "operator": null,
        "location": null,
        "all_tags": {
          "generator:method": "photovoltaic",
          "generator:output:electricity": "yes",
          "generator:source": "solar",
          "generator:type": "solar_photovoltaic_panel",
          "note": "possibly refine to smaller panels if better imagery is available",
          "power": "generator"
        }
      }
    },
    {
      "type": "Feature",
      "geometry": {
        "type": "Point",
        "coordinates": [
          122.9886922,
          10.8040017
        ]
      },
      "properties": {
        "osm_type": "way",
        "osm_id": 1394510142,
        "power": "generator",
        "generator_source": "solar",
        "generator_method": "photovoltaic",
        "name": null,
        "operator": null,
        "location": null,
        "all_tags": {
          "generator:method": "photovoltaic",
          "generator:output:electricity": "yes",
          "generator:source": "solar",
          "generator:type": "solar_photovoltaic_panel",
          "note": "possibly refine to smaller panels if better imagery is available",
          "power": "generator"
        }
      }
    },
    {
      "type": "Feature",
      "geometry": {
        "type": "Point",
        "coordinates": [
          122.9893862,
          10.8041493
        ]
      },
      "properties": {
        "osm_type": "way",
        "osm_id": 1394510143,
        "power": "generator",
        "generator_source": "solar",
        "generator_method": "photovoltaic",
        "name": null,
        "operator": null,
        "location": null,
        "all_tags": {
          "generator:method": "photovoltaic",
          "generator:output:electricity": "yes",
          "generator:source": "solar",
          "generator:type": "solar_photovoltaic_panel",
          "note": "possibly refine to smaller panels if better imagery is available",
          "power": "generator"
        }
      }
    },
    {
      "type": "Feature",
      "geometry": {
        "type": "Point",
        "coordinates": [
          122.9894829,
          10.8042447
        ]
      },
      "properties": {
        "osm_type": "way",
        "osm_id": 1394510144,
        "power": "generator",
        "generator_source": "solar",
        "generator_method": "photovoltaic",
        "name": null,
        "operator": null,
        "location": null,
        "all_tags": {
          "generator:method": "photovoltaic",
          "generator:output:electricity": "yes",
          "generator:source": "solar",
          "generator:type": "solar_photovoltaic_panel",
          "note": "possibly refine to smaller panels if better imagery is available",
          "power": "generator"
        }
      }
    },
    {
      "type": "Feature",
      "geometry": {
        "type": "Point",
        "coordinates": [
          122.9895686,
          10.8042947
        ]
      },
      "properties": {
        "osm_type": "way",
        "osm_id": 1394510145,
        "power": "generator",
        "generator_source": "solar",
        "generator_method": "photovoltaic",
        "name": null,
        "operator": null,
        "location": null,
        "all_tags": {
          "generator:method": "photovoltaic",
          "generator:output:electricity": "yes",
          "generator:source": "solar",
          "generator:type": "solar_photovoltaic_panel",
          "note": "possibly refine to smaller panels if better imagery is available",
          "power": "generator"
        }
      }
    },
    {
      "type": "Feature",
      "geometry": {
        "type": "Point",
        "coordinates": [
          122.9894838,
          10.804196
        ]
      },
      "properties": {
        "osm_type": "way",
        "osm_id": 1394510146,
        "power": "generator",
        "generator_source": "solar",
        "generator_method": "photovoltaic",
        "name": null,
        "operator": null,
        "location": null,
        "all_tags": {
          "generator:method": "photovoltaic",
          "generator:output:electricity": "yes",
          "generator:source": "solar",
          "generator:type": "solar_photovoltaic_panel",
          "note": "possibly refine to smaller panels if better imagery is available",
          "power": "generator"
        }
      }
    },
    {
      "type": "Feature",
      "geometry": {
        "type": "Point",
        "coordinates": [
          122.9895676,
          10.8043438
        ]
      },
      "properties": {
        "osm_type": "way",
        "osm_id": 1394510147,
        "power": "generator",
        "generator_source": "solar",
        "generator_method": "photovoltaic",
        "name": null,
        "operator": null,
        "location": null,
        "all_tags": {
          "generator:method": "photovoltaic",
          "generator:output:electricity": "yes",
          "generator:source": "solar",
          "generator:type": "solar_photovoltaic_panel",
          "note": "possibly refine to smaller panels if better imagery is available",
          "power": "generator"
        }
      }
    },
    {
      "type": "Feature",
      "geometry": {
        "type": "Point",
        "coordinates": [
          122.9896354,
          10.8044464
        ]
      },
      "properties": {
        "osm_type": "way",
        "osm_id": 1394510148,
        "power": "generator",
        "generator_source": "solar",
        "generator_method": "photovoltaic",
        "name": null,
        "operator": null,
        "location": null,
        "all_tags": {
          "generator:method": "photovoltaic",
          "generator:output:electricity": "yes",
          "generator:source": "solar",
          "generator:type": "solar_photovoltaic_panel",
          "note": "possibly refine to smaller panels if better imagery is available",
          "power": "generator"
        }
      }
    },
    {
      "type": "Feature",
      "geometry": {
        "type": "Point",
        "coordinates": [
          122.9896344,
          10.8044958
        ]
      },
      "properties": {
        "osm_type": "way",
        "osm_id": 1394510149,
        "power": "generator",
        "generator_source": "solar",
        "generator_method": "photovoltaic",
        "name": null,
        "operator": null,
        "location": null,
        "all_tags": {
          "generator:method": "photovoltaic",
          "generator:output:electricity": "yes",
          "generator:source": "solar",
          "generator:type": "solar_photovoltaic_panel",
          "note": "possibly refine to smaller panels if better imagery is available",
          "power": "generator"
        }
      }
    },
    {
      "type": "Feature",
      "geometry": {
        "type": "Point",
        "coordinates": [
          122.9895667,
          10.8043932
        ]
      },
      "properties": {
        "osm_type": "way",
        "osm_id": 1394510150,
        "power": "generator",
        "generator_source": "solar",
        "generator_method": "photovoltaic",
        "name": null,
        "operator": null,
        "location": null,
        "all_tags": {
          "generator:method": "photovoltaic",
          "generator:output:electricity": "yes",
          "generator:source": "solar",
          "generator:type": "solar_photovoltaic_panel",
          "note": "possibly refine to smaller panels if better imagery is available",
          "power": "generator"
        }
      }
    },
    {
      "type": "Feature",
      "geometry": {
        "type": "Point",
        "coordinates": [
          122.98963,
          10.8047387
        ]
      },
      "properties": {
        "osm_type": "way",
        "osm_id": 1394510151,
        "power": "generator",
        "generator_source": "solar",
        "generator_method": "photovoltaic",
        "name": null,
        "operator": null,
        "location": null,
        "all_tags": {
          "generator:method": "photovoltaic",
          "generator:output:electricity": "yes",
          "generator:source": "solar",
          "generator:type": "solar_photovoltaic_panel",
          "note": "possibly refine to smaller panels if better imagery is available",
          "power": "generator"
        }
      }
    },
    {
      "type": "Feature",
      "geometry": {
        "type": "Point",
        "coordinates": [
          122.9896318,
          10.804642
        ]
      },
      "properties": {
        "osm_type": "way",
        "osm_id": 1394510152,
        "power": "generator",
        "generator_source": "solar",
        "generator_method": "photovoltaic",
        "name": null,
        "operator": null,
        "location": null,
        "all_tags": {
          "generator:method": "photovoltaic",
          "generator:output:electricity": "yes",
          "generator:source": "solar",
          "generator:type": "solar_photovoltaic_panel",
          "note": "possibly refine to smaller panels if better imagery is available",
          "power": "generator"
        }
      }
    },
    {
      "type": "Feature",
      "geometry": {
        "type": "Point",
        "coordinates": [
          122.9896308,
          10.8046914
        ]
      },
      "properties": {
        "osm_type": "way",
        "osm_id": 1394510153,
        "power": "generator",
        "generator_source": "solar",
        "generator_method": "photovoltaic",
        "name": null,
        "operator": null,
        "location": null,
        "all_tags": {
          "generator:method": "photovoltaic",
          "generator:output:electricity": "yes",
          "generator:source": "solar",
          "generator:type": "solar_photovoltaic_panel",
          "note": "possibly refine to smaller panels if better imagery is available",
          "power": "generator"
        }
      }
    },
    {
      "type": "Feature",
      "geometry": {
        "type": "Point",
        "coordinates": [
          122.9896327,
          10.8045933
        ]
      },
      "properties": {
        "osm_type": "way",
        "osm_id": 1394510154,
        "power": "generator",
        "generator_source": "solar",
        "generator_method": "photovoltaic",
        "name": null,
        "operator": null,
        "location": null,
        "all_tags": {
          "generator:method": "photovoltaic",
          "generator:output:electricity": "yes",
          "generator:source": "solar",
          "generator:type": "solar_photovoltaic_panel",
          "note": "possibly refine to smaller panels if better imagery is available",
          "power": "generator"
        }
      }
    },
    {
      "type": "Feature",
      "geometry": {
        "type": "Point",
        "coordinates": [
          122.9896336,
          10.8045439
        ]
      },
      "properties": {
        "osm_type": "way",
        "osm_id": 1394510155,
        "power": "generator",
        "generator_source": "solar",
        "generator_method": "photovoltaic",
        "name": null,
        "operator": null,
        "location": null,
        "all_tags": {
          "generator:method": "photovoltaic",
          "generator:output:electricity": "yes",
          "generator:source": "solar",
          "generator:type": "solar_photovoltaic_panel",
          "note": "possibly refine to smaller panels if better imagery is available",
          "power": "generator"
        }
      }
    },
    {
      "type": "Feature",
      "geometry": {
        "type": "Point",
        "coordinates": [
          122.9891794,
          10.8030453
        ]
      },
      "properties": {
        "osm_type": "way",
        "osm_id": 1394510156,
        "power": "generator",
        "generator_source": "solar",
        "generator_method": "photovoltaic",
        "name": null,
        "operator": null,
        "location": null,
        "all_tags": {
          "generator:method": "photovoltaic",
          "generator:output:electricity": "yes",
          "generator:source": "solar",
          "generator:type": "solar_photovoltaic_panel",
          "note": "possibly refine to smaller panels if better imagery is available",
          "power": "generator"
        }
      }
    },
    {
      "type": "Feature",
      "geometry": {
        "type": "Point",
        "coordinates": [
          122.9891785,
          10.8030946
        ]
      },
      "properties": {
        "osm_type": "way",
        "osm_id": 1394510157,
        "power": "generator",
        "generator_source": "solar",
        "generator_method": "photovoltaic",
        "name": null,
        "operator": null,
        "location": null,
        "all_tags": {
          "generator:method": "photovoltaic",
          "generator:output:electricity": "yes",
          "generator:source": "solar",
          "generator:type": "solar_photovoltaic_panel",
          "note": "possibly refine to smaller panels if better imagery is available",
          "power": "generator"
        }
      }
    },
    {
      "type": "Feature",
      "geometry": {
        "type": "Point",
        "coordinates": [
          122.9891803,
          10.8029965
        ]
      },
      "properties": {
        "osm_type": "way",
        "osm_id": 1394510158,
        "power": "generator",
        "generator_source": "solar",
        "generator_method": "photovoltaic",
        "name": null,
        "operator": null,
        "location": null,
        "all_tags": {
          "generator:method": "photovoltaic",
          "generator:output:electricity": "yes",
          "generator:source": "solar",
          "generator:type": "solar_photovoltaic_panel",
          "note": "possibly refine to smaller panels if better imagery is available",
          "power": "generator"
        }
      }
    },
    {
      "type": "Feature",
      "geometry": {
        "type": "Point",
        "coordinates": [
          122.9891776,
          10.8031427
        ]
      },
      "properties": {
        "osm_type": "way",
        "osm_id": 1394510159,
        "power": "generator",
        "generator_source": "solar",
        "generator_method": "photovoltaic",
        "name": null,
        "operator": null,
        "location": null,
        "all_tags": {
          "generator:method": "photovoltaic",
          "generator:output:electricity": "yes",
          "generator:source": "solar",
          "generator:type": "solar_photovoltaic_panel",
          "note": "possibly refine to smaller panels if better imagery is available",
          "power": "generator"
        }
      }
    },
    {
      "type": "Feature",
      "geometry": {
        "type": "Point",
        "coordinates": [
          122.9891758,
          10.8032409
        ]
      },
      "properties": {
        "osm_type": "way",
        "osm_id": 1394510160,
        "power": "generator",
        "generator_source": "solar",
        "generator_method": "photovoltaic",
        "name": null,
        "operator": null,
        "location": null,
        "all_tags": {
          "generator:method": "photovoltaic",
          "generator:output:electricity": "yes",
          "generator:source": "solar",
          "generator:type": "solar_photovoltaic_panel",
          "note": "possibly refine to smaller panels if better imagery is available",
          "power": "generator"
        }
      }
    },
    {
      "type": "Feature",
      "geometry": {
        "type": "Point",
        "coordinates": [
          122.9891749,
          10.8032902
        ]
      },
      "properties": {
        "osm_type": "way",
        "osm_id": 1394510161,
        "power": "generator",
        "generator_source": "solar",
        "generator_method": "photovoltaic",
        "name": null,
        "operator": null,
        "location": null,
        "all_tags": {
          "generator:method": "photovoltaic",
          "generator:output:electricity": "yes",
          "generator:source": "solar",
          "generator:type": "solar_photovoltaic_panel",
          "note": "possibly refine to smaller panels if better imagery is available",
          "power": "generator"
        }
      }
    },
    {
      "type": "Feature",
      "geometry": {
        "type": "Point",
        "coordinates": [
          122.9891767,
          10.8031921
        ]
      },
      "properties": {
        "osm_type": "way",
        "osm_id": 1394510162,
        "power": "generator",
        "generator_source": "solar",
        "generator_method": "photovoltaic",
        "name": null,
        "operator": null,
        "location": null,
        "all_tags": {
          "generator:method": "photovoltaic",
          "generator:output:electricity": "yes",
          "generator:source": "solar",
          "generator:type": "solar_photovoltaic_panel",
          "note": "possibly refine to smaller panels if better imagery is available",
          "power": "generator"
        }
      }
    },
    {
      "type": "Feature",
      "geometry": {
        "type": "Point",
        "coordinates": [
          122.9892706,
          10.8033387
        ]
      },
      "properties": {
        "osm_type": "way",
        "osm_id": 1394510163,
        "power": "generator",
        "generator_source": "solar",
        "generator_method": "photovoltaic",
        "name": null,
        "operator": null,
        "location": null,
        "all_tags": {
          "generator:method": "photovoltaic",
          "generator:output:electricity": "yes",
          "generator:source": "solar",
          "generator:type": "solar_photovoltaic_panel",
          "note": "possibly refine to smaller panels if better imagery is available",
          "power": "generator"
        }
      }
    },
    {
      "type": "Feature",
      "geometry": {
        "type": "Point",
        "coordinates": [
          122.9892688,
          10.8034368
        ]
      },
      "properties": {
        "osm_type": "way",
        "osm_id": 1394510164,
        "power": "generator",
        "generator_source": "solar",
        "generator_method": "photovoltaic",
        "name": null,
        "operator": null,
        "location": null,
        "all_tags": {
          "generator:method": "photovoltaic",
          "generator:output:electricity": "yes",
          "generator:source": "solar",
          "generator:type": "solar_photovoltaic_panel",
          "note": "possibly refine to smaller panels if better imagery is available",
          "power": "generator"
        }
      }
    },
    {
      "type": "Feature",
      "geometry": {
        "type": "Point",
        "coordinates": [
          122.9892679,
          10.8034862
        ]
      },
      "properties": {
        "osm_type": "way",
        "osm_id": 1394510165,
        "power": "generator",
        "generator_source": "solar",
        "generator_method": "photovoltaic",
        "name": null,
        "operator": null,
        "location": null,
        "all_tags": {
          "generator:method": "photovoltaic",
          "generator:output:electricity": "yes",
          "generator:source": "solar",
          "generator:type": "solar_photovoltaic_panel",
          "note": "possibly refine to smaller panels if better imagery is available",
          "power": "generator"
        }
      }
    },
    {
      "type": "Feature",
      "geometry": {
        "type": "Point",
        "coordinates": [
          122.9892696,
          10.8033881
        ]
      },
      "properties": {
        "osm_type": "way",
        "osm_id": 1394510166,
        "power": "generator",
        "generator_source": "solar",
        "generator_method": "photovoltaic",
        "name": null,
        "operator": null,
        "location": null,
        "all_tags": {
          "generator:method": "photovoltaic",
          "generator:output:electricity": "yes",
          "generator:source": "solar",
          "generator:type": "solar_photovoltaic_panel",
          "note": "possibly refine to smaller panels if better imagery is available",
          "power": "generator"
        }
      }
    },
    {
      "type": "Feature",
      "geometry": {
        "type": "Point",
        "coordinates": [
          122.9892634,
          10.8037291
        ]
      },
      "properties": {
        "osm_type": "way",
        "osm_id": 1394510167,
        "power": "generator",
        "generator_source": "solar",
        "generator_method": "photovoltaic",
        "name": null,
        "operator": null,
        "location": null,
        "all_tags": {
          "generator:method": "photovoltaic",
          "generator:output:electricity": "yes",
          "generator:source": "solar",
          "generator:type": "solar_photovoltaic_panel",
          "note": "possibly refine to smaller panels if better imagery is available",
          "power": "generator"
        }
      }
    },
    {
      "type": "Feature",
      "geometry": {
        "type": "Point",
        "coordinates": [
          122.9892615,
          10.8038272
        ]
      },
      "properties": {
        "osm_type": "way",
        "osm_id": 1394510168,
        "power": "generator",
        "generator_source": "solar",
        "generator_method": "photovoltaic",
        "name": null,
        "operator": null,
        "location": null,
        "all_tags": {
          "generator:method": "photovoltaic",
          "generator:output:electricity": "yes",
          "generator:source": "solar",
          "generator:type": "solar_photovoltaic_panel",
          "note": "possibly refine to smaller panels if better imagery is available",
          "power": "generator"
        }
      }
    },
    {
      "type": "Feature",
      "geometry": {
        "type": "Point",
        "coordinates": [
          122.9893629,
          10.8038769
        ]
      },
      "properties": {
        "osm_type": "way",
        "osm_id": 1394510169,
        "power": "generator",
        "generator_source": "solar",
        "generator_method": "photovoltaic",
        "name": null,
        "operator": null,
        "location": null,
        "all_tags": {
          "generator:method": "photovoltaic",
          "generator:output:electricity": "yes",
          "generator:source": "solar",
          "generator:type": "solar_photovoltaic_panel",
          "note": "possibly refine to smaller panels if better imagery is available",
          "power": "generator"
        }
      }
    },
    {
      "type": "Feature",
      "geometry": {
        "type": "Point",
        "coordinates": [
          122.9892624,
          10.8037785
        ]
      },
      "properties": {
        "osm_type": "way",
        "osm_id": 1394510170,
        "power": "generator",
        "generator_source": "solar",
        "generator_method": "photovoltaic",
        "name": null,
        "operator": null,
        "location": null,
        "all_tags": {
          "generator:method": "photovoltaic",
          "generator:output:electricity": "yes",
          "generator:source": "solar",
          "generator:type": "solar_photovoltaic_panel",
          "note": "possibly refine to smaller panels if better imagery is available",
          "power": "generator"
        }
      }
    },
    {
      "type": "Feature",
      "geometry": {
        "type": "Point",
        "coordinates": [
          122.9892651,
          10.8036324
        ]
      },
      "properties": {
        "osm_type": "way",
        "osm_id": 1394510171,
        "power": "generator",
        "generator_source": "solar",
        "generator_method": "photovoltaic",
        "name": null,
        "operator": null,
        "location": null,
        "all_tags": {
          "generator:method": "photovoltaic",
          "generator:output:electricity": "yes",
          "generator:source": "solar",
          "generator:type": "solar_photovoltaic_panel",
          "note": "possibly refine to smaller panels if better imagery is available",
          "power": "generator"
        }
      }
    },
    {
      "type": "Feature",
      "geometry": {
        "type": "Point",
        "coordinates": [
          122.9892643,
          10.8036819
        ]
      },
      "properties": {
        "osm_type": "way",
        "osm_id": 1394510172,
        "power": "generator",
        "generator_source": "solar",
        "generator_method": "photovoltaic",
        "name": null,
        "operator": null,
        "location": null,
        "all_tags": {
          "generator:method": "photovoltaic",
          "generator:output:electricity": "yes",
          "generator:source": "solar",
          "generator:type": "solar_photovoltaic_panel",
          "note": "possibly refine to smaller panels if better imagery is available",
          "power": "generator"
        }
      }
    },
    {
      "type": "Feature",
      "geometry": {
        "type": "Point",
        "coordinates": [
          122.989266,
          10.8035837
        ]
      },
      "properties": {
        "osm_type": "way",
        "osm_id": 1394510173,
        "power": "generator",
        "generator_source": "solar",
        "generator_method": "photovoltaic",
        "name": null,
        "operator": null,
        "location": null,
        "all_tags": {
          "generator:method": "photovoltaic",
          "generator:output:electricity": "yes",
          "generator:source": "solar",
          "generator:type": "solar_photovoltaic_panel",
          "note": "possibly refine to smaller panels if better imagery is available",
          "power": "generator"
        }
      }
    },
    {
      "type": "Feature",
      "geometry": {
        "type": "Point",
        "coordinates": [
          122.989267,
          10.8035343
        ]
      },
      "properties": {
        "osm_type": "way",
        "osm_id": 1394510174,
        "power": "generator",
        "generator_source": "solar",
        "generator_method": "photovoltaic",
        "name": null,
        "operator": null,
        "location": null,
        "all_tags": {
          "generator:method": "photovoltaic",
          "generator:output:electricity": "yes",
          "generator:source": "solar",
          "generator:type": "solar_photovoltaic_panel",
          "note": "possibly refine to smaller panels if better imagery is available",
          "power": "generator"
        }
      }
    },
    {
      "type": "Feature",
      "geometry": {
        "type": "Point",
        "coordinates": [
          122.9886279,
          10.8017182
        ]
      },
      "properties": {
        "osm_type": "way",
        "osm_id": 1394510175,
        "power": "generator",
        "generator_source": "solar",
        "generator_method": "photovoltaic",
        "name": null,
        "operator": null,
        "location": null,
        "all_tags": {
          "generator:method": "photovoltaic",
          "generator:output:electricity": "yes",
          "generator:source": "solar",
          "generator:type": "solar_photovoltaic_panel",
          "note": "possibly refine to smaller panels if better imagery is available",
          "power": "generator"
        }
      }
    },
    {
      "type": "Feature",
      "geometry": {
        "type": "Point",
        "coordinates": [
          122.988627,
          10.8017676
        ]
      },
      "properties": {
        "osm_type": "way",
        "osm_id": 1394510176,
        "power": "generator",
        "generator_source": "solar",
        "generator_method": "photovoltaic",
        "name": null,
        "operator": null,
        "location": null,
        "all_tags": {
          "generator:method": "photovoltaic",
          "generator:output:electricity": "yes",
          "generator:source": "solar",
          "generator:type": "solar_photovoltaic_panel",
          "note": "possibly refine to smaller panels if better imagery is available",
          "power": "generator"
        }
      }
    },
    {
      "type": "Feature",
      "geometry": {
        "type": "Point",
        "coordinates": [
          122.9885342,
          10.8016695
        ]
      },
      "properties": {
        "osm_type": "way",
        "osm_id": 1394510177,
        "power": "generator",
        "generator_source": "solar",
        "generator_method": "photovoltaic",
        "name": null,
        "operator": null,
        "location": null,
        "all_tags": {
          "generator:method": "photovoltaic",
          "generator:output:electricity": "yes",
          "generator:source": "solar",
          "generator:type": "solar_photovoltaic_panel",
          "note": "possibly refine to smaller panels if better imagery is available",
          "power": "generator"
        }
      }
    },
    {
      "type": "Feature",
      "geometry": {
        "type": "Point",
        "coordinates": [
          122.9886262,
          10.8018157
        ]
      },
      "properties": {
        "osm_type": "way",
        "osm_id": 1394510178,
        "power": "generator",
        "generator_source": "solar",
        "generator_method": "photovoltaic",
        "name": null,
        "operator": null,
        "location": null,
        "all_tags": {
          "generator:method": "photovoltaic",
          "generator:output:electricity": "yes",
          "generator:source": "solar",
          "generator:type": "solar_photovoltaic_panel",
          "note": "possibly refine to smaller panels if better imagery is available",
          "power": "generator"
        }
      }
    },
    {
      "type": "Feature",
      "geometry": {
        "type": "Point",
        "coordinates": [
          122.9887189,
          10.8018651
        ]
      },
      "properties": {
        "osm_type": "way",
        "osm_id": 1394510179,
        "power": "generator",
        "generator_source": "solar",
        "generator_method": "photovoltaic",
        "name": null,
        "operator": null,
        "location": null,
        "all_tags": {
          "generator:method": "photovoltaic",
          "generator:output:electricity": "yes",
          "generator:source": "solar",
          "generator:type": "solar_photovoltaic_panel",
          "note": "possibly refine to smaller panels if better imagery is available",
          "power": "generator"
        }
      }
    },
    {
      "type": "Feature",
      "geometry": {
        "type": "Point",
        "coordinates": [
          122.9889018,
          10.8019686
        ]
      },
      "properties": {
        "osm_type": "way",
        "osm_id": 1394510180,
        "power": "generator",
        "generator_source": "solar",
        "generator_method": "photovoltaic",
        "name": null,
        "operator": null,
        "location": null,
        "all_tags": {
          "generator:method": "photovoltaic",
          "generator:output:electricity": "yes",
          "generator:source": "solar",
          "generator:type": "solar_photovoltaic_panel",
          "note": "possibly refine to smaller panels if better imagery is available",
          "power": "generator"
        }
      }
    },
    {
      "type": "Feature",
      "geometry": {
        "type": "Point",
        "coordinates": [
          122.988901,
          10.8020181
        ]
      },
      "properties": {
        "osm_type": "way",
        "osm_id": 1394510181,
        "power": "generator",
        "generator_source": "solar",
        "generator_method": "photovoltaic",
        "name": null,
        "operator": null,
        "location": null,
        "all_tags": {
          "generator:method": "photovoltaic",
          "generator:output:electricity": "yes",
          "generator:source": "solar",
          "generator:type": "solar_photovoltaic_panel",
          "note": "possibly refine to smaller panels if better imagery is available",
          "power": "generator"
        }
      }
    },
    {
      "type": "Feature",
      "geometry": {
        "type": "Point",
        "coordinates": [
          122.988717,
          10.8019208
        ]
      },
      "properties": {
        "osm_type": "way",
        "osm_id": 1394510182,
        "power": "generator",
        "generator_source": "solar",
        "generator_method": "photovoltaic",
        "name": null,
        "operator": null,
        "location": null,
        "all_tags": {
          "generator:method": "photovoltaic",
          "generator:output:electricity": "yes",
          "generator:source": "solar",
          "generator:type": "solar_photovoltaic_panel",
          "note": "possibly refine to smaller panels if better imagery is available",
          "power": "generator"
        }
      }
    },
    {
      "type": "Feature",
      "geometry": {
        "type": "Point",
        "coordinates": [
          122.9889001,
          10.8020661
        ]
      },
      "properties": {
        "osm_type": "way",
        "osm_id": 1394510183,
        "power": "generator",
        "generator_source": "solar",
        "generator_method": "photovoltaic",
        "name": null,
        "operator": null,
        "location": null,
        "all_tags": {
          "generator:method": "photovoltaic",
          "generator:output:electricity": "yes",
          "generator:source": "solar",
          "generator:type": "solar_photovoltaic_panel",
          "note": "possibly refine to smaller panels if better imagery is available",
          "power": "generator"
        }
      }
    },
    {
      "type": "Feature",
      "geometry": {
        "type": "Point",
        "coordinates": [
          122.9888984,
          10.8021642
        ]
      },
      "properties": {
        "osm_type": "way",
        "osm_id": 1394510184,
        "power": "generator",
        "generator_source": "solar",
        "generator_method": "photovoltaic",
        "name": null,
        "operator": null,
        "location": null,
        "all_tags": {
          "generator:method": "photovoltaic",
          "generator:output:electricity": "yes",
          "generator:source": "solar",
          "generator:type": "solar_photovoltaic_panel",
          "note": "possibly refine to smaller panels if better imagery is available",
          "power": "generator"
        }
      }
    },
    {
      "type": "Feature",
      "geometry": {
        "type": "Point",
        "coordinates": [
          122.9888975,
          10.8022137
        ]
      },
      "properties": {
        "osm_type": "way",
        "osm_id": 1394510185,
        "power": "generator",
        "generator_source": "solar",
        "generator_method": "photovoltaic",
        "name": null,
        "operator": null,
        "location": null,
        "all_tags": {
          "generator:method": "photovoltaic",
          "generator:output:electricity": "yes",
          "generator:source": "solar",
          "generator:type": "solar_photovoltaic_panel",
          "note": "possibly refine to smaller panels if better imagery is available",
          "power": "generator"
        }
      }
    },
    {
      "type": "Feature",
      "geometry": {
        "type": "Point",
        "coordinates": [
          122.9888993,
          10.8021156
        ]
      },
      "properties": {
        "osm_type": "way",
        "osm_id": 1394510186,
        "power": "generator",
        "generator_source": "solar",
        "generator_method": "photovoltaic",
        "name": null,
        "operator": null,
        "location": null,
        "all_tags": {
          "generator:method": "photovoltaic",
          "generator:output:electricity": "yes",
          "generator:source": "solar",
          "generator:type": "solar_photovoltaic_panel",
          "note": "possibly refine to smaller panels if better imagery is available",
          "power": "generator"
        }
      }
    },
    {
      "type": "Feature",
      "geometry": {
        "type": "Point",
        "coordinates": [
          122.9888967,
          10.8022627
        ]
      },
      "properties": {
        "osm_type": "way",
        "osm_id": 1394510187,
        "power": "generator",
        "generator_source": "solar",
        "generator_method": "photovoltaic",
        "name": null,
        "operator": null,
        "location": null,
        "all_tags": {
          "generator:method": "photovoltaic",
          "generator:output:electricity": "yes",
          "generator:source": "solar",
          "generator:type": "solar_photovoltaic_panel",
          "note": "possibly refine to smaller panels if better imagery is available",
          "power": "generator"
        }
      }
    },
    {
      "type": "Feature",
      "geometry": {
        "type": "Point",
        "coordinates": [
          122.9888949,
          10.8023608
        ]
      },
      "properties": {
        "osm_type": "way",
        "osm_id": 1394510188,
        "power": "generator",
        "generator_source": "solar",
        "generator_method": "photovoltaic",
        "name": null,
        "operator": null,
        "location": null,
        "all_tags": {
          "generator:method": "photovoltaic",
          "generator:output:electricity": "yes",
          "generator:source": "solar",
          "generator:type": "solar_photovoltaic_panel",
          "note": "possibly refine to smaller panels if better imagery is available",
          "power": "generator"
        }
      }
    },
    {
      "type": "Feature",
      "geometry": {
        "type": "Point",
        "coordinates": [
          122.9889996,
          10.8024113
        ]
      },
      "properties": {
        "osm_type": "way",
        "osm_id": 1394510189,
        "power": "generator",
        "generator_source": "solar",
        "generator_method": "photovoltaic",
        "name": null,
        "operator": null,
        "location": null,
        "all_tags": {
          "generator:method": "photovoltaic",
          "generator:output:electricity": "yes",
          "generator:source": "solar",
          "generator:type": "solar_photovoltaic_panel",
          "note": "possibly refine to smaller panels if better imagery is available",
          "power": "generator"
        }
      }
    },
    {
      "type": "Feature",
      "geometry": {
        "type": "Point",
        "coordinates": [
          122.9888958,
          10.8023121
        ]
      },
      "properties": {
        "osm_type": "way",
        "osm_id": 1394510190,
        "power": "generator",
        "generator_source": "solar",
        "generator_method": "photovoltaic",
        "name": null,
        "operator": null,
        "location": null,
        "all_tags": {
          "generator:method": "photovoltaic",
          "generator:output:electricity": "yes",
          "generator:source": "solar",
          "generator:type": "solar_photovoltaic_panel",
          "note": "possibly refine to smaller panels if better imagery is available",
          "power": "generator"
        }
      }
    },
    {
      "type": "Feature",
      "geometry": {
        "type": "Point",
        "coordinates": [
          122.9889951,
          10.8026542
        ]
      },
      "properties": {
        "osm_type": "way",
        "osm_id": 1394510191,
        "power": "generator",
        "generator_source": "solar",
        "generator_method": "photovoltaic",
        "name": null,
        "operator": null,
        "location": null,
        "all_tags": {
          "generator:method": "photovoltaic",
          "generator:output:electricity": "yes",
          "generator:source": "solar",
          "generator:type": "solar_photovoltaic_panel",
          "note": "possibly refine to smaller panels if better imagery is available",
          "power": "generator"
        }
      }
    },
    {
      "type": "Feature",
      "geometry": {
        "type": "Point",
        "coordinates": [
          122.9889934,
          10.8027523
        ]
      },
      "properties": {
        "osm_type": "way",
        "osm_id": 1394510192,
        "power": "generator",
        "generator_source": "solar",
        "generator_method": "photovoltaic",
        "name": null,
        "operator": null,
        "location": null,
        "all_tags": {
          "generator:method": "photovoltaic",
          "generator:output:electricity": "yes",
          "generator:source": "solar",
          "generator:type": "solar_photovoltaic_panel",
          "note": "possibly refine to smaller panels if better imagery is available",
          "power": "generator"
        }
      }
    },
    {
      "type": "Feature",
      "geometry": {
        "type": "Point",
        "coordinates": [
          122.9889924,
          10.8028017
        ]
      },
      "properties": {
        "osm_type": "way",
        "osm_id": 1394510193,
        "power": "generator",
        "generator_source": "solar",
        "generator_method": "photovoltaic",
        "name": null,
        "operator": null,
        "location": null,
        "all_tags": {
          "generator:method": "photovoltaic",
          "generator:output:electricity": "yes",
          "generator:source": "solar",
          "generator:type": "solar_photovoltaic_panel",
          "note": "possibly refine to smaller panels if better imagery is available",
          "power": "generator"
        }
      }
    },
    {
      "type": "Feature",
      "geometry": {
        "type": "Point",
        "coordinates": [
          122.9889943,
          10.8027035
        ]
      },
      "properties": {
        "osm_type": "way",
        "osm_id": 1394510194,
        "power": "generator",
        "generator_source": "solar",
        "generator_method": "photovoltaic",
        "name": null,
        "operator": null,
        "location": null,
        "all_tags": {
          "generator:method": "photovoltaic",
          "generator:output:electricity": "yes",
          "generator:source": "solar",
          "generator:type": "solar_photovoltaic_panel",
          "note": "possibly refine to smaller panels if better imagery is available",
          "power": "generator"
        }
      }
    },
    {
      "type": "Feature",
      "geometry": {
        "type": "Point",
        "coordinates": [
          122.9890934,
          10.8028515
        ]
      },
      "properties": {
        "osm_type": "way",
        "osm_id": 1394510195,
        "power": "generator",
        "generator_source": "solar",
        "generator_method": "photovoltaic",
        "name": null,
        "operator": null,
        "location": null,
        "all_tags": {
          "generator:method": "photovoltaic",
          "generator:output:electricity": "yes",
          "generator:source": "solar",
          "generator:type": "solar_photovoltaic_panel",
          "note": "possibly refine to smaller panels if better imagery is available",
          "power": "generator"
        }
      }
    },
    {
      "type": "Feature",
      "geometry": {
        "type": "Point",
        "coordinates": [
          122.9890936,
          10.802901
        ]
      },
      "properties": {
        "osm_type": "way",
        "osm_id": 1394510196,
        "power": "generator",
        "generator_source": "solar",
        "generator_method": "photovoltaic",
        "name": null,
        "operator": null,
        "location": null,
        "all_tags": {
          "generator:method": "photovoltaic",
          "generator:output:electricity": "yes",
          "generator:source": "solar",
          "generator:type": "solar_photovoltaic_panel",
          "note": "possibly refine to smaller panels if better imagery is available",
          "power": "generator"
        }
      }
    },
    {
      "type": "Feature",
      "geometry": {
        "type": "Point",
        "coordinates": [
          122.9889969,
          10.8025575
        ]
      },
      "properties": {
        "osm_type": "way",
        "osm_id": 1394510197,
        "power": "generator",
        "generator_source": "solar",
        "generator_method": "photovoltaic",
        "name": null,
        "operator": null,
        "location": null,
        "all_tags": {
          "generator:method": "photovoltaic",
          "generator:output:electricity": "yes",
          "generator:source": "solar",
          "generator:type": "solar_photovoltaic_panel",
          "note": "possibly refine to smaller panels if better imagery is available",
          "power": "generator"
        }
      }
    },
    {
      "type": "Feature",
      "geometry": {
        "type": "Point",
        "coordinates": [
          122.988996,
          10.8026069
        ]
      },
      "properties": {
        "osm_type": "way",
        "osm_id": 1394510198,
        "power": "generator",
        "generator_source": "solar",
        "generator_method": "photovoltaic",
        "name": null,
        "operator": null,
        "location": null,
        "all_tags": {
          "generator:method": "photovoltaic",
          "generator:output:electricity": "yes",
          "generator:source": "solar",
          "generator:type": "solar_photovoltaic_panel",
          "note": "possibly refine to smaller panels if better imagery is available",
          "power": "generator"
        }
      }
    },
    {
      "type": "Feature",
      "geometry": {
        "type": "Point",
        "coordinates": [
          122.9889978,
          10.8025088
        ]
      },
      "properties": {
        "osm_type": "way",
        "osm_id": 1394510199,
        "power": "generator",
        "generator_source": "solar",
        "generator_method": "photovoltaic",
        "name": null,
        "operator": null,
        "location": null,
        "all_tags": {
          "generator:method": "photovoltaic",
          "generator:output:electricity": "yes",
          "generator:source": "solar",
          "generator:type": "solar_photovoltaic_panel",
          "note": "possibly refine to smaller panels if better imagery is available",
          "power": "generator"
        }
      }
    },
    {
      "type": "Feature",
      "geometry": {
        "type": "Point",
        "coordinates": [
          122.9889988,
          10.8024593
        ]
      },
      "properties": {
        "osm_type": "way",
        "osm_id": 1394510200,
        "power": "generator",
        "generator_source": "solar",
        "generator_method": "photovoltaic",
        "name": null,
        "operator": null,
        "location": null,
        "all_tags": {
          "generator:method": "photovoltaic",
          "generator:output:electricity": "yes",
          "generator:source": "solar",
          "generator:type": "solar_photovoltaic_panel",
          "note": "possibly refine to smaller panels if better imagery is available",
          "power": "generator"
        }
      }
    },
    {
      "type": "Feature",
      "geometry": {
        "type": "Point",
        "coordinates": [
          122.9933653,
          10.8056189
        ]
      },
      "properties": {
        "osm_type": "way",
        "osm_id": 1394510201,
        "power": "generator",
        "generator_source": "solar",
        "generator_method": "photovoltaic",
        "name": null,
        "operator": null,
        "location": null,
        "all_tags": {
          "generator:method": "photovoltaic",
          "generator:output:electricity": "yes",
          "generator:source": "solar",
          "generator:type": "solar_photovoltaic_panel",
          "note": "possibly refine to smaller panels if better imagery is available",
          "power": "generator"
        }
      }
    },
    {
      "type": "Feature",
      "geometry": {
        "type": "Point",
        "coordinates": [
          122.9933644,
          10.8056684
        ]
      },
      "properties": {
        "osm_type": "way",
        "osm_id": 1394510202,
        "power": "generator",
        "generator_source": "solar",
        "generator_method": "photovoltaic",
        "name": null,
        "operator": null,
        "location": null,
        "all_tags": {
          "generator:method": "photovoltaic",
          "generator:output:electricity": "yes",
          "generator:source": "solar",
          "generator:type": "solar_photovoltaic_panel",
          "note": "possibly refine to smaller panels if better imagery is available",
          "power": "generator"
        }
      }
    },
    {
      "type": "Feature",
      "geometry": {
        "type": "Point",
        "coordinates": [
          122.9933662,
          10.8055703
        ]
      },
      "properties": {
        "osm_type": "way",
        "osm_id": 1394510203,
        "power": "generator",
        "generator_source": "solar",
        "generator_method": "photovoltaic",
        "name": null,
        "operator": null,
        "location": null,
        "all_tags": {
          "generator:method": "photovoltaic",
          "generator:output:electricity": "yes",
          "generator:source": "solar",
          "generator:type": "solar_photovoltaic_panel",
          "note": "possibly refine to smaller panels if better imagery is available",
          "power": "generator"
        }
      }
    },
    {
      "type": "Feature",
      "geometry": {
        "type": "Point",
        "coordinates": [
          122.9933635,
          10.8057164
        ]
      },
      "properties": {
        "osm_type": "way",
        "osm_id": 1394510204,
        "power": "generator",
        "generator_source": "solar",
        "generator_method": "photovoltaic",
        "name": null,
        "operator": null,
        "location": null,
        "all_tags": {
          "generator:method": "photovoltaic",
          "generator:output:electricity": "yes",
          "generator:source": "solar",
          "generator:type": "solar_photovoltaic_panel",
          "note": "possibly refine to smaller panels if better imagery is available",
          "power": "generator"
        }
      }
    },
    {
      "type": "Feature",
      "geometry": {
        "type": "Point",
        "coordinates": [
          122.9932487,
          10.8058162
        ]
      },
      "properties": {
        "osm_type": "way",
        "osm_id": 1394510205,
        "power": "generator",
        "generator_source": "solar",
        "generator_method": "photovoltaic",
        "name": null,
        "operator": null,
        "location": null,
        "all_tags": {
          "generator:method": "photovoltaic",
          "generator:output:electricity": "yes",
          "generator:source": "solar",
          "generator:type": "solar_photovoltaic_panel",
          "note": "possibly refine to smaller panels if better imagery is available",
          "power": "generator"
        }
      }
    },
    {
      "type": "Feature",
      "geometry": {
        "type": "Point",
        "coordinates": [
          122.9932478,
          10.8058656
        ]
      },
      "properties": {
        "osm_type": "way",
        "osm_id": 1394510206,
        "power": "generator",
        "generator_source": "solar",
        "generator_method": "photovoltaic",
        "name": null,
        "operator": null,
        "location": null,
        "all_tags": {
          "generator:method": "photovoltaic",
          "generator:output:electricity": "yes",
          "generator:source": "solar",
          "generator:type": "solar_photovoltaic_panel",
          "note": "possibly refine to smaller panels if better imagery is available",
          "power": "generator"
        }
      }
    },
    {
      "type": "Feature",
      "geometry": {
        "type": "Point",
        "coordinates": [
          122.9932496,
          10.8057676
        ]
      },
      "properties": {
        "osm_type": "way",
        "osm_id": 1394510207,
        "power": "generator",
        "generator_source": "solar",
        "generator_method": "photovoltaic",
        "name": null,
        "operator": null,
        "location": null,
        "all_tags": {
          "generator:method": "photovoltaic",
          "generator:output:electricity": "yes",
          "generator:source": "solar",
          "generator:type": "solar_photovoltaic_panel",
          "note": "possibly refine to smaller panels if better imagery is available",
          "power": "generator"
        }
      }
    },
    {
      "type": "Feature",
      "geometry": {
        "type": "Point",
        "coordinates": [
          122.9931583,
          10.8059145
        ]
      },
      "properties": {
        "osm_type": "way",
        "osm_id": 1394510208,
        "power": "generator",
        "generator_source": "solar",
        "generator_method": "photovoltaic",
        "name": null,
        "operator": null,
        "location": null,
        "all_tags": {
          "generator:method": "photovoltaic",
          "generator:output:electricity": "yes",
          "generator:source": "solar",
          "generator:type": "solar_photovoltaic_panel",
          "note": "possibly refine to smaller panels if better imagery is available",
          "power": "generator"
        }
      }
    },
    {
      "type": "Feature",
      "geometry": {
        "type": "Point",
        "coordinates": [
          122.9929717,
          10.8060122
        ]
      },
      "properties": {
        "osm_type": "way",
        "osm_id": 1394510209,
        "power": "generator",
        "generator_source": "solar",
        "generator_method": "photovoltaic",
        "name": null,
        "operator": null,
        "location": null,
        "all_tags": {
          "generator:method": "photovoltaic",
          "generator:output:electricity": "yes",
          "generator:source": "solar",
          "generator:type": "solar_photovoltaic_panel",
          "note": "possibly refine to smaller panels if better imagery is available",
          "power": "generator"
        }
      }
    },
    {
      "type": "Feature",
      "geometry": {
        "type": "Point",
        "coordinates": [
          122.992878,
          10.8060615
        ]
      },
      "properties": {
        "osm_type": "way",
        "osm_id": 1394510210,
        "power": "generator",
        "generator_source": "solar",
        "generator_method": "photovoltaic",
        "name": null,
        "operator": null,
        "location": null,
        "all_tags": {
          "generator:method": "photovoltaic",
          "generator:output:electricity": "yes",
          "generator:source": "solar",
          "generator:type": "solar_photovoltaic_panel",
          "note": "possibly refine to smaller panels if better imagery is available",
          "power": "generator"
        }
      }
    },
    {
      "type": "Feature",
      "geometry": {
        "type": "Point",
        "coordinates": [
          122.99307,
          10.8059638
        ]
      },
      "properties": {
        "osm_type": "way",
        "osm_id": 1394510211,
        "power": "generator",
        "generator_source": "solar",
        "generator_method": "photovoltaic",
        "name": null,
        "operator": null,
        "location": null,
        "all_tags": {
          "generator:method": "photovoltaic",
          "generator:output:electricity": "yes",
          "generator:source": "solar",
          "generator:type": "solar_photovoltaic_panel",
          "note": "possibly refine to smaller panels if better imagery is available",
          "power": "generator"
        }
      }
    },
    {
      "type": "Feature",
      "geometry": {
        "type": "Point",
        "coordinates": [
          122.9926064,
          10.8062071
        ]
      },
      "properties": {
        "osm_type": "way",
        "osm_id": 1394510212,
        "power": "generator",
        "generator_source": "solar",
        "generator_method": "photovoltaic",
        "name": null,
        "operator": null,
        "location": null,
        "all_tags": {
          "generator:method": "photovoltaic",
          "generator:output:electricity": "yes",
          "generator:source": "solar",
          "generator:type": "solar_photovoltaic_panel",
          "note": "possibly refine to smaller panels if better imagery is available",
          "power": "generator"
        }
      }
    },
    {
      "type": "Feature",
      "geometry": {
        "type": "Point",
        "coordinates": [
          122.9926947,
          10.8061585
        ]
      },
      "properties": {
        "osm_type": "way",
        "osm_id": 1394510213,
        "power": "generator",
        "generator_source": "solar",
        "generator_method": "photovoltaic",
        "name": null,
        "operator": null,
        "location": null,
        "all_tags": {
          "generator:method": "photovoltaic",
          "generator:output:electricity": "yes",
          "generator:source": "solar",
          "generator:type": "solar_photovoltaic_panel",
          "note": "possibly refine to smaller panels if better imagery is available",
          "power": "generator"
        }
      }
    },
    {
      "type": "Feature",
      "geometry": {
        "type": "Point",
        "coordinates": [
          122.992785,
          10.8061093
        ]
      },
      "properties": {
        "osm_type": "way",
        "osm_id": 1394510214,
        "power": "generator",
        "generator_source": "solar",
        "generator_method": "photovoltaic",
        "name": null,
        "operator": null,
        "location": null,
        "all_tags": {
          "generator:method": "photovoltaic",
          "generator:output:electricity": "yes",
          "generator:source": "solar",
          "generator:type": "solar_photovoltaic_panel",
          "note": "possibly refine to smaller panels if better imagery is available",
          "power": "generator"
        }
      }
    },
    {
      "type": "Feature",
      "geometry": {
        "type": "Point",
        "coordinates": [
          122.9932961,
          10.8053301
        ]
      },
      "properties": {
        "osm_type": "way",
        "osm_id": 1394510215,
        "power": "generator",
        "generator_source": "solar",
        "generator_method": "photovoltaic",
        "name": null,
        "operator": null,
        "location": null,
        "all_tags": {
          "generator:method": "photovoltaic",
          "generator:output:electricity": "yes",
          "generator:source": "solar",
          "generator:type": "solar_photovoltaic_panel",
          "note": "possibly refine to smaller panels if better imagery is available",
          "power": "generator"
        }
      }
    },
    {
      "type": "Feature",
      "geometry": {
        "type": "Point",
        "coordinates": [
          122.9932067,
          10.8052316
        ]
      },
      "properties": {
        "osm_type": "way",
        "osm_id": 1394510216,
        "power": "generator",
        "generator_source": "solar",
        "generator_method": "photovoltaic",
        "name": null,
        "operator": null,
        "location": null,
        "all_tags": {
          "generator:method": "photovoltaic",
          "generator:output:electricity": "yes",
          "generator:source": "solar",
          "generator:type": "solar_photovoltaic_panel",
          "note": "possibly refine to smaller panels if better imagery is available",
          "power": "generator"
        }
      }
    },
    {
      "type": "Feature",
      "geometry": {
        "type": "Point",
        "coordinates": [
          122.9932952,
          10.8053795
        ]
      },
      "properties": {
        "osm_type": "way",
        "osm_id": 1394510217,
        "power": "generator",
        "generator_source": "solar",
        "generator_method": "photovoltaic",
        "name": null,
        "operator": null,
        "location": null,
        "all_tags": {
          "generator:method": "photovoltaic",
          "generator:output:electricity": "yes",
          "generator:source": "solar",
          "generator:type": "solar_photovoltaic_panel",
          "note": "possibly refine to smaller panels if better imagery is available",
          "power": "generator"
        }
      }
    },
    {
      "type": "Feature",
      "geometry": {
        "type": "Point",
        "coordinates": [
          122.9932058,
          10.805281
        ]
      },
      "properties": {
        "osm_type": "way",
        "osm_id": 1394510218,
        "power": "generator",
        "generator_source": "solar",
        "generator_method": "photovoltaic",
        "name": null,
        "operator": null,
        "location": null,
        "all_tags": {
          "generator:method": "photovoltaic",
          "generator:output:electricity": "yes",
          "generator:source": "solar",
          "generator:type": "solar_photovoltaic_panel",
          "note": "possibly refine to smaller panels if better imagery is available",
          "power": "generator"
        }
      }
    },
    {
      "type": "Feature",
      "geometry": {
        "type": "Point",
        "coordinates": [
          122.9932943,
          10.8054275
        ]
      },
      "properties": {
        "osm_type": "way",
        "osm_id": 1394510219,
        "power": "generator",
        "generator_source": "solar",
        "generator_method": "photovoltaic",
        "name": null,
        "operator": null,
        "location": null,
        "all_tags": {
          "generator:method": "photovoltaic",
          "generator:output:electricity": "yes",
          "generator:source": "solar",
          "generator:type": "solar_photovoltaic_panel",
          "note": "possibly refine to smaller panels if better imagery is available",
          "power": "generator"
        }
      }
    },
    {
      "type": "Feature",
      "geometry": {
        "type": "Point",
        "coordinates": [
          122.9932934,
          10.8054769
        ]
      },
      "properties": {
        "osm_type": "way",
        "osm_id": 1394510220,
        "power": "generator",
        "generator_source": "solar",
        "generator_method": "photovoltaic",
        "name": null,
        "operator": null,
        "location": null,
        "all_tags": {
          "generator:method": "photovoltaic",
          "generator:output:electricity": "yes",
          "generator:source": "solar",
          "generator:type": "solar_photovoltaic_panel",
          "note": "possibly refine to smaller panels if better imagery is available",
          "power": "generator"
        }
      }
    },
    {
      "type": "Feature",
      "geometry": {
        "type": "Point",
        "coordinates": [
          122.9928451,
          10.8045451
        ]
      },
      "properties": {
        "osm_type": "way",
        "osm_id": 1394510221,
        "power": "generator",
        "generator_source": "solar",
        "generator_method": "photovoltaic",
        "name": null,
        "operator": null,
        "location": null,
        "all_tags": {
          "generator:method": "photovoltaic",
          "generator:output:electricity": "yes",
          "generator:source": "solar",
          "generator:type": "solar_photovoltaic_panel",
          "note": "possibly refine to smaller panels if better imagery is available",
          "power": "generator"
        }
      }
    },
    {
      "type": "Feature",
      "geometry": {
        "type": "Point",
        "coordinates": [
          122.9928442,
          10.8045945
        ]
      },
      "properties": {
        "osm_type": "way",
        "osm_id": 1394510222,
        "power": "generator",
        "generator_source": "solar",
        "generator_method": "photovoltaic",
        "name": null,
        "operator": null,
        "location": null,
        "all_tags": {
          "generator:method": "photovoltaic",
          "generator:output:electricity": "yes",
          "generator:source": "solar",
          "generator:type": "solar_photovoltaic_panel",
          "note": "possibly refine to smaller panels if better imagery is available",
          "power": "generator"
        }
      }
    },
    {
      "type": "Feature",
      "geometry": {
        "type": "Point",
        "coordinates": [
          122.992846,
          10.8044964
        ]
      },
      "properties": {
        "osm_type": "way",
        "osm_id": 1394510223,
        "power": "generator",
        "generator_source": "solar",
        "generator_method": "photovoltaic",
        "name": null,
        "operator": null,
        "location": null,
        "all_tags": {
          "generator:method": "photovoltaic",
          "generator:output:electricity": "yes",
          "generator:source": "solar",
          "generator:type": "solar_photovoltaic_panel",
          "note": "possibly refine to smaller panels if better imagery is available",
          "power": "generator"
        }
      }
    },
    {
      "type": "Feature",
      "geometry": {
        "type": "Point",
        "coordinates": [
          122.9928416,
          10.8047408
        ]
      },
      "properties": {
        "osm_type": "way",
        "osm_id": 1394510224,
        "power": "generator",
        "generator_source": "solar",
        "generator_method": "photovoltaic",
        "name": null,
        "operator": null,
        "location": null,
        "all_tags": {
          "generator:method": "photovoltaic",
          "generator:output:electricity": "yes",
          "generator:source": "solar",
          "generator:type": "solar_photovoltaic_panel",
          "note": "possibly refine to smaller panels if better imagery is available",
          "power": "generator"
        }
      }
    },
    {
      "type": "Feature",
      "geometry": {
        "type": "Point",
        "coordinates": [
          122.9933087,
          10.8047908
        ]
      },
      "properties": {
        "osm_type": "way",
        "osm_id": 1394510225,
        "power": "generator",
        "generator_source": "solar",
        "generator_method": "photovoltaic",
        "name": null,
        "operator": null,
        "location": null,
        "all_tags": {
          "generator:method": "photovoltaic",
          "generator:output:electricity": "yes",
          "generator:source": "solar",
          "generator:type": "solar_photovoltaic_panel",
          "note": "possibly refine to smaller panels if better imagery is available",
          "power": "generator"
        }
      }
    },
    {
      "type": "Feature",
      "geometry": {
        "type": "Point",
        "coordinates": [
          122.9928425,
          10.804692
        ]
      },
      "properties": {
        "osm_type": "way",
        "osm_id": 1394510226,
        "power": "generator",
        "generator_source": "solar",
        "generator_method": "photovoltaic",
        "name": null,
        "operator": null,
        "location": null,
        "all_tags": {
          "generator:method": "photovoltaic",
          "generator:output:electricity": "yes",
          "generator:source": "solar",
          "generator:type": "solar_photovoltaic_panel",
          "note": "possibly refine to smaller panels if better imagery is available",
          "power": "generator"
        }
      }
    },
    {
      "type": "Feature",
      "geometry": {
        "type": "Point",
        "coordinates": [
          122.9928433,
          10.8046425
        ]
      },
      "properties": {
        "osm_type": "way",
        "osm_id": 1394510227,
        "power": "generator",
        "generator_source": "solar",
        "generator_method": "photovoltaic",
        "name": null,
        "operator": null,
        "location": null,
        "all_tags": {
          "generator:method": "photovoltaic",
          "generator:output:electricity": "yes",
          "generator:source": "solar",
          "generator:type": "solar_photovoltaic_panel",
          "note": "possibly refine to smaller panels if better imagery is available",
          "power": "generator"
        }
      }
    },
    {
      "type": "Feature",
      "geometry": {
        "type": "Point",
        "coordinates": [
          122.993306,
          10.804938
        ]
      },
      "properties": {
        "osm_type": "way",
        "osm_id": 1394510228,
        "power": "generator",
        "generator_source": "solar",
        "generator_method": "photovoltaic",
        "name": null,
        "operator": null,
        "location": null,
        "all_tags": {
          "generator:method": "photovoltaic",
          "generator:output:electricity": "yes",
          "generator:source": "solar",
          "generator:type": "solar_photovoltaic_panel",
          "note": "possibly refine to smaller panels if better imagery is available",
          "power": "generator"
        }
      }
    },
    {
      "type": "Feature",
      "geometry": {
        "type": "Point",
        "coordinates": [
          122.9933051,
          10.8049874
        ]
      },
      "properties": {
        "osm_type": "way",
        "osm_id": 1394510229,
        "power": "generator",
        "generator_source": "solar",
        "generator_method": "photovoltaic",
        "name": null,
        "operator": null,
        "location": null,
        "all_tags": {
          "generator:method": "photovoltaic",
          "generator:output:electricity": "yes",
          "generator:source": "solar",
          "generator:type": "solar_photovoltaic_panel",
          "note": "possibly refine to smaller panels if better imagery is available",
          "power": "generator"
        }
      }
    },
    {
      "type": "Feature",
      "geometry": {
        "type": "Point",
        "coordinates": [
          122.9933069,
          10.8048893
        ]
      },
      "properties": {
        "osm_type": "way",
        "osm_id": 1394510230,
        "power": "generator",
        "generator_source": "solar",
        "generator_method": "photovoltaic",
        "name": null,
        "operator": null,
        "location": null,
        "all_tags": {
          "generator:method": "photovoltaic",
          "generator:output:electricity": "yes",
          "generator:source": "solar",
          "generator:type": "solar_photovoltaic_panel",
          "note": "possibly refine to smaller panels if better imagery is available",
          "power": "generator"
        }
      }
    },
    {
      "type": "Feature",
      "geometry": {
        "type": "Point",
        "coordinates": [
          122.9933078,
          10.8048398
        ]
      },
      "properties": {
        "osm_type": "way",
        "osm_id": 1394510231,
        "power": "generator",
        "generator_source": "solar",
        "generator_method": "photovoltaic",
        "name": null,
        "operator": null,
        "location": null,
        "all_tags": {
          "generator:method": "photovoltaic",
          "generator:output:electricity": "yes",
          "generator:source": "solar",
          "generator:type": "solar_photovoltaic_panel",
          "note": "possibly refine to smaller panels if better imagery is available",
          "power": "generator"
        }
      }
    },
    {
      "type": "Feature",
      "geometry": {
        "type": "Point",
        "coordinates": [
          122.9933032,
          10.8050849
        ]
      },
      "properties": {
        "osm_type": "way",
        "osm_id": 1394510232,
        "power": "generator",
        "generator_source": "solar",
        "generator_method": "photovoltaic",
        "name": null,
        "operator": null,
        "location": null,
        "all_tags": {
          "generator:method": "photovoltaic",
          "generator:output:electricity": "yes",
          "generator:source": "solar",
          "generator:type": "solar_photovoltaic_panel",
          "note": "possibly refine to smaller panels if better imagery is available",
          "power": "generator"
        }
      }
    },
    {
      "type": "Feature",
      "geometry": {
        "type": "Point",
        "coordinates": [
          122.9933042,
          10.8050355
        ]
      },
      "properties": {
        "osm_type": "way",
        "osm_id": 1394510233,
        "power": "generator",
        "generator_source": "solar",
        "generator_method": "photovoltaic",
        "name": null,
        "operator": null,
        "location": null,
        "all_tags": {
          "generator:method": "photovoltaic",
          "generator:output:electricity": "yes",
          "generator:source": "solar",
          "generator:type": "solar_photovoltaic_panel",
          "note": "possibly refine to smaller panels if better imagery is available",
          "power": "generator"
        }
      }
    },
    {
      "type": "Feature",
      "geometry": {
        "type": "Point",
        "coordinates": [
          122.9933023,
          10.8051336
        ]
      },
      "properties": {
        "osm_type": "way",
        "osm_id": 1394510234,
        "power": "generator",
        "generator_source": "solar",
        "generator_method": "photovoltaic",
        "name": null,
        "operator": null,
        "location": null,
        "all_tags": {
          "generator:method": "photovoltaic",
          "generator:output:electricity": "yes",
          "generator:source": "solar",
          "generator:type": "solar_photovoltaic_panel",
          "note": "possibly refine to smaller panels if better imagery is available",
          "power": "generator"
        }
      }
    },
    {
      "type": "Feature",
      "geometry": {
        "type": "Point",
        "coordinates": [
          122.9932076,
          10.8051843
        ]
      },
      "properties": {
        "osm_type": "way",
        "osm_id": 1394510235,
        "power": "generator",
        "generator_source": "solar",
        "generator_method": "photovoltaic",
        "name": null,
        "operator": null,
        "location": null,
        "all_tags": {
          "generator:method": "photovoltaic",
          "generator:output:electricity": "yes",
          "generator:source": "solar",
          "generator:type": "solar_photovoltaic_panel",
          "note": "possibly refine to smaller panels if better imagery is available",
          "power": "generator"
        }
      }
    },
    {
      "type": "Feature",
      "geometry": {
        "type": "Point",
        "coordinates": [
          122.964343,
          10.5904705
        ]
      },
      "properties": {
        "osm_type": "way",
        "osm_id": 1416231751,
        "power": "plant",
        "generator_source": null,
        "generator_method": null,
        "name": null,
        "operator": null,
        "location": null,
        "all_tags": {
          "plant:method": "photovoltaic",
          "plant:output:electricity": "yes",
          "plant:source": "solar",
          "power": "plant"
        }
      }
    }
  ],
  "_meta": {
    "source": "OpenStreetMap via Overpass",
    "region": "bacolod",
    "query_bbox": [
      10.5,
      122.8,
      10.95,
      123.1
    ],
    "fetched_utc": "2026-05-15T13:34:19Z",
    "unique_count": 258,
    "location_breakdown": {
      "roof": 13,
      "(unspecified)": 245
    }
  }
}