{"type":"FeatureCollection","features":[{"type":"Feature","geometry":{"type":"Point","coordinates":[121.13263256705883,14.201037317647058]},"properties":{"tile_id":"14.20108_121.13200","score":0.967,"tier":"high","tile_bbox":[121.13090000000005,14.19998,121.13310000000004,14.202179999999998],"tile_center":[121.13200000000005,14.20108],"anchored_to_building":true,"osm_status":"new","kwp_estimate":244.6,"lgu_name":"Calamba","province":"Laguna"}},{"type":"Feature","geometry":{"type":"Point","coordinates":[120.95728000000001,14.20324]},"properties":{"tile_id":"14.20324_120.95728","score":0.879,"tier":"high","tile_bbox":[120.95618000000002,14.20214,120.95838,14.204339999999998],"tile_center":[120.95728000000001,14.20324],"anchored_to_building":false,"osm_status":"new","lgu_name":"Silang","province":"Cavite"}},{"type":"Feature","geometry":{"type":"Point","coordinates":[120.96026974421054,14.20317359473684]},"properties":{"tile_id":"14.20324_120.95952","score":0.977,"tier":"high","tile_bbox":[120.95842000000002,14.20214,120.96062,14.204339999999998],"tile_center":[120.95952000000001,14.20324],"anchored_to_building":true,"osm_status":"new","kwp_estimate":156.1,"lgu_name":"Silang","province":"Cavite"}},{"type":"Feature","geometry":{"type":"Point","coordinates":[120.96176000000001,14.20324]},"properties":{"tile_id":"14.20324_120.96176","score":0.859,"tier":"high","tile_bbox":[120.96066000000002,14.20214,120.96286,14.204339999999998],"tile_center":[120.96176000000001,14.20324],"anchored_to_building":false,"osm_status":"new","lgu_name":"Silang","province":"Cavite","kwp_estimate":113.9}},{"type":"Feature","geometry":{"type":"Point","coordinates":[121.08916564507042,14.20256533943662]},"properties":{"tile_id":"14.20324_121.08944","score":0.966,"tier":"high","tile_bbox":[121.08834000000004,14.20214,121.09054000000003,14.204339999999998],"tile_center":[121.08944000000004,14.20324],"anchored_to_building":true,"osm_status":"new","kwp_estimate":847.2,"lgu_name":"Calamba","province":"Laguna"}},{"type":"Feature","geometry":{"type":"Point","coordinates":[121.09168000000004,14.20324]},"properties":{"tile_id":"14.20324_121.09168","score":0.943,"tier":"high","tile_bbox":[121.09058000000005,14.20214,121.09278000000003,14.204339999999998],"tile_center":[121.09168000000004,14.20324],"anchored_to_building":false,"osm_status":"new","lgu_name":"Calamba","province":"Laguna"}},{"type":"Feature","geometry":{"type":"Point","coordinates":[121.08720000000004,14.2054]},"properties":{"tile_id":"14.20540_121.08720","score":0.981,"tier":"high","tile_bbox":[121.08610000000004,14.2043,121.08830000000003,14.206499999999998],"tile_center":[121.08720000000004,14.2054],"anchored_to_building":false,"osm_status":"new","lgu_name":"Calamba","province":"Laguna"}},{"type":"Feature","geometry":{"type":"Point","coordinates":[121.08969399189189,14.206254035135135]},"properties":{"tile_id":"14.20540_121.08944","score":0.967,"tier":"high","tile_bbox":[121.08834000000004,14.2043,121.09054000000003,14.206499999999998],"tile_center":[121.08944000000004,14.2054],"anchored_to_building":true,"osm_status":"new","kwp_estimate":1284.2,"lgu_name":"Calamba","province":"Laguna"}},{"type":"Feature","geometry":{"type":"Point","coordinates":[121.09168000000004,14.2054]},"properties":{"tile_id":"14.20540_121.09168","score":0.98,"tier":"high","tile_bbox":[121.09058000000005,14.2043,121.09278000000003,14.206499999999998],"tile_center":[121.09168000000004,14.2054],"anchored_to_building":false,"osm_status":"new","lgu_name":"Calamba","province":"Laguna","kwp_estimate":1284.2}},{"type":"Feature","geometry":{"type":"Point","coordinates":[120.90576,14.209719999999999]},"properties":{"tile_id":"14.20972_120.90576","score":0.816,"tier":"candidate","tile_bbox":[120.90466,14.20862,120.90686,14.210819999999998],"tile_center":[120.90576,14.209719999999999],"anchored_to_building":false,"osm_status":"new"}},{"type":"Feature","geometry":{"type":"Point","coordinates":[121.07982932087911,14.211426413186812]},"properties":{"tile_id":"14.20972_121.08048","score":0.981,"tier":"high","tile_bbox":[121.07938000000004,14.20862,121.08158000000003,14.210819999999998],"tile_center":[121.08048000000004,14.209719999999999],"anchored_to_building":true,"osm_status":"new","kwp_estimate":392.1,"lgu_name":"Calamba","province":"Laguna"}},{"type":"Feature","geometry":{"type":"Point","coordinates":[121.08495164285715,14.208985911428572]},"properties":{"tile_id":"14.20972_121.08496","score":0.967,"tier":"high","tile_bbox":[121.08386000000004,14.20862,121.08606000000003,14.210819999999998],"tile_center":[121.08496000000004,14.209719999999999],"anchored_to_building":true,"osm_status":"new","kwp_estimate":1541.1,"lgu_name":"Calamba","province":"Laguna"}},{"type":"Feature","geometry":{"type":"Point","coordinates":[121.09152309466667,14.210414709333334]},"properties":{"tile_id":"14.20972_121.09168","score":0.901,"tier":"high","tile_bbox":[121.09058000000005,14.20862,121.09278000000003,14.210819999999998],"tile_center":[121.09168000000004,14.209719999999999],"anchored_to_building":true,"osm_status":"new","kwp_estimate":984.5,"lgu_name":"Calamba","province":"Laguna"}},{"type":"Feature","geometry":{"type":"Point","coordinates":[121.09392000000004,14.209719999999999]},"properties":{"tile_id":"14.20972_121.09392","score":0.746,"tier":"candidate","tile_bbox":[121.09282000000005,14.20862,121.09502000000003,14.210819999999998],"tile_center":[121.09392000000004,14.209719999999999],"anchored_to_building":false,"osm_status":"new","lgu_name":"Calamba","province":"Laguna"}},{"type":"Feature","geometry":{"type":"Point","coordinates":[120.96848000000001,14.211879999999999]},"properties":{"tile_id":"14.21188_120.96848","score":0.84,"tier":"candidate","tile_bbox":[120.96738000000002,14.21078,120.96958000000001,14.212979999999998],"tile_center":[120.96848000000001,14.211879999999999],"anchored_to_building":false,"osm_status":"new","lgu_name":"Silang","province":"Cavite"}},{"type":"Feature","geometry":{"type":"Point","coordinates":[121.07982932087911,14.211426413186812]},"properties":{"tile_id":"14.21188_121.08048","score":0.937,"tier":"high","tile_bbox":[121.07938000000004,14.21078,121.08158000000003,14.212979999999998],"tile_center":[121.08048000000004,14.211879999999999],"anchored_to_building":true,"osm_status":"new","kwp_estimate":269.6,"lgu_name":"Calamba","province":"Laguna"}},{"type":"Feature","geometry":{"type":"Point","coordinates":[121.08496000000004,14.211879999999999]},"properties":{"tile_id":"14.21188_121.08496","score":0.958,"tier":"high","tile_bbox":[121.08386000000004,14.21078,121.08606000000003,14.212979999999998],"tile_center":[121.08496000000004,14.211879999999999],"anchored_to_building":false,"osm_status":"new","lgu_name":"Calamba","province":"Laguna"}},{"type":"Feature","geometry":{"type":"Point","coordinates":[121.09152309466667,14.210414709333334]},"properties":{"tile_id":"14.21188_121.09168","score":0.936,"tier":"high","tile_bbox":[121.09058000000005,14.21078,121.09278000000003,14.212979999999998],"tile_center":[121.09168000000004,14.211879999999999],"anchored_to_building":true,"osm_status":"new","kwp_estimate":984.5,"lgu_name":"Calamba","province":"Laguna"}},{"type":"Feature","geometry":{"type":"Point","coordinates":[121.09245275999999,14.212260605333334]},"properties":{"tile_id":"14.21188_121.09392","score":0.941,"tier":"high","tile_bbox":[121.09282000000005,14.21078,121.09502000000003,14.212979999999998],"tile_center":[121.09392000000004,14.211879999999999],"anchored_to_building":true,"osm_status":"new","kwp_estimate":447.8,"lgu_name":"Calamba","province":"Laguna"}},{"type":"Feature","geometry":{"type":"Point","coordinates":[120.96788572803737,14.21328920186916]},"properties":{"tile_id":"14.21404_120.96848","score":0.878,"tier":"high","tile_bbox":[120.96738000000002,14.21294,120.96958000000001,14.215139999999998],"tile_center":[120.96848000000001,14.214039999999999],"anchored_to_building":true,"osm_status":"new","kwp_estimate":101.5,"lgu_name":"Silang","province":"Cavite"}},{"type":"Feature","geometry":{"type":"Point","coordinates":[121.08792017468355,14.214733093670887]},"properties":{"tile_id":"14.21404_121.08720","score":0.948,"tier":"high","tile_bbox":[121.08610000000004,14.21294,121.08830000000003,14.215139999999998],"tile_center":[121.08720000000004,14.214039999999999],"anchored_to_building":true,"osm_status":"new","kwp_estimate":447.6,"lgu_name":"Calamba","province":"Laguna"}},{"type":"Feature","geometry":{"type":"Point","coordinates":[121.03568000000003,14.218359999999999]},"properties":{"tile_id":"14.21836_121.03568","score":0.803,"tier":"candidate","tile_bbox":[121.03458000000003,14.21726,121.03678000000002,14.219459999999998],"tile_center":[121.03568000000003,14.218359999999999],"anchored_to_building":false,"osm_status":"new","lgu_name":"Silang","province":"Cavite"}},{"type":"Feature","geometry":{"type":"Point","coordinates":[121.10288000000004,14.220519999999999]},"properties":{"tile_id":"14.22052_121.10288","score":0.715,"tier":"candidate","tile_bbox":[121.10178000000005,14.21942,121.10398000000004,14.221619999999998],"tile_center":[121.10288000000004,14.220519999999999],"anchored_to_building":false,"osm_status":"new","lgu_name":"Calamba","province":"Laguna"}},{"type":"Feature","geometry":{"type":"Point","coordinates":[121.07082655578948,14.223728666315788]},"properties":{"tile_id":"14.22268_121.07152","score":0.956,"tier":"high","tile_bbox":[121.07042000000004,14.22158,121.07262000000003,14.223779999999998],"tile_center":[121.07152000000004,14.222679999999999],"anchored_to_building":true,"osm_status":"new","kwp_estimate":123.7,"lgu_name":"Cabuyao","province":"Laguna"}},{"type":"Feature","geometry":{"type":"Point","coordinates":[121.07790907042252,14.22283541971831]},"properties":{"tile_id":"14.22268_121.07824","score":0.92,"tier":"high","tile_bbox":[121.07714000000004,14.22158,121.07934000000003,14.223779999999998],"tile_center":[121.07824000000004,14.222679999999999],"anchored_to_building":true,"osm_status":"new","kwp_estimate":214.3,"lgu_name":"Cabuyao","province":"Laguna"}},{"type":"Feature","geometry":{"type":"Point","coordinates":[121.11184000000004,14.222679999999999]},"properties":{"tile_id":"14.22268_121.11184","score":0.85,"tier":"high","tile_bbox":[121.11074000000005,14.22158,121.11294000000004,14.223779999999998],"tile_center":[121.11184000000004,14.222679999999999],"anchored_to_building":false,"osm_status":"new","lgu_name":"Calamba","province":"Laguna","kwp_estimate":190.6}},{"type":"Feature","geometry":{"type":"Point","coordinates":[121.11323490666668,14.222026038666666]},"properties":{"tile_id":"14.22268_121.11408","score":0.878,"tier":"high","tile_bbox":[121.11298000000005,14.22158,121.11518000000004,14.223779999999998],"tile_center":[121.11408000000004,14.222679999999999],"anchored_to_building":true,"osm_status":"new","kwp_estimate":190.6,"lgu_name":"Calamba","province":"Laguna"}},{"type":"Feature","geometry":{"type":"Point","coordinates":[121.11632000000004,14.222679999999999]},"properties":{"tile_id":"14.22268_121.11632","score":0.838,"tier":"candidate","tile_bbox":[121.11522000000005,14.22158,121.11742000000004,14.223779999999998],"tile_center":[121.11632000000004,14.222679999999999],"anchored_to_building":false,"osm_status":"new","lgu_name":"Calamba","province":"Laguna"}},{"type":"Feature","geometry":{"type":"Point","coordinates":[121.14992000000005,14.222679999999999]},"properties":{"tile_id":"14.22268_121.14992","score":0.789,"tier":"candidate","tile_bbox":[121.14882000000006,14.22158,121.15102000000005,14.223779999999998],"tile_center":[121.14992000000005,14.222679999999999],"anchored_to_building":false,"osm_status":"new","lgu_name":"Calamba","province":"Laguna"}},{"type":"Feature","geometry":{"type":"Point","coordinates":[121.08720000000004,14.224839999999999]},"properties":{"tile_id":"14.22484_121.08720","score":0.929,"tier":"high","tile_bbox":[121.08610000000004,14.22374,121.08830000000003,14.225939999999998],"tile_center":[121.08720000000004,14.224839999999999],"anchored_to_building":false,"osm_status":"new","lgu_name":"Cabuyao","province":"Laguna"}},{"type":"Feature","geometry":{"type":"Point","coordinates":[121.11856000000004,14.224839999999999]},"properties":{"tile_id":"14.22484_121.11856","score":0.833,"tier":"candidate","tile_bbox":[121.11746000000005,14.22374,121.11966000000004,14.225939999999998],"tile_center":[121.11856000000004,14.224839999999999],"anchored_to_building":false,"osm_status":"new","lgu_name":"Calamba","province":"Laguna"}},{"type":"Feature","geometry":{"type":"Point","coordinates":[121.13698218016528,14.225485137190084]},"properties":{"tile_id":"14.22484_121.13648","score":0.966,"tier":"high","tile_bbox":[121.13538000000005,14.22374,121.13758000000004,14.225939999999998],"tile_center":[121.13648000000005,14.224839999999999],"anchored_to_building":true,"osm_status":"new","kwp_estimate":569.8,"lgu_name":"Calamba","province":"Laguna"}},{"type":"Feature","geometry":{"type":"Point","coordinates":[121.13872000000005,14.224839999999999]},"properties":{"tile_id":"14.22484_121.13872","score":0.806,"tier":"candidate","tile_bbox":[121.13762000000006,14.22374,121.13982000000004,14.225939999999998],"tile_center":[121.13872000000005,14.224839999999999],"anchored_to_building":false,"osm_status":"new","lgu_name":"Calamba","province":"Laguna"}},{"type":"Feature","geometry":{"type":"Point","coordinates":[121.08350686857143,14.227066472857143]},"properties":{"tile_id":"14.22700_121.08272","score":0.92,"tier":"high","tile_bbox":[121.08162000000004,14.2259,121.08382000000003,14.228099999999998],"tile_center":[121.08272000000004,14.226999999999999],"anchored_to_building":true,"osm_status":"new","kwp_estimate":27.6,"lgu_name":"Cabuyao","province":"Laguna"}},{"type":"Feature","geometry":{"type":"Point","coordinates":[121.13935742844036,14.226809112844037]},"properties":{"tile_id":"14.22700_121.13872","score":0.982,"tier":"high","tile_bbox":[121.13762000000006,14.2259,121.13982000000004,14.228099999999998],"tile_center":[121.13872000000005,14.226999999999999],"anchored_to_building":true,"osm_status":"new","kwp_estimate":467.5,"lgu_name":"Cabuyao","province":"Laguna"}},{"type":"Feature","geometry":{"type":"Point","coordinates":[121.09392000000004,14.231319999999998]},"properties":{"tile_id":"14.23132_121.09392","score":0.766,"tier":"candidate","tile_bbox":[121.09282000000005,14.23022,121.09502000000003,14.232419999999998],"tile_center":[121.09392000000004,14.231319999999998],"anchored_to_building":false,"osm_status":"new","lgu_name":"Cabuyao","province":"Laguna"}},{"type":"Feature","geometry":{"type":"Point","coordinates":[121.09616000000004,14.231319999999998]},"properties":{"tile_id":"14.23132_121.09616","score":0.774,"tier":"candidate","tile_bbox":[121.09506000000005,14.23022,121.09726000000003,14.232419999999998],"tile_center":[121.09616000000004,14.231319999999998],"anchored_to_building":false,"osm_status":"new","lgu_name":"Cabuyao","province":"Laguna"}},{"type":"Feature","geometry":{"type":"Point","coordinates":[121.15664000000005,14.231319999999998]},"properties":{"tile_id":"14.23132_121.15664","score":0.745,"tier":"candidate","tile_bbox":[121.15554000000006,14.23022,121.15774000000005,14.232419999999998],"tile_center":[121.15664000000005,14.231319999999998],"anchored_to_building":false,"osm_status":"new","lgu_name":"Calamba","province":"Laguna"}},{"type":"Feature","geometry":{"type":"Point","coordinates":[121.09392000000004,14.233479999999998]},"properties":{"tile_id":"14.23348_121.09392","score":0.98,"tier":"high","tile_bbox":[121.09282000000005,14.23238,121.09502000000003,14.234579999999998],"tile_center":[121.09392000000004,14.233479999999998],"anchored_to_building":false,"osm_status":"new","lgu_name":"Cabuyao","province":"Laguna"}},{"type":"Feature","geometry":{"type":"Point","coordinates":[121.10288000000004,14.233479999999998]},"properties":{"tile_id":"14.23348_121.10288","score":0.706,"tier":"candidate","tile_bbox":[121.10178000000005,14.23238,121.10398000000004,14.234579999999998],"tile_center":[121.10288000000004,14.233479999999998],"anchored_to_building":false,"osm_status":"new","lgu_name":"Cabuyao","province":"Laguna"}},{"type":"Feature","geometry":{"type":"Point","coordinates":[121.10436493394495,14.232472488990824]},"properties":{"tile_id":"14.23348_121.10512","score":0.896,"tier":"high","tile_bbox":[121.10402000000005,14.23238,121.10622000000004,14.234579999999998],"tile_center":[121.10512000000004,14.233479999999998],"anchored_to_building":true,"osm_status":"new","kwp_estimate":16.3,"lgu_name":"Cabuyao","province":"Laguna"}},{"type":"Feature","geometry":{"type":"Point","coordinates":[121.03344000000003,14.235639999999998]},"properties":{"tile_id":"14.23564_121.03344","score":0.791,"tier":"candidate","tile_bbox":[121.03234000000003,14.234539999999999,121.03454000000002,14.236739999999998],"tile_center":[121.03344000000003,14.235639999999998],"anchored_to_building":false,"osm_status":"new","lgu_name":"Silang","province":"Cavite"}},{"type":"Feature","geometry":{"type":"Point","coordinates":[121.0543568688172,14.235747532258063]},"properties":{"tile_id":"14.23564_121.05360","score":0.929,"tier":"high","tile_bbox":[121.05250000000004,14.234539999999999,121.05470000000003,14.236739999999998],"tile_center":[121.05360000000003,14.235639999999998],"anchored_to_building":true,"osm_status":"new","kwp_estimate":296.9,"lgu_name":"Santa Rosa","province":"Laguna"}},{"type":"Feature","geometry":{"type":"Point","coordinates":[121.09616000000004,14.235639999999998]},"properties":{"tile_id":"14.23564_121.09616","score":0.736,"tier":"candidate","tile_bbox":[121.09506000000005,14.234539999999999,121.09726000000003,14.236739999999998],"tile_center":[121.09616000000004,14.235639999999998],"anchored_to_building":false,"osm_status":"new","lgu_name":"Cabuyao","province":"Laguna"}},{"type":"Feature","geometry":{"type":"Point","coordinates":[121.11408000000004,14.235639999999998]},"properties":{"tile_id":"14.23564_121.11408","score":0.71,"tier":"candidate","tile_bbox":[121.11298000000005,14.234539999999999,121.11518000000004,14.236739999999998],"tile_center":[121.11408000000004,14.235639999999998],"anchored_to_building":false,"osm_status":"new","lgu_name":"Calamba","province":"Laguna"}},{"type":"Feature","geometry":{"type":"Point","coordinates":[120.96416591486485,14.242315047297296]},"properties":{"tile_id":"14.24212_120.96400","score":0.844,"tier":"candidate","tile_bbox":[120.96290000000002,14.241019999999999,120.9651,14.243219999999997],"tile_center":[120.96400000000001,14.242119999999998],"anchored_to_building":true,"osm_status":"new","kwp_estimate":172.4,"lgu_name":"Silang","province":"Cavite"}},{"type":"Feature","geometry":{"type":"Point","coordinates":[120.97398307789473,14.242607918947368]},"properties":{"tile_id":"14.24212_120.97296","score":0.902,"tier":"high","tile_bbox":[120.97186000000002,14.241019999999999,120.97406000000001,14.243219999999997],"tile_center":[120.97296000000001,14.242119999999998],"anchored_to_building":true,"osm_status":"confirmed","kwp_estimate":35.9,"lgu_name":"Silang","province":"Cavite"}},{"type":"Feature","geometry":{"type":"Point","coordinates":[120.97520000000002,14.242119999999998]},"properties":{"tile_id":"14.24212_120.97520","score":0.926,"tier":"high","tile_bbox":[120.97410000000002,14.241019999999999,120.97630000000001,14.243219999999997],"tile_center":[120.97520000000002,14.242119999999998],"anchored_to_building":false,"osm_status":"confirmed","lgu_name":"Silang","province":"Cavite"}},{"type":"Feature","geometry":{"type":"Point","coordinates":[121.13292082058824,14.242714163235295]},"properties":{"tile_id":"14.24212_121.13200","score":0.924,"tier":"high","tile_bbox":[121.13090000000005,14.241019999999999,121.13310000000004,14.243219999999997],"tile_center":[121.13200000000005,14.242119999999998],"anchored_to_building":true,"osm_status":"new","kwp_estimate":472.1,"lgu_name":"Cabuyao","province":"Laguna"}},{"type":"Feature","geometry":{"type":"Point","coordinates":[121.13374145394737,14.242465944736843]},"properties":{"tile_id":"14.24212_121.13424","score":0.866,"tier":"high","tile_bbox":[121.13314000000005,14.241019999999999,121.13534000000004,14.243219999999997],"tile_center":[121.13424000000005,14.242119999999998],"anchored_to_building":true,"osm_status":"new","kwp_estimate":63.8,"lgu_name":"Cabuyao","province":"Laguna"}},{"type":"Feature","geometry":{"type":"Point","coordinates":[121.06256000000003,14.252919999999998]},"properties":{"tile_id":"14.25292_121.06256","score":0.721,"tier":"candidate","tile_bbox":[121.06146000000004,14.251819999999999,121.06366000000003,14.254019999999997],"tile_center":[121.06256000000003,14.252919999999998],"anchored_to_building":false,"osm_status":"new","lgu_name":"Santa Rosa","province":"Laguna"}},{"type":"Feature","geometry":{"type":"Point","coordinates":[121.05136000000003,14.255079999999998]},"properties":{"tile_id":"14.25508_121.05136","score":0.826,"tier":"candidate","tile_bbox":[121.05026000000004,14.253979999999999,121.05246000000002,14.256179999999997],"tile_center":[121.05136000000003,14.255079999999998],"anchored_to_building":false,"osm_status":"new","lgu_name":"Binan","province":"Laguna"}},{"type":"Feature","geometry":{"type":"Point","coordinates":[120.91981114411765,14.256399952941177]},"properties":{"tile_id":"14.25724_120.91920","score":0.946,"tier":"high","tile_bbox":[120.91810000000001,14.256139999999998,120.9203,14.258339999999997],"tile_center":[120.9192,14.257239999999998],"anchored_to_building":true,"osm_status":"confirmed","kwp_estimate":454.6}},{"type":"Feature","geometry":{"type":"Point","coordinates":[120.92144,14.257239999999998]},"properties":{"tile_id":"14.25724_120.92144","score":0.746,"tier":"candidate","tile_bbox":[120.92034000000001,14.256139999999998,120.92254,14.258339999999997],"tile_center":[120.92144,14.257239999999998],"anchored_to_building":false,"osm_status":"confirmed"}},{"type":"Feature","geometry":{"type":"Point","coordinates":[121.05136000000003,14.257239999999998]},"properties":{"tile_id":"14.25724_121.05136","score":0.81,"tier":"candidate","tile_bbox":[121.05026000000004,14.256139999999998,121.05246000000002,14.258339999999997],"tile_center":[121.05136000000003,14.257239999999998],"anchored_to_building":false,"osm_status":"new","lgu_name":"Binan","province":"Laguna"}},{"type":"Feature","geometry":{"type":"Point","coordinates":[121.12005145643565,14.258142128712871]},"properties":{"tile_id":"14.25724_121.12080","score":0.981,"tier":"high","tile_bbox":[121.11970000000005,14.256139999999998,121.12190000000004,14.258339999999997],"tile_center":[121.12080000000005,14.257239999999998],"anchored_to_building":true,"osm_status":"new","kwp_estimate":7.4,"lgu_name":"Cabuyao","province":"Laguna"}},{"type":"Feature","geometry":{"type":"Point","coordinates":[121.11856000000004,14.259399999999998]},"properties":{"tile_id":"14.25940_121.11856","score":0.796,"tier":"candidate","tile_bbox":[121.11746000000005,14.258299999999998,121.11966000000004,14.260499999999997],"tile_center":[121.11856000000004,14.259399999999998],"anchored_to_building":false,"osm_status":"new","lgu_name":"Cabuyao","province":"Laguna"}},{"type":"Feature","geometry":{"type":"Point","coordinates":[121.12080000000005,14.259399999999998]},"properties":{"tile_id":"14.25940_121.12080","score":0.795,"tier":"candidate","tile_bbox":[121.11970000000005,14.258299999999998,121.12190000000004,14.260499999999997],"tile_center":[121.12080000000005,14.259399999999998],"anchored_to_building":false,"osm_status":"new","lgu_name":"Cabuyao","province":"Laguna"}},{"type":"Feature","geometry":{"type":"Point","coordinates":[121.12528000000005,14.259399999999998]},"properties":{"tile_id":"14.25940_121.12528","score":0.727,"tier":"candidate","tile_bbox":[121.12418000000005,14.258299999999998,121.12638000000004,14.260499999999997],"tile_center":[121.12528000000005,14.259399999999998],"anchored_to_building":false,"osm_status":"new","lgu_name":"Cabuyao","province":"Laguna"}},{"type":"Feature","geometry":{"type":"Point","coordinates":[120.9192,14.261559999999998]},"properties":{"tile_id":"14.26156_120.91920","score":0.767,"tier":"candidate","tile_bbox":[120.91810000000001,14.260459999999998,120.9203,14.262659999999997],"tile_center":[120.9192,14.261559999999998],"anchored_to_building":false,"osm_status":"new"}},{"type":"Feature","geometry":{"type":"Point","coordinates":[120.96880764025974,14.261536381818182]},"properties":{"tile_id":"14.26156_120.96848","score":0.953,"tier":"high","tile_bbox":[120.96738000000002,14.260459999999998,120.96958000000001,14.262659999999997],"tile_center":[120.96848000000001,14.261559999999998],"anchored_to_building":true,"osm_status":"new","kwp_estimate":161.0,"lgu_name":"Silang","province":"Cavite"}},{"type":"Feature","geometry":{"type":"Point","coordinates":[121.11849159770114,14.260532679310344]},"properties":{"tile_id":"14.26156_121.11856","score":0.916,"tier":"high","tile_bbox":[121.11746000000005,14.260459999999998,121.11966000000004,14.262659999999997],"tile_center":[121.11856000000004,14.261559999999998],"anchored_to_building":true,"osm_status":"new","kwp_estimate":8.7,"lgu_name":"Cabuyao","province":"Laguna"}},{"type":"Feature","geometry":{"type":"Point","coordinates":[121.12080000000005,14.261559999999998]},"properties":{"tile_id":"14.26156_121.12080","score":0.779,"tier":"candidate","tile_bbox":[121.11970000000005,14.260459999999998,121.12190000000004,14.262659999999997],"tile_center":[121.12080000000005,14.261559999999998],"anchored_to_building":false,"osm_status":"new","lgu_name":"Cabuyao","province":"Laguna"}},{"type":"Feature","geometry":{"type":"Point","coordinates":[120.92144,14.263719999999998]},"properties":{"tile_id":"14.26372_120.92144","score":0.74,"tier":"candidate","tile_bbox":[120.92034000000001,14.262619999999998,120.92254,14.264819999999997],"tile_center":[120.92144,14.263719999999998],"anchored_to_building":false,"osm_status":"new"}},{"type":"Feature","geometry":{"type":"Point","coordinates":[121.05584000000003,14.263719999999998]},"properties":{"tile_id":"14.26372_121.05584","score":0.755,"tier":"candidate","tile_bbox":[121.05474000000004,14.262619999999998,121.05694000000003,14.264819999999997],"tile_center":[121.05584000000003,14.263719999999998],"anchored_to_building":false,"osm_status":"new","lgu_name":"Binan","province":"Laguna"}},{"type":"Feature","geometry":{"type":"Point","coordinates":[121.06032000000003,14.263719999999998]},"properties":{"tile_id":"14.26372_121.06032","score":0.934,"tier":"high","tile_bbox":[121.05922000000004,14.262619999999998,121.06142000000003,14.264819999999997],"tile_center":[121.06032000000003,14.263719999999998],"anchored_to_building":false,"osm_status":"new","lgu_name":"Santa Rosa","province":"Laguna","kwp_estimate":163.4}},{"type":"Feature","geometry":{"type":"Point","coordinates":[121.06256000000003,14.263719999999998]},"properties":{"tile_id":"14.26372_121.06256","score":0.738,"tier":"candidate","tile_bbox":[121.06146000000004,14.262619999999998,121.06366000000003,14.264819999999997],"tile_center":[121.06256000000003,14.263719999999998],"anchored_to_building":false,"osm_status":"new","lgu_name":"Santa Rosa","province":"Laguna"}},{"type":"Feature","geometry":{"type":"Point","coordinates":[121.06480000000003,14.263719999999998]},"properties":{"tile_id":"14.26372_121.06480","score":0.738,"tier":"candidate","tile_bbox":[121.06370000000004,14.262619999999998,121.06590000000003,14.264819999999997],"tile_center":[121.06480000000003,14.263719999999998],"anchored_to_building":false,"osm_status":"new","lgu_name":"Santa Rosa","province":"Laguna"}},{"type":"Feature","geometry":{"type":"Point","coordinates":[121.1217039084507,14.265440694366196]},"properties":{"tile_id":"14.26372_121.12080","score":0.937,"tier":"high","tile_bbox":[121.11970000000005,14.262619999999998,121.12190000000004,14.264819999999997],"tile_center":[121.12080000000005,14.263719999999998],"anchored_to_building":true,"osm_status":"new","kwp_estimate":240.2,"lgu_name":"Cabuyao","province":"Laguna"}},{"type":"Feature","geometry":{"type":"Point","coordinates":[120.91248,14.265879999999997]},"properties":{"tile_id":"14.26588_120.91248","score":0.908,"tier":"high","tile_bbox":[120.91138000000001,14.264779999999998,120.91358,14.266979999999997],"tile_center":[120.91248,14.265879999999997],"anchored_to_building":false,"osm_status":"new"}},{"type":"Feature","geometry":{"type":"Point","coordinates":[120.92144,14.265879999999997]},"properties":{"tile_id":"14.26588_120.92144","score":0.742,"tier":"candidate","tile_bbox":[120.92034000000001,14.264779999999998,120.92254,14.266979999999997],"tile_center":[120.92144,14.265879999999997],"anchored_to_building":false,"osm_status":"new"}},{"type":"Feature","geometry":{"type":"Point","coordinates":[120.92352207594936,14.266081527848103]},"properties":{"tile_id":"14.26588_120.92368","score":0.978,"tier":"high","tile_bbox":[120.92258000000001,14.264779999999998,120.92478,14.266979999999997],"tile_center":[120.92368,14.265879999999997],"anchored_to_building":true,"osm_status":"new","kwp_estimate":853.1}},{"type":"Feature","geometry":{"type":"Point","coordinates":[121.00208000000002,14.265879999999997]},"properties":{"tile_id":"14.26588_121.00208","score":0.885,"tier":"high","tile_bbox":[121.00098000000003,14.264779999999998,121.00318000000001,14.266979999999997],"tile_center":[121.00208000000002,14.265879999999997],"anchored_to_building":false,"osm_status":"new","lgu_name":"Silang","province":"Cavite"}},{"type":"Feature","geometry":{"type":"Point","coordinates":[121.01328000000002,14.265879999999997]},"properties":{"tile_id":"14.26588_121.01328","score":0.982,"tier":"high","tile_bbox":[121.01218000000003,14.264779999999998,121.01438000000002,14.266979999999997],"tile_center":[121.01328000000002,14.265879999999997],"anchored_to_building":false,"osm_status":"new","lgu_name":"Silang","province":"Cavite"}},{"type":"Feature","geometry":{"type":"Point","coordinates":[121.06480000000003,14.265879999999997]},"properties":{"tile_id":"14.26588_121.06480","score":0.807,"tier":"candidate","tile_bbox":[121.06370000000004,14.264779999999998,121.06590000000003,14.266979999999997],"tile_center":[121.06480000000003,14.265879999999997],"anchored_to_building":false,"osm_status":"new","lgu_name":"Santa Rosa","province":"Laguna"}},{"type":"Feature","geometry":{"type":"Point","coordinates":[121.11848124453782,14.266078353781513]},"properties":{"tile_id":"14.26588_121.11856","score":0.977,"tier":"high","tile_bbox":[121.11746000000005,14.264779999999998,121.11966000000004,14.266979999999997],"tile_center":[121.11856000000004,14.265879999999997],"anchored_to_building":true,"osm_status":"new","kwp_estimate":58.9,"lgu_name":"Cabuyao","province":"Laguna"}},{"type":"Feature","geometry":{"type":"Point","coordinates":[121.1217039084507,14.265440694366196]},"properties":{"tile_id":"14.26588_121.12080","score":0.975,"tier":"high","tile_bbox":[121.11970000000005,14.264779999999998,121.12190000000004,14.266979999999997],"tile_center":[121.12080000000005,14.265879999999997],"anchored_to_building":true,"osm_status":"new","kwp_estimate":240.2,"lgu_name":"Cabuyao","province":"Laguna"}},{"type":"Feature","geometry":{"type":"Point","coordinates":[121.00432000000002,14.268039999999997]},"properties":{"tile_id":"14.26804_121.00432","score":0.904,"tier":"high","tile_bbox":[121.00322000000003,14.266939999999998,121.00542000000002,14.269139999999997],"tile_center":[121.00432000000002,14.268039999999997],"anchored_to_building":false,"osm_status":"new","lgu_name":"Silang","province":"Cavite"}},{"type":"Feature","geometry":{"type":"Point","coordinates":[121.05360000000003,14.268039999999997]},"properties":{"tile_id":"14.26804_121.05360","score":0.845,"tier":"candidate","tile_bbox":[121.05250000000004,14.266939999999998,121.05470000000003,14.269139999999997],"tile_center":[121.05360000000003,14.268039999999997],"anchored_to_building":false,"osm_status":"new","lgu_name":"Binan","province":"Laguna"}},{"type":"Feature","geometry":{"type":"Point","coordinates":[121.05876755999999,14.268832985263158]},"properties":{"tile_id":"14.26804_121.05808","score":0.893,"tier":"high","tile_bbox":[121.05698000000004,14.266939999999998,121.05918000000003,14.269139999999997],"tile_center":[121.05808000000003,14.268039999999997],"anchored_to_building":true,"osm_status":"new","kwp_estimate":183.8,"lgu_name":"Binan","province":"Laguna"}},{"type":"Feature","geometry":{"type":"Point","coordinates":[121.05956836857142,14.267786773333334]},"properties":{"tile_id":"14.26804_121.06032","score":0.972,"tier":"high","tile_bbox":[121.05922000000004,14.266939999999998,121.06142000000003,14.269139999999997],"tile_center":[121.06032000000003,14.268039999999997],"anchored_to_building":true,"osm_status":"new","kwp_estimate":190.3,"lgu_name":"Binan","province":"Laguna"}},{"type":"Feature","geometry":{"type":"Point","coordinates":[121.07782375633803,14.267340723943663]},"properties":{"tile_id":"14.26804_121.07824","score":0.986,"tier":"high","tile_bbox":[121.07714000000004,14.266939999999998,121.07934000000003,14.269139999999997],"tile_center":[121.07824000000004,14.268039999999997],"anchored_to_building":true,"osm_status":"confirmed","kwp_estimate":479.1,"lgu_name":"Santa Rosa","province":"Laguna"}},{"type":"Feature","geometry":{"type":"Point","coordinates":[121.11848124453782,14.266078353781513]},"properties":{"tile_id":"14.26804_121.11856","score":0.96,"tier":"high","tile_bbox":[121.11746000000005,14.266939999999998,121.11966000000004,14.269139999999997],"tile_center":[121.11856000000004,14.268039999999997],"anchored_to_building":true,"osm_status":"new","kwp_estimate":58.9,"lgu_name":"Cabuyao","province":"Laguna"}},{"type":"Feature","geometry":{"type":"Point","coordinates":[121.00880000000002,14.270199999999997]},"properties":{"tile_id":"14.27020_121.00880","score":0.705,"tier":"candidate","tile_bbox":[121.00770000000003,14.269099999999998,121.00990000000002,14.271299999999997],"tile_center":[121.00880000000002,14.270199999999997],"anchored_to_building":false,"osm_status":"new","lgu_name":"Silang","province":"Cavite"}},{"type":"Feature","geometry":{"type":"Point","coordinates":[121.01171157162163,14.270148686486486]},"properties":{"tile_id":"14.27020_121.01104","score":0.908,"tier":"high","tile_bbox":[121.00994000000003,14.269099999999998,121.01214000000002,14.271299999999997],"tile_center":[121.01104000000002,14.270199999999997],"anchored_to_building":true,"osm_status":"new","kwp_estimate":742.9,"lgu_name":"Silang","province":"Cavite"}},{"type":"Feature","geometry":{"type":"Point","coordinates":[121.05856305841584,14.26972280891089]},"properties":{"tile_id":"14.27020_121.05808","score":0.976,"tier":"high","tile_bbox":[121.05698000000004,14.269099999999998,121.05918000000003,14.271299999999997],"tile_center":[121.05808000000003,14.270199999999997],"anchored_to_building":true,"osm_status":"new","kwp_estimate":472.2,"lgu_name":"Binan","province":"Laguna"}},{"type":"Feature","geometry":{"type":"Point","coordinates":[121.06032000000003,14.270199999999997]},"properties":{"tile_id":"14.27020_121.06032","score":0.76,"tier":"candidate","tile_bbox":[121.05922000000004,14.269099999999998,121.06142000000003,14.271299999999997],"tile_center":[121.06032000000003,14.270199999999997],"anchored_to_building":false,"osm_status":"new","lgu_name":"Binan","province":"Laguna"}},{"type":"Feature","geometry":{"type":"Point","coordinates":[121.07804331797753,14.270560959550563]},"properties":{"tile_id":"14.27020_121.07824","score":0.968,"tier":"high","tile_bbox":[121.07714000000004,14.269099999999998,121.07934000000003,14.271299999999997],"tile_center":[121.07824000000004,14.270199999999997],"anchored_to_building":true,"osm_status":"new","kwp_estimate":1256.2,"lgu_name":"Santa Rosa","province":"Laguna"}},{"type":"Feature","geometry":{"type":"Point","coordinates":[121.08048000000004,14.270199999999997]},"properties":{"tile_id":"14.27020_121.08048","score":0.821,"tier":"candidate","tile_bbox":[121.07938000000004,14.269099999999998,121.08158000000003,14.271299999999997],"tile_center":[121.08048000000004,14.270199999999997],"anchored_to_building":false,"osm_status":"new","lgu_name":"Santa Rosa","province":"Laguna"}},{"type":"Feature","geometry":{"type":"Point","coordinates":[120.93851576075949,14.272188036708862]},"properties":{"tile_id":"14.27236_120.93936","score":0.98,"tier":"high","tile_bbox":[120.93826000000001,14.271259999999998,120.94046,14.273459999999996],"tile_center":[120.93936000000001,14.272359999999997],"anchored_to_building":true,"osm_status":"new","kwp_estimate":227.1,"lgu_name":"Dasmarinas","province":"Cavite"}},{"type":"Feature","geometry":{"type":"Point","coordinates":[121.01104000000002,14.272359999999997]},"properties":{"tile_id":"14.27236_121.01104","score":0.829,"tier":"candidate","tile_bbox":[121.00994000000003,14.271259999999998,121.01214000000002,14.273459999999996],"tile_center":[121.01104000000002,14.272359999999997],"anchored_to_building":false,"osm_status":"new","lgu_name":"Carmona","province":"Cavite"}},{"type":"Feature","geometry":{"type":"Point","coordinates":[121.07824000000004,14.272359999999997]},"properties":{"tile_id":"14.27236_121.07824","score":0.768,"tier":"candidate","tile_bbox":[121.07714000000004,14.271259999999998,121.07934000000003,14.273459999999996],"tile_center":[121.07824000000004,14.272359999999997],"anchored_to_building":false,"osm_status":"new","lgu_name":"Santa Rosa","province":"Laguna"}},{"type":"Feature","geometry":{"type":"Point","coordinates":[120.93712000000001,14.274519999999997]},"properties":{"tile_id":"14.27452_120.93712","score":0.78,"tier":"candidate","tile_bbox":[120.93602000000001,14.273419999999998,120.93822,14.275619999999996],"tile_center":[120.93712000000001,14.274519999999997],"anchored_to_building":false,"osm_status":"new","lgu_name":"Dasmarinas","province":"Cavite"}},{"type":"Feature","geometry":{"type":"Point","coordinates":[121.05808000000003,14.274519999999997]},"properties":{"tile_id":"14.27452_121.05808","score":0.867,"tier":"high","tile_bbox":[121.05698000000004,14.273419999999998,121.05918000000003,14.275619999999996],"tile_center":[121.05808000000003,14.274519999999997],"anchored_to_building":false,"osm_status":"new","lgu_name":"Binan","province":"Laguna","kwp_estimate":162.5}},{"type":"Feature","geometry":{"type":"Point","coordinates":[121.07462837887326,14.274620784507041]},"properties":{"tile_id":"14.27452_121.07376","score":0.978,"tier":"high","tile_bbox":[121.07266000000004,14.273419999999998,121.07486000000003,14.275619999999996],"tile_center":[121.07376000000004,14.274519999999997],"anchored_to_building":true,"osm_status":"new","kwp_estimate":493.2,"lgu_name":"Santa Rosa","province":"Laguna"}},{"type":"Feature","geometry":{"type":"Point","coordinates":[121.11184000000004,14.274519999999997]},"properties":{"tile_id":"14.27452_121.11184","score":0.938,"tier":"high","tile_bbox":[121.11074000000005,14.273419999999998,121.11294000000004,14.275619999999996],"tile_center":[121.11184000000004,14.274519999999997],"anchored_to_building":false,"osm_status":"new","lgu_name":"Santa Rosa","province":"Laguna"}},{"type":"Feature","geometry":{"type":"Point","coordinates":[120.89008,14.276679999999997]},"properties":{"tile_id":"14.27668_120.89008","score":0.738,"tier":"candidate","tile_bbox":[120.88898,14.275579999999998,120.89117999999999,14.277779999999996],"tile_center":[120.89008,14.276679999999997],"anchored_to_building":false,"osm_status":"new","lgu_name":"Trece Martires","province":"Cavite"}},{"type":"Feature","geometry":{"type":"Point","coordinates":[120.97072000000001,14.276679999999997]},"properties":{"tile_id":"14.27668_120.97072","score":0.712,"tier":"candidate","tile_bbox":[120.96962000000002,14.275579999999998,120.97182000000001,14.277779999999996],"tile_center":[120.97072000000001,14.276679999999997],"anchored_to_building":false,"osm_status":"confirmed","lgu_name":"Dasmarinas","province":"Cavite"}},{"type":"Feature","geometry":{"type":"Point","coordinates":[120.93488,14.278839999999997]},"properties":{"tile_id":"14.27884_120.93488","score":0.815,"tier":"candidate","tile_bbox":[120.93378000000001,14.277739999999998,120.93598,14.279939999999996],"tile_center":[120.93488,14.278839999999997],"anchored_to_building":false,"osm_status":"new","lgu_name":"Dasmarinas","province":"Cavite"}},{"type":"Feature","geometry":{"type":"Point","coordinates":[120.93712000000001,14.278839999999997]},"properties":{"tile_id":"14.27884_120.93712","score":0.755,"tier":"candidate","tile_bbox":[120.93602000000001,14.277739999999998,120.93822,14.279939999999996],"tile_center":[120.93712000000001,14.278839999999997],"anchored_to_building":false,"osm_status":"new","lgu_name":"Dasmarinas","province":"Cavite"}},{"type":"Feature","geometry":{"type":"Point","coordinates":[120.94160000000001,14.278839999999997]},"properties":{"tile_id":"14.27884_120.94160","score":0.821,"tier":"candidate","tile_bbox":[120.94050000000001,14.277739999999998,120.9427,14.279939999999996],"tile_center":[120.94160000000001,14.278839999999997],"anchored_to_building":false,"osm_status":"new","lgu_name":"Dasmarinas","province":"Cavite"}},{"type":"Feature","geometry":{"type":"Point","coordinates":[120.94608000000001,14.278839999999997]},"properties":{"tile_id":"14.27884_120.94608","score":0.738,"tier":"candidate","tile_bbox":[120.94498000000002,14.277739999999998,120.94718,14.279939999999996],"tile_center":[120.94608000000001,14.278839999999997],"anchored_to_building":false,"osm_status":"new","lgu_name":"Dasmarinas","province":"Cavite"}},{"type":"Feature","geometry":{"type":"Point","coordinates":[121.05803970412371,14.27902596185567]},"properties":{"tile_id":"14.27884_121.05808","score":0.98,"tier":"high","tile_bbox":[121.05698000000004,14.277739999999998,121.05918000000003,14.279939999999996],"tile_center":[121.05808000000003,14.278839999999997],"anchored_to_building":true,"osm_status":"new","kwp_estimate":733.8,"lgu_name":"Binan","province":"Laguna"}},{"type":"Feature","geometry":{"type":"Point","coordinates":[121.06710530757576,14.278736975757576]},"properties":{"tile_id":"14.27884_121.06704","score":0.98,"tier":"high","tile_bbox":[121.06594000000004,14.277739999999998,121.06814000000003,14.279939999999996],"tile_center":[121.06704000000003,14.278839999999997],"anchored_to_building":true,"osm_status":"new","kwp_estimate":334.1,"lgu_name":"Binan","province":"Laguna"}},{"type":"Feature","geometry":{"type":"Point","coordinates":[120.89232,14.280999999999997]},"properties":{"tile_id":"14.28100_120.89232","score":0.712,"tier":"candidate","tile_bbox":[120.89122,14.279899999999998,120.89341999999999,14.282099999999996],"tile_center":[120.89232,14.280999999999997],"anchored_to_building":false,"osm_status":"new","lgu_name":"Trece Martires","province":"Cavite"}},{"type":"Feature","geometry":{"type":"Point","coordinates":[121.06256000000003,14.280999999999997]},"properties":{"tile_id":"14.28100_121.06256","score":0.979,"tier":"high","tile_bbox":[121.06146000000004,14.279899999999998,121.06366000000003,14.282099999999996],"tile_center":[121.06256000000003,14.280999999999997],"anchored_to_building":false,"osm_status":"new","lgu_name":"Binan","province":"Laguna"}},{"type":"Feature","geometry":{"type":"Point","coordinates":[121.07128070985917,14.280757630985915]},"properties":{"tile_id":"14.28100_121.07152","score":0.966,"tier":"high","tile_bbox":[121.07042000000004,14.279899999999998,121.07262000000003,14.282099999999996],"tile_center":[121.07152000000004,14.280999999999997],"anchored_to_building":true,"osm_status":"new","kwp_estimate":188.8,"lgu_name":"Binan","province":"Laguna"}},{"type":"Feature","geometry":{"type":"Point","coordinates":[121.08487601111112,14.283225765811967]},"properties":{"tile_id":"14.28316_121.08496","score":0.947,"tier":"high","tile_bbox":[121.08386000000004,14.282059999999998,121.08606000000003,14.284259999999996],"tile_center":[121.08496000000004,14.283159999999997],"anchored_to_building":true,"osm_status":"new","kwp_estimate":368.7,"lgu_name":"Santa Rosa","province":"Laguna"}},{"type":"Feature","geometry":{"type":"Point","coordinates":[121.08720000000004,14.283159999999997]},"properties":{"tile_id":"14.28316_121.08720","score":0.708,"tier":"candidate","tile_bbox":[121.08610000000004,14.282059999999998,121.08830000000003,14.284259999999996],"tile_center":[121.08720000000004,14.283159999999997],"anchored_to_building":false,"osm_status":"new","lgu_name":"Santa Rosa","province":"Laguna"}},{"type":"Feature","geometry":{"type":"Point","coordinates":[120.95728000000001,14.285319999999997]},"properties":{"tile_id":"14.28532_120.95728","score":0.738,"tier":"candidate","tile_bbox":[120.95618000000002,14.284219999999998,120.95838,14.286419999999996],"tile_center":[120.95728000000001,14.285319999999997],"anchored_to_building":false,"osm_status":"new","lgu_name":"Dasmarinas","province":"Cavite"}},{"type":"Feature","geometry":{"type":"Point","coordinates":[120.98864000000002,14.285319999999997]},"properties":{"tile_id":"14.28532_120.98864","score":0.753,"tier":"candidate","tile_bbox":[120.98754000000002,14.284219999999998,120.98974000000001,14.286419999999996],"tile_center":[120.98864000000002,14.285319999999997],"anchored_to_building":false,"osm_status":"confirmed","lgu_name":"Dasmarinas","province":"Cavite"}},{"type":"Feature","geometry":{"type":"Point","coordinates":[121.07600000000004,14.285319999999997]},"properties":{"tile_id":"14.28532_121.07600","score":0.722,"tier":"candidate","tile_bbox":[121.07490000000004,14.284219999999998,121.07710000000003,14.286419999999996],"tile_center":[121.07600000000004,14.285319999999997],"anchored_to_building":false,"osm_status":"new","lgu_name":"Binan","province":"Laguna"}},{"type":"Feature","geometry":{"type":"Point","coordinates":[120.98864000000002,14.287479999999997]},"properties":{"tile_id":"14.28748_120.98864","score":0.782,"tier":"candidate","tile_bbox":[120.98754000000002,14.286379999999998,120.98974000000001,14.288579999999996],"tile_center":[120.98864000000002,14.287479999999997],"anchored_to_building":false,"osm_status":"confirmed","lgu_name":"Dasmarinas","province":"Cavite"}},{"type":"Feature","geometry":{"type":"Point","coordinates":[120.89232,14.289639999999997]},"properties":{"tile_id":"14.28964_120.89232","score":0.722,"tier":"candidate","tile_bbox":[120.89122,14.288539999999998,120.89341999999999,14.290739999999996],"tile_center":[120.89232,14.289639999999997],"anchored_to_building":false,"osm_status":"new","lgu_name":"Trece Martires","province":"Cavite"}},{"type":"Feature","geometry":{"type":"Point","coordinates":[120.93268306835444,14.288845746835444]},"properties":{"tile_id":"14.28964_120.93264","score":0.874,"tier":"high","tile_bbox":[120.93154000000001,14.288539999999998,120.93374,14.290739999999996],"tile_center":[120.93264,14.289639999999997],"anchored_to_building":true,"osm_status":"confirmed","kwp_estimate":53.5,"lgu_name":"Dasmarinas","province":"Cavite"}},{"type":"Feature","geometry":{"type":"Point","coordinates":[120.93488,14.289639999999997]},"properties":{"tile_id":"14.28964_120.93488","score":0.849,"tier":"candidate","tile_bbox":[120.93378000000001,14.288539999999998,120.93598,14.290739999999996],"tile_center":[120.93488,14.289639999999997],"anchored_to_building":false,"osm_status":"confirmed","lgu_name":"Dasmarinas","province":"Cavite"}},{"type":"Feature","geometry":{"type":"Point","coordinates":[121.07824000000004,14.289639999999997]},"properties":{"tile_id":"14.28964_121.07824","score":0.768,"tier":"candidate","tile_bbox":[121.07714000000004,14.288539999999998,121.07934000000003,14.290739999999996],"tile_center":[121.07824000000004,14.289639999999997],"anchored_to_building":false,"osm_status":"new","lgu_name":"Binan","province":"Laguna"}},{"type":"Feature","geometry":{"type":"Point","coordinates":[120.92816,14.291799999999997]},"properties":{"tile_id":"14.29180_120.92816","score":0.793,"tier":"candidate","tile_bbox":[120.92706000000001,14.290699999999998,120.92926,14.292899999999996],"tile_center":[120.92816,14.291799999999997],"anchored_to_building":false,"osm_status":"new"}},{"type":"Feature","geometry":{"type":"Point","coordinates":[121.01398247499999,14.291331636111112]},"properties":{"tile_id":"14.29180_121.01328","score":0.873,"tier":"high","tile_bbox":[121.01218000000003,14.290699999999998,121.01438000000002,14.292899999999996],"tile_center":[121.01328000000002,14.291799999999997],"anchored_to_building":true,"osm_status":"new","kwp_estimate":390.0,"lgu_name":"Carmona","province":"Cavite"}},{"type":"Feature","geometry":{"type":"Point","coordinates":[121.01972818904109,14.292710791780824]},"properties":{"tile_id":"14.29180_121.02000","score":0.966,"tier":"high","tile_bbox":[121.01890000000003,14.290699999999998,121.02110000000002,14.292899999999996],"tile_center":[121.02000000000002,14.291799999999997],"anchored_to_building":true,"osm_status":"new","kwp_estimate":1049.0,"lgu_name":"Carmona","province":"Cavite"}},{"type":"Feature","geometry":{"type":"Point","coordinates":[121.08464418382354,14.29131906764706]},"properties":{"tile_id":"14.29180_121.08496","score":0.914,"tier":"high","tile_bbox":[121.08386000000004,14.290699999999998,121.08606000000003,14.292899999999996],"tile_center":[121.08496000000004,14.291799999999997],"anchored_to_building":true,"osm_status":"new","kwp_estimate":403.3,"lgu_name":"Binan","province":"Laguna"}},{"type":"Feature","geometry":{"type":"Point","coordinates":[121.10294288985507,14.290971386956523]},"properties":{"tile_id":"14.29180_121.10288","score":0.861,"tier":"high","tile_bbox":[121.10178000000005,14.290699999999998,121.10398000000004,14.292899999999996],"tile_center":[121.10288000000004,14.291799999999997],"anchored_to_building":true,"osm_status":"new","kwp_estimate":282.0,"lgu_name":"Santa Rosa","province":"Laguna"}},{"type":"Feature","geometry":{"type":"Point","coordinates":[120.9192,14.293959999999997]},"properties":{"tile_id":"14.29396_120.91920","score":0.823,"tier":"candidate","tile_bbox":[120.91810000000001,14.292859999999997,120.9203,14.295059999999996],"tile_center":[120.9192,14.293959999999997],"anchored_to_building":false,"osm_status":"new"}},{"type":"Feature","geometry":{"type":"Point","coordinates":[120.99472591034483,14.293843994252873]},"properties":{"tile_id":"14.29396_120.99536","score":0.917,"tier":"high","tile_bbox":[120.99426000000003,14.292859999999997,120.99646000000001,14.295059999999996],"tile_center":[120.99536000000002,14.293959999999997],"anchored_to_building":true,"osm_status":"new","kwp_estimate":22.3,"lgu_name":"Dasmarinas","province":"Cavite"}},{"type":"Feature","geometry":{"type":"Point","coordinates":[121.02088497228915,14.29388224939759]},"properties":{"tile_id":"14.29396_121.02000","score":0.957,"tier":"high","tile_bbox":[121.01890000000003,14.292859999999997,121.02110000000002,14.295059999999996],"tile_center":[121.02000000000002,14.293959999999997],"anchored_to_building":true,"osm_status":"new","kwp_estimate":930.4,"lgu_name":"Carmona","province":"Cavite"}},{"type":"Feature","geometry":{"type":"Point","coordinates":[121.02088497228915,14.29388224939759]},"properties":{"tile_id":"14.29396_121.02224","score":0.791,"tier":"candidate","tile_bbox":[121.02114000000003,14.292859999999997,121.02334000000002,14.295059999999996],"tile_center":[121.02224000000002,14.293959999999997],"anchored_to_building":true,"osm_status":"new","kwp_estimate":198.8,"lgu_name":"Carmona","province":"Cavite"}},{"type":"Feature","geometry":{"type":"Point","coordinates":[121.01983445,14.296624347142856]},"properties":{"tile_id":"14.29612_121.02000","score":0.964,"tier":"high","tile_bbox":[121.01890000000003,14.295019999999997,121.02110000000002,14.297219999999996],"tile_center":[121.02000000000002,14.296119999999997],"anchored_to_building":true,"osm_status":"new","kwp_estimate":839.4,"lgu_name":"Carmona","province":"Cavite"}},{"type":"Feature","geometry":{"type":"Point","coordinates":[121.04016000000003,14.296119999999997]},"properties":{"tile_id":"14.29612_121.04016","score":0.747,"tier":"candidate","tile_bbox":[121.03906000000003,14.295019999999997,121.04126000000002,14.297219999999996],"tile_center":[121.04016000000003,14.296119999999997],"anchored_to_building":false,"osm_status":"new","lgu_name":"Carmona","province":"Cavite"}},{"type":"Feature","geometry":{"type":"Point","coordinates":[121.08272000000004,14.296119999999997]},"properties":{"tile_id":"14.29612_121.08272","score":0.818,"tier":"candidate","tile_bbox":[121.08162000000004,14.295019999999997,121.08382000000003,14.297219999999996],"tile_center":[121.08272000000004,14.296119999999997],"anchored_to_building":false,"osm_status":"new","lgu_name":"Binan","province":"Laguna"}},{"type":"Feature","geometry":{"type":"Point","coordinates":[120.96668601894736,14.298505498947367]},"properties":{"tile_id":"14.29828_120.96624","score":0.949,"tier":"high","tile_bbox":[120.96514000000002,14.297179999999997,120.96734000000001,14.299379999999996],"tile_center":[120.96624000000001,14.298279999999997],"anchored_to_building":true,"osm_status":"new","kwp_estimate":241.8,"lgu_name":"Dasmarinas","province":"Cavite"}},{"type":"Feature","geometry":{"type":"Point","coordinates":[121.09168000000004,14.298279999999997]},"properties":{"tile_id":"14.29828_121.09168","score":0.756,"tier":"candidate","tile_bbox":[121.09058000000005,14.297179999999997,121.09278000000003,14.299379999999996],"tile_center":[121.09168000000004,14.298279999999997],"anchored_to_building":false,"osm_status":"new","lgu_name":"Binan","province":"Laguna"}},{"type":"Feature","geometry":{"type":"Point","coordinates":[120.94958403466667,14.300638654666667]},"properties":{"tile_id":"14.30044_120.95056","score":0.956,"tier":"high","tile_bbox":[120.94946000000002,14.299339999999997,120.95166,14.301539999999996],"tile_center":[120.95056000000001,14.300439999999996],"anchored_to_building":true,"osm_status":"new","kwp_estimate":16.0,"lgu_name":"Dasmarinas","province":"Cavite"}},{"type":"Feature","geometry":{"type":"Point","coordinates":[120.95694640495049,14.301343545544555]},"properties":{"tile_id":"14.30044_120.95728","score":0.952,"tier":"high","tile_bbox":[120.95618000000002,14.299339999999997,120.95838,14.301539999999996],"tile_center":[120.95728000000001,14.300439999999996],"anchored_to_building":true,"osm_status":"confirmed","kwp_estimate":394.2,"lgu_name":"Dasmarinas","province":"Cavite"}},{"type":"Feature","geometry":{"type":"Point","coordinates":[120.95802949274193,14.301474874193548]},"properties":{"tile_id":"14.30260_120.95504","score":0.89,"tier":"high","tile_bbox":[120.95394000000002,14.301499999999997,120.95614,14.303699999999996],"tile_center":[120.95504000000001,14.302599999999996],"anchored_to_building":true,"osm_status":"new","kwp_estimate":289.7,"lgu_name":"Dasmarinas","province":"Cavite"}},{"type":"Feature","geometry":{"type":"Point","coordinates":[120.95694640495049,14.301343545544555]},"properties":{"tile_id":"14.30260_120.95728","score":0.896,"tier":"high","tile_bbox":[120.95618000000002,14.301499999999997,120.95838,14.303699999999996],"tile_center":[120.95728000000001,14.302599999999996],"anchored_to_building":true,"osm_status":"confirmed","kwp_estimate":45.9,"lgu_name":"Dasmarinas","province":"Cavite"}},{"type":"Feature","geometry":{"type":"Point","coordinates":[120.99312000000002,14.302599999999996]},"properties":{"tile_id":"14.30260_120.99312","score":0.76,"tier":"candidate","tile_bbox":[120.99202000000002,14.301499999999997,120.99422000000001,14.303699999999996],"tile_center":[120.99312000000002,14.302599999999996],"anchored_to_building":false,"osm_status":"new","lgu_name":"Dasmarinas","province":"Cavite"}},{"type":"Feature","geometry":{"type":"Point","coordinates":[121.10064000000004,14.304759999999996]},"properties":{"tile_id":"14.30476_121.10064","score":0.936,"tier":"high","tile_bbox":[121.09954000000005,14.303659999999997,121.10174000000004,14.305859999999996],"tile_center":[121.10064000000004,14.304759999999996],"anchored_to_building":false,"osm_status":"new","lgu_name":"Santa Rosa","province":"Laguna"}},{"type":"Feature","geometry":{"type":"Point","coordinates":[121.07824000000004,14.306919999999996]},"properties":{"tile_id":"14.30692_121.07824","score":0.762,"tier":"candidate","tile_bbox":[121.07714000000004,14.305819999999997,121.07934000000003,14.308019999999996],"tile_center":[121.07824000000004,14.306919999999996],"anchored_to_building":false,"osm_status":"new","lgu_name":"Binan","province":"Laguna"}},{"type":"Feature","geometry":{"type":"Point","coordinates":[121.08048000000004,14.306919999999996]},"properties":{"tile_id":"14.30692_121.08048","score":0.755,"tier":"candidate","tile_bbox":[121.07938000000004,14.305819999999997,121.08158000000003,14.308019999999996],"tile_center":[121.08048000000004,14.306919999999996],"anchored_to_building":false,"osm_status":"new","lgu_name":"Binan","province":"Laguna"}},{"type":"Feature","geometry":{"type":"Point","coordinates":[121.08048000000004,14.311239999999996]},"properties":{"tile_id":"14.31124_121.08048","score":0.739,"tier":"candidate","tile_bbox":[121.07938000000004,14.310139999999997,121.08158000000003,14.312339999999995],"tile_center":[121.08048000000004,14.311239999999996],"anchored_to_building":false,"osm_status":"new","lgu_name":"Binan","province":"Laguna"}},{"type":"Feature","geometry":{"type":"Point","coordinates":[121.11408000000004,14.311239999999996]},"properties":{"tile_id":"14.31124_121.11408","score":0.736,"tier":"candidate","tile_bbox":[121.11298000000005,14.310139999999997,121.11518000000004,14.312339999999995],"tile_center":[121.11408000000004,14.311239999999996],"anchored_to_building":false,"osm_status":"new","lgu_name":"Santa Rosa","province":"Laguna"}},{"type":"Feature","geometry":{"type":"Point","coordinates":[121.11632000000004,14.311239999999996]},"properties":{"tile_id":"14.31124_121.11632","score":0.96,"tier":"high","tile_bbox":[121.11522000000005,14.310139999999997,121.11742000000004,14.312339999999995],"tile_center":[121.11632000000004,14.311239999999996],"anchored_to_building":false,"osm_status":"new","lgu_name":"Santa Rosa","province":"Laguna","kwp_estimate":10.6}},{"type":"Feature","geometry":{"type":"Point","coordinates":[121.05016891047619,14.312797986666666]},"properties":{"tile_id":"14.31340_121.04912","score":0.896,"tier":"high","tile_bbox":[121.04802000000004,14.312299999999997,121.05022000000002,14.314499999999995],"tile_center":[121.04912000000003,14.313399999999996],"anchored_to_building":true,"osm_status":"new","kwp_estimate":80.2,"lgu_name":"Carmona","province":"Cavite"}},{"type":"Feature","geometry":{"type":"Point","coordinates":[121.05136000000003,14.313399999999996]},"properties":{"tile_id":"14.31340_121.05136","score":0.8,"tier":"candidate","tile_bbox":[121.05026000000004,14.312299999999997,121.05246000000002,14.314499999999995],"tile_center":[121.05136000000003,14.313399999999996],"anchored_to_building":false,"osm_status":"new","lgu_name":"Carmona","province":"Cavite"}},{"type":"Feature","geometry":{"type":"Point","coordinates":[121.09616000000004,14.313399999999996]},"properties":{"tile_id":"14.31340_121.09616","score":0.754,"tier":"candidate","tile_bbox":[121.09506000000005,14.312299999999997,121.09726000000003,14.314499999999995],"tile_center":[121.09616000000004,14.313399999999996],"anchored_to_building":false,"osm_status":"new","lgu_name":"Santa Rosa","province":"Laguna"}},{"type":"Feature","geometry":{"type":"Point","coordinates":[120.94480337499999,14.317041227380953]},"properties":{"tile_id":"14.31772_120.94384","score":0.944,"tier":"high","tile_bbox":[120.94274000000001,14.316619999999997,120.94494,14.318819999999995],"tile_center":[120.94384000000001,14.317719999999996],"anchored_to_building":true,"osm_status":"new","kwp_estimate":95.6,"lgu_name":"Dasmarinas","province":"Cavite"}},{"type":"Feature","geometry":{"type":"Point","coordinates":[120.94608000000001,14.317719999999996]},"properties":{"tile_id":"14.31772_120.94608","score":0.812,"tier":"candidate","tile_bbox":[120.94498000000002,14.316619999999997,120.94718,14.318819999999995],"tile_center":[120.94608000000001,14.317719999999996],"anchored_to_building":false,"osm_status":"new","lgu_name":"Dasmarinas","province":"Cavite"}},{"type":"Feature","geometry":{"type":"Point","coordinates":[121.06969413472221,14.31734370138889]},"properties":{"tile_id":"14.31772_121.06928","score":0.978,"tier":"high","tile_bbox":[121.06818000000004,14.316619999999997,121.07038000000003,14.318819999999995],"tile_center":[121.06928000000003,14.317719999999996],"anchored_to_building":true,"osm_status":"new","kwp_estimate":125.8,"lgu_name":"Binan","province":"Laguna"}},{"type":"Feature","geometry":{"type":"Point","coordinates":[121.06032000000003,14.319879999999996]},"properties":{"tile_id":"14.31988_121.06032","score":0.711,"tier":"candidate","tile_bbox":[121.05922000000004,14.318779999999997,121.06142000000003,14.320979999999995],"tile_center":[121.06032000000003,14.319879999999996],"anchored_to_building":false,"osm_status":"new","lgu_name":"Carmona","province":"Cavite"}},{"type":"Feature","geometry":{"type":"Point","coordinates":[120.94160000000001,14.324199999999996]},"properties":{"tile_id":"14.32420_120.94160","score":0.948,"tier":"high","tile_bbox":[120.94050000000001,14.323099999999997,120.9427,14.325299999999995],"tile_center":[120.94160000000001,14.324199999999996],"anchored_to_building":false,"osm_status":"new","lgu_name":"Dasmarinas","province":"Cavite","kwp_estimate":24.8}},{"type":"Feature","geometry":{"type":"Point","coordinates":[121.06882253142857,14.323951844285714]},"properties":{"tile_id":"14.32420_121.06928","score":0.925,"tier":"high","tile_bbox":[121.06818000000004,14.323099999999997,121.07038000000003,14.325299999999995],"tile_center":[121.06928000000003,14.324199999999996],"anchored_to_building":true,"osm_status":"new","kwp_estimate":381.9,"lgu_name":"Carmona","province":"Cavite"}},{"type":"Feature","geometry":{"type":"Point","coordinates":[120.93488,14.326359999999996]},"properties":{"tile_id":"14.32636_120.93488","score":0.795,"tier":"candidate","tile_bbox":[120.93378000000001,14.325259999999997,120.93598,14.327459999999995],"tile_center":[120.93488,14.326359999999996],"anchored_to_building":false,"osm_status":"new","lgu_name":"Dasmarinas","province":"Cavite"}},{"type":"Feature","geometry":{"type":"Point","coordinates":[120.94160000000001,14.326359999999996]},"properties":{"tile_id":"14.32636_120.94160","score":0.76,"tier":"candidate","tile_bbox":[120.94050000000001,14.325259999999997,120.9427,14.327459999999995],"tile_center":[120.94160000000001,14.326359999999996],"anchored_to_building":false,"osm_status":"new","lgu_name":"Dasmarinas","province":"Cavite"}},{"type":"Feature","geometry":{"type":"Point","coordinates":[120.9840892051282,14.32710996068376]},"properties":{"tile_id":"14.32636_120.98416","score":0.92,"tier":"high","tile_bbox":[120.98306000000002,14.325259999999997,120.98526000000001,14.327459999999995],"tile_center":[120.98416000000002,14.326359999999996],"anchored_to_building":true,"osm_status":"confirmed","kwp_estimate":128.1,"lgu_name":"Dasmarinas","province":"Cavite"}},{"type":"Feature","geometry":{"type":"Point","coordinates":[121.07152000000004,14.326359999999996]},"properties":{"tile_id":"14.32636_121.07152","score":0.857,"tier":"high","tile_bbox":[121.07042000000004,14.325259999999997,121.07262000000003,14.327459999999995],"tile_center":[121.07152000000004,14.326359999999996],"anchored_to_building":false,"osm_status":"new","lgu_name":"Carmona","province":"Cavite","kwp_estimate":162.0}},{"type":"Feature","geometry":{"type":"Point","coordinates":[120.96000999108911,14.328417788118813]},"properties":{"tile_id":"14.32852_120.95952","score":0.98,"tier":"high","tile_bbox":[120.95842000000002,14.327419999999996,120.96062,14.329619999999995],"tile_center":[120.95952000000001,14.328519999999996],"anchored_to_building":true,"osm_status":"new","kwp_estimate":126.8,"lgu_name":"Dasmarinas","province":"Cavite"}},{"type":"Feature","geometry":{"type":"Point","coordinates":[121.07376000000004,14.330679999999996]},"properties":{"tile_id":"14.33068_121.07376","score":0.701,"tier":"candidate","tile_bbox":[121.07266000000004,14.329579999999996,121.07486000000003,14.331779999999995],"tile_center":[121.07376000000004,14.330679999999996],"anchored_to_building":false,"osm_status":"new","lgu_name":"Binan","province":"Laguna"}},{"type":"Feature","geometry":{"type":"Point","coordinates":[121.08240735121952,14.332498775609757]},"properties":{"tile_id":"14.33284_121.08272","score":0.834,"tier":"candidate","tile_bbox":[121.08162000000004,14.331739999999996,121.08382000000003,14.333939999999995],"tile_center":[121.08272000000004,14.332839999999996],"anchored_to_building":true,"osm_status":"confirmed","kwp_estimate":175.3,"lgu_name":"Binan","province":"Laguna"}},{"type":"Feature","geometry":{"type":"Point","coordinates":[121.08457708068181,14.336817039772727]},"properties":{"tile_id":"14.33716_121.08496","score":0.929,"tier":"high","tile_bbox":[121.08386000000004,14.336059999999996,121.08606000000003,14.338259999999995],"tile_center":[121.08496000000004,14.337159999999995],"anchored_to_building":true,"osm_status":"new","kwp_estimate":144.9,"lgu_name":"Binan","province":"Laguna"}},{"type":"Feature","geometry":{"type":"Point","coordinates":[121.01385819859155,14.342979663380282]},"properties":{"tile_id":"14.34364_121.01328","score":0.985,"tier":"high","tile_bbox":[121.01218000000003,14.342539999999996,121.01438000000002,14.344739999999994],"tile_center":[121.01328000000002,14.343639999999995],"anchored_to_building":true,"osm_status":"new","kwp_estimate":58.2,"lgu_name":"San Pedro","province":"Laguna"}},{"type":"Feature","geometry":{"type":"Point","coordinates":[120.98192000000002,14.352279999999995]},"properties":{"tile_id":"14.35228_120.98192","score":0.726,"tier":"candidate","tile_bbox":[120.98082000000002,14.351179999999996,120.98302000000001,14.353379999999994],"tile_center":[120.98192000000002,14.352279999999995],"anchored_to_building":false,"osm_status":"new","lgu_name":"Dasmarinas","province":"Cavite"}},{"type":"Feature","geometry":{"type":"Point","coordinates":[121.06246245315315,14.351763347747747]},"properties":{"tile_id":"14.35228_121.06256","score":0.978,"tier":"high","tile_bbox":[121.06146000000004,14.351179999999996,121.06366000000003,14.353379999999994],"tile_center":[121.06256000000003,14.352279999999995],"anchored_to_building":true,"osm_status":"new","kwp_estimate":1298.8,"lgu_name":"San Pedro","province":"Laguna"}},{"type":"Feature","geometry":{"type":"Point","coordinates":[120.89904,14.354439999999995]},"properties":{"tile_id":"14.35444_120.89904","score":0.715,"tier":"candidate","tile_bbox":[120.89794,14.353339999999996,120.90014,14.355539999999994],"tile_center":[120.89904,14.354439999999995],"anchored_to_building":false,"osm_status":"new"}},{"type":"Feature","geometry":{"type":"Point","coordinates":[121.05808000000003,14.358759999999995]},"properties":{"tile_id":"14.35876_121.05808","score":0.746,"tier":"candidate","tile_bbox":[121.05698000000004,14.357659999999996,121.05918000000003,14.359859999999994],"tile_center":[121.05808000000003,14.358759999999995],"anchored_to_building":false,"osm_status":"new","lgu_name":"San Pedro","province":"Laguna"}},{"type":"Feature","geometry":{"type":"Point","coordinates":[121.0449678872093,14.362496126744185]},"properties":{"tile_id":"14.36308_121.04464","score":0.871,"tier":"high","tile_bbox":[121.04354000000004,14.361979999999996,121.04574000000002,14.364179999999994],"tile_center":[121.04464000000003,14.363079999999995],"anchored_to_building":true,"osm_status":"new","kwp_estimate":63.5,"lgu_name":"San Pedro","province":"Laguna"}},{"type":"Feature","geometry":{"type":"Point","coordinates":[121.04464000000003,14.365239999999995]},"properties":{"tile_id":"14.36524_121.04464","score":0.862,"tier":"high","tile_bbox":[121.04354000000004,14.364139999999995,121.04574000000002,14.366339999999994],"tile_center":[121.04464000000003,14.365239999999995],"anchored_to_building":false,"osm_status":"confirmed","lgu_name":"San Pedro","province":"Laguna","kwp_estimate":994.9}},{"type":"Feature","geometry":{"type":"Point","coordinates":[121.0460963991453,14.365893467521367]},"properties":{"tile_id":"14.36524_121.04688","score":0.981,"tier":"high","tile_bbox":[121.04578000000004,14.364139999999995,121.04798000000002,14.366339999999994],"tile_center":[121.04688000000003,14.365239999999995],"anchored_to_building":true,"osm_status":"confirmed","kwp_estimate":1584.9,"lgu_name":"San Pedro","province":"Laguna"}},{"type":"Feature","geometry":{"type":"Point","coordinates":[121.0439263,14.366402304672897]},"properties":{"tile_id":"14.36740_121.04464","score":0.96,"tier":"high","tile_bbox":[121.04354000000004,14.366299999999995,121.04574000000002,14.368499999999994],"tile_center":[121.04464000000003,14.367399999999995],"anchored_to_building":true,"osm_status":"new","kwp_estimate":995.3,"lgu_name":"San Pedro","province":"Laguna"}},{"type":"Feature","geometry":{"type":"Point","coordinates":[121.0460963991453,14.365893467521367]},"properties":{"tile_id":"14.36740_121.04688","score":0.974,"tier":"high","tile_bbox":[121.04578000000004,14.366299999999995,121.04798000000002,14.368499999999994],"tile_center":[121.04688000000003,14.367399999999995],"anchored_to_building":true,"osm_status":"confirmed","kwp_estimate":581.3,"lgu_name":"San Pedro","province":"Laguna"}},{"type":"Feature","geometry":{"type":"Point","coordinates":[120.97679631460674,14.384009804494383]},"properties":{"tile_id":"14.38252_120.97744","score":0.957,"tier":"high","tile_bbox":[120.97634000000002,14.381419999999995,120.97854000000001,14.383619999999993],"tile_center":[120.97744000000002,14.382519999999994],"anchored_to_building":true,"osm_status":"new","kwp_estimate":583.4,"lgu_name":"Bacoor","province":"Cavite"}},{"type":"Feature","geometry":{"type":"Point","coordinates":[120.96176000000001,14.384679999999994]},"properties":{"tile_id":"14.38468_120.96176","score":0.709,"tier":"candidate","tile_bbox":[120.96066000000002,14.383579999999995,120.96286,14.385779999999993],"tile_center":[120.96176000000001,14.384679999999994],"anchored_to_building":false,"osm_status":"new","lgu_name":"Imus","province":"Cavite"}},{"type":"Feature","geometry":{"type":"Point","coordinates":[120.97679631460674,14.384009804494383]},"properties":{"tile_id":"14.38468_120.97744","score":0.973,"tier":"high","tile_bbox":[120.97634000000002,14.383579999999995,120.97854000000001,14.385779999999993],"tile_center":[120.97744000000002,14.384679999999994],"anchored_to_building":true,"osm_status":"new","kwp_estimate":570.9,"lgu_name":"Bacoor","province":"Cavite"}},{"type":"Feature","geometry":{"type":"Point","coordinates":[120.97935366451613,14.384217152688171]},"properties":{"tile_id":"14.38468_120.97968","score":0.98,"tier":"high","tile_bbox":[120.97858000000002,14.383579999999995,120.98078000000001,14.385779999999993],"tile_center":[120.97968000000002,14.384679999999994],"anchored_to_building":true,"osm_status":"confirmed","kwp_estimate":1055.3,"lgu_name":"Bacoor","province":"Cavite"}},{"type":"Feature","geometry":{"type":"Point","coordinates":[120.98192000000002,14.388999999999994]},"properties":{"tile_id":"14.38900_120.98192","score":0.755,"tier":"candidate","tile_bbox":[120.98082000000002,14.387899999999995,120.98302000000001,14.390099999999993],"tile_center":[120.98192000000002,14.388999999999994],"anchored_to_building":false,"osm_status":"confirmed","lgu_name":"Bacoor","province":"Cavite"}},{"type":"Feature","geometry":{"type":"Point","coordinates":[120.93873065185186,14.390600496296297]},"properties":{"tile_id":"14.39116_120.93936","score":0.907,"tier":"high","tile_bbox":[120.93826000000001,14.390059999999995,120.94046,14.392259999999993],"tile_center":[120.93936000000001,14.391159999999994],"anchored_to_building":true,"osm_status":"confirmed","kwp_estimate":147.5,"lgu_name":"Imus","province":"Cavite"}},{"type":"Feature","geometry":{"type":"Point","coordinates":[120.91248,14.395479999999994]},"properties":{"tile_id":"14.39548_120.91248","score":0.736,"tier":"candidate","tile_bbox":[120.91138000000001,14.394379999999995,120.91358,14.396579999999993],"tile_center":[120.91248,14.395479999999994],"anchored_to_building":false,"osm_status":"new","lgu_name":"Imus","province":"Cavite"}},{"type":"Feature","geometry":{"type":"Point","coordinates":[120.94384000000001,14.395479999999994]},"properties":{"tile_id":"14.39548_120.94384","score":0.859,"tier":"high","tile_bbox":[120.94274000000001,14.394379999999995,120.94494,14.396579999999993],"tile_center":[120.94384000000001,14.395479999999994],"anchored_to_building":false,"osm_status":"new","lgu_name":"Imus","province":"Cavite","kwp_estimate":347.2}},{"type":"Feature","geometry":{"type":"Point","coordinates":[120.92368,14.408439999999993]},"properties":{"tile_id":"14.40844_120.92368","score":0.964,"tier":"high","tile_bbox":[120.92258000000001,14.407339999999994,120.92478,14.409539999999993],"tile_center":[120.92368,14.408439999999993],"anchored_to_building":false,"osm_status":"new","lgu_name":"Imus","province":"Cavite","kwp_estimate":854.6}},{"type":"Feature","geometry":{"type":"Point","coordinates":[120.97072000000001,14.408439999999993]},"properties":{"tile_id":"14.40844_120.97072","score":0.709,"tier":"candidate","tile_bbox":[120.96962000000002,14.407339999999994,120.97182000000001,14.409539999999993],"tile_center":[120.97072000000001,14.408439999999993],"anchored_to_building":false,"osm_status":"new","lgu_name":"Bacoor","province":"Cavite"}},{"type":"Feature","geometry":{"type":"Point","coordinates":[120.96848000000001,14.410599999999993]},"properties":{"tile_id":"14.41060_120.96848","score":0.958,"tier":"high","tile_bbox":[120.96738000000002,14.409499999999994,120.96958000000001,14.411699999999993],"tile_center":[120.96848000000001,14.410599999999993],"anchored_to_building":false,"osm_status":"new","lgu_name":"Bacoor","province":"Cavite","kwp_estimate":125.2}},{"type":"Feature","geometry":{"type":"Point","coordinates":[120.94160000000001,14.412759999999993]},"properties":{"tile_id":"14.41276_120.94160","score":0.785,"tier":"candidate","tile_bbox":[120.94050000000001,14.411659999999994,120.9427,14.413859999999993],"tile_center":[120.94160000000001,14.412759999999993],"anchored_to_building":false,"osm_status":"new","lgu_name":"Imus","province":"Cavite"}},{"type":"Feature","geometry":{"type":"Point","coordinates":[120.96624000000001,14.414919999999993]},"properties":{"tile_id":"14.41492_120.96624","score":0.875,"tier":"high","tile_bbox":[120.96514000000002,14.413819999999994,120.96734000000001,14.416019999999993],"tile_center":[120.96624000000001,14.414919999999993],"anchored_to_building":false,"osm_status":"new","lgu_name":"Bacoor","province":"Cavite","kwp_estimate":464.8}},{"type":"Feature","geometry":{"type":"Point","coordinates":[121.01776000000002,14.414919999999993]},"properties":{"tile_id":"14.41492_121.01776","score":0.964,"tier":"high","tile_bbox":[121.01666000000003,14.413819999999994,121.01886000000002,14.416019999999993],"tile_center":[121.01776000000002,14.414919999999993],"anchored_to_building":false,"osm_status":"new","lgu_name":"Las Pinas","province":"Metro Manila","kwp_estimate":7.2}},{"type":"Feature","geometry":{"type":"Point","coordinates":[120.95056000000001,14.417079999999993]},"properties":{"tile_id":"14.41708_120.95056","score":0.913,"tier":"high","tile_bbox":[120.94946000000002,14.415979999999994,120.95166,14.418179999999992],"tile_center":[120.95056000000001,14.417079999999993],"anchored_to_building":false,"osm_status":"new","lgu_name":"Imus","province":"Cavite"}},{"type":"Feature","geometry":{"type":"Point","coordinates":[121.04240000000003,14.417079999999993]},"properties":{"tile_id":"14.41708_121.04240","score":0.853,"tier":"high","tile_bbox":[121.04130000000004,14.415979999999994,121.04350000000002,14.418179999999992],"tile_center":[121.04240000000003,14.417079999999993],"anchored_to_building":false,"osm_status":"new","lgu_name":"Muntinlupa","province":"Metro Manila","kwp_estimate":34.7}},{"type":"Feature","geometry":{"type":"Point","coordinates":[121.04240000000003,14.419239999999993]},"properties":{"tile_id":"14.41924_121.04240","score":0.735,"tier":"candidate","tile_bbox":[121.04130000000004,14.418139999999994,121.04350000000002,14.420339999999992],"tile_center":[121.04240000000003,14.419239999999993],"anchored_to_building":false,"osm_status":"new","lgu_name":"Muntinlupa","province":"Metro Manila"}},{"type":"Feature","geometry":{"type":"Point","coordinates":[121.03344000000003,14.421399999999993]},"properties":{"tile_id":"14.42140_121.03344","score":0.734,"tier":"candidate","tile_bbox":[121.03234000000003,14.420299999999994,121.03454000000002,14.422499999999992],"tile_center":[121.03344000000003,14.421399999999993],"anchored_to_building":false,"osm_status":"new","lgu_name":"Muntinlupa","province":"Metro Manila"}},{"type":"Feature","geometry":{"type":"Point","coordinates":[121.03568000000003,14.421399999999993]},"properties":{"tile_id":"14.42140_121.03568","score":0.723,"tier":"candidate","tile_bbox":[121.03458000000003,14.420299999999994,121.03678000000002,14.422499999999992],"tile_center":[121.03568000000003,14.421399999999993],"anchored_to_building":false,"osm_status":"new","lgu_name":"Muntinlupa","province":"Metro Manila"}},{"type":"Feature","geometry":{"type":"Point","coordinates":[120.93936000000001,14.423559999999993]},"properties":{"tile_id":"14.42356_120.93936","score":0.815,"tier":"candidate","tile_bbox":[120.93826000000001,14.422459999999994,120.94046,14.424659999999992],"tile_center":[120.93936000000001,14.423559999999993],"anchored_to_building":false,"osm_status":"new","lgu_name":"Imus","province":"Cavite"}},{"type":"Feature","geometry":{"type":"Point","coordinates":[121.02672000000003,14.423559999999993]},"properties":{"tile_id":"14.42356_121.02672","score":0.738,"tier":"candidate","tile_bbox":[121.02562000000003,14.422459999999994,121.02782000000002,14.424659999999992],"tile_center":[121.02672000000003,14.423559999999993],"anchored_to_building":false,"osm_status":"new","lgu_name":"Muntinlupa","province":"Metro Manila"}},{"type":"Feature","geometry":{"type":"Point","coordinates":[121.03344000000003,14.423559999999993]},"properties":{"tile_id":"14.42356_121.03344","score":0.981,"tier":"high","tile_bbox":[121.03234000000003,14.422459999999994,121.03454000000002,14.424659999999992],"tile_center":[121.03344000000003,14.423559999999993],"anchored_to_building":false,"osm_status":"new","lgu_name":"Muntinlupa","province":"Metro Manila","kwp_estimate":28.2}},{"type":"Feature","geometry":{"type":"Point","coordinates":[121.03568000000003,14.423559999999993]},"properties":{"tile_id":"14.42356_121.03568","score":0.836,"tier":"candidate","tile_bbox":[121.03458000000003,14.422459999999994,121.03678000000002,14.424659999999992],"tile_center":[121.03568000000003,14.423559999999993],"anchored_to_building":false,"osm_status":"new","lgu_name":"Muntinlupa","province":"Metro Manila"}},{"type":"Feature","geometry":{"type":"Point","coordinates":[120.89128468309859,14.425821426760562]},"properties":{"tile_id":"14.42572_120.89232","score":0.941,"tier":"high","tile_bbox":[120.89122,14.424619999999994,120.89341999999999,14.426819999999992],"tile_center":[120.89232,14.425719999999993],"anchored_to_building":true,"osm_status":"new","kwp_estimate":105.6,"lgu_name":"Kawit","province":"Cavite"}},{"type":"Feature","geometry":{"type":"Point","coordinates":[121.04464000000003,14.427879999999993]},"properties":{"tile_id":"14.42788_121.04464","score":0.873,"tier":"high","tile_bbox":[121.04354000000004,14.426779999999994,121.04574000000002,14.428979999999992],"tile_center":[121.04464000000003,14.427879999999993],"anchored_to_building":false,"osm_status":"new","lgu_name":"Muntinlupa","province":"Metro Manila"}},{"type":"Feature","geometry":{"type":"Point","coordinates":[121.01776000000002,14.430039999999993]},"properties":{"tile_id":"14.43004_121.01776","score":0.702,"tier":"candidate","tile_bbox":[121.01666000000003,14.428939999999994,121.01886000000002,14.431139999999992],"tile_center":[121.01776000000002,14.430039999999993],"anchored_to_building":false,"osm_status":"new","lgu_name":"Las Pinas","province":"Metro Manila"}},{"type":"Feature","geometry":{"type":"Point","coordinates":[121.04240000000003,14.430039999999993]},"properties":{"tile_id":"14.43004_121.04240","score":0.956,"tier":"high","tile_bbox":[121.04130000000004,14.428939999999994,121.04350000000002,14.431139999999992],"tile_center":[121.04240000000003,14.430039999999993],"anchored_to_building":false,"osm_status":"new","lgu_name":"Muntinlupa","province":"Metro Manila"}},{"type":"Feature","geometry":{"type":"Point","coordinates":[120.89904,14.432199999999993]},"properties":{"tile_id":"14.43220_120.89904","score":0.778,"tier":"candidate","tile_bbox":[120.89794,14.431099999999994,120.90014,14.433299999999992],"tile_center":[120.89904,14.432199999999993],"anchored_to_building":false,"osm_status":"new","lgu_name":"Kawit","province":"Cavite"}},{"type":"Feature","geometry":{"type":"Point","coordinates":[120.90042200097088,14.432406703883496]},"properties":{"tile_id":"14.43220_120.90128","score":0.873,"tier":"high","tile_bbox":[120.90018,14.431099999999994,120.90238,14.433299999999992],"tile_center":[120.90128,14.432199999999993],"anchored_to_building":true,"osm_status":"new","kwp_estimate":23.5,"lgu_name":"Kawit","province":"Cavite"}},{"type":"Feature","geometry":{"type":"Point","coordinates":[121.00880000000002,14.432199999999993]},"properties":{"tile_id":"14.43220_121.00880","score":0.834,"tier":"candidate","tile_bbox":[121.00770000000003,14.431099999999994,121.00990000000002,14.433299999999992],"tile_center":[121.00880000000002,14.432199999999993],"anchored_to_building":false,"osm_status":"new","lgu_name":"Las Pinas","province":"Metro Manila"}},{"type":"Feature","geometry":{"type":"Point","coordinates":[121.01104000000002,14.432199999999993]},"properties":{"tile_id":"14.43220_121.01104","score":0.972,"tier":"high","tile_bbox":[121.00994000000003,14.431099999999994,121.01214000000002,14.433299999999992],"tile_center":[121.01104000000002,14.432199999999993],"anchored_to_building":false,"osm_status":"new","lgu_name":"Las Pinas","province":"Metro Manila","kwp_estimate":961.9}},{"type":"Feature","geometry":{"type":"Point","coordinates":[121.04240000000003,14.432199999999993]},"properties":{"tile_id":"14.43220_121.04240","score":0.831,"tier":"candidate","tile_bbox":[121.04130000000004,14.431099999999994,121.04350000000002,14.433299999999992],"tile_center":[121.04240000000003,14.432199999999993],"anchored_to_building":false,"osm_status":"new","lgu_name":"Muntinlupa","province":"Metro Manila"}},{"type":"Feature","geometry":{"type":"Point","coordinates":[121.01104000000002,14.434359999999993]},"properties":{"tile_id":"14.43436_121.01104","score":0.94,"tier":"high","tile_bbox":[121.00994000000003,14.433259999999994,121.01214000000002,14.435459999999992],"tile_center":[121.01104000000002,14.434359999999993],"anchored_to_building":false,"osm_status":"new","lgu_name":"Las Pinas","province":"Metro Manila","kwp_estimate":961.9}},{"type":"Feature","geometry":{"type":"Point","coordinates":[121.04688000000003,14.434359999999993]},"properties":{"tile_id":"14.43436_121.04688","score":0.745,"tier":"candidate","tile_bbox":[121.04578000000004,14.433259999999994,121.04798000000002,14.435459999999992],"tile_center":[121.04688000000003,14.434359999999993],"anchored_to_building":false,"osm_status":"new","lgu_name":"Muntinlupa","province":"Metro Manila"}},{"type":"Feature","geometry":{"type":"Point","coordinates":[121.00656000000002,14.436519999999993]},"properties":{"tile_id":"14.43652_121.00656","score":0.82,"tier":"candidate","tile_bbox":[121.00546000000003,14.435419999999993,121.00766000000002,14.437619999999992],"tile_center":[121.00656000000002,14.436519999999993],"anchored_to_building":false,"osm_status":"new","lgu_name":"Las Pinas","province":"Metro Manila"}},{"type":"Feature","geometry":{"type":"Point","coordinates":[120.95056000000001,14.445159999999992]},"properties":{"tile_id":"14.44516_120.95056","score":0.988,"tier":"high","tile_bbox":[120.94946000000002,14.444059999999993,120.95166,14.446259999999992],"tile_center":[120.95056000000001,14.445159999999992],"anchored_to_building":false,"osm_status":"confirmed","lgu_name":"Bacoor","province":"Cavite","kwp_estimate":330.1}},{"type":"Feature","geometry":{"type":"Point","coordinates":[120.95504000000001,14.447319999999992]},"properties":{"tile_id":"14.44732_120.95504","score":0.889,"tier":"high","tile_bbox":[120.95394000000002,14.446219999999993,120.95614,14.448419999999992],"tile_center":[120.95504000000001,14.447319999999992],"anchored_to_building":false,"osm_status":"new","lgu_name":"Bacoor","province":"Cavite"}},{"type":"Feature","geometry":{"type":"Point","coordinates":[121.04464000000003,14.447319999999992]},"properties":{"tile_id":"14.44732_121.04464","score":0.916,"tier":"high","tile_bbox":[121.04354000000004,14.446219999999993,121.04574000000002,14.448419999999992],"tile_center":[121.04464000000003,14.447319999999992],"anchored_to_building":false,"osm_status":"new","lgu_name":"Muntinlupa","province":"Metro Manila","kwp_estimate":749.1}},{"type":"Feature","geometry":{"type":"Point","coordinates":[121.04464000000003,14.455959999999992]},"properties":{"tile_id":"14.45596_121.04464","score":0.792,"tier":"candidate","tile_bbox":[121.04354000000004,14.454859999999993,121.04574000000002,14.457059999999991],"tile_center":[121.04464000000003,14.455959999999992],"anchored_to_building":false,"osm_status":"new","lgu_name":"Paranaque","province":"Metro Manila"}},{"type":"Feature","geometry":{"type":"Point","coordinates":[121.03792000000003,14.458119999999992]},"properties":{"tile_id":"14.45812_121.03792","score":0.806,"tier":"candidate","tile_bbox":[121.03682000000003,14.457019999999993,121.03902000000002,14.459219999999991],"tile_center":[121.03792000000003,14.458119999999992],"anchored_to_building":false,"osm_status":"new","lgu_name":"Paranaque","province":"Metro Manila"}},{"type":"Feature","geometry":{"type":"Point","coordinates":[121.02224000000002,14.464599999999992]},"properties":{"tile_id":"14.46460_121.02224","score":0.831,"tier":"candidate","tile_bbox":[121.02114000000003,14.463499999999993,121.02334000000002,14.465699999999991],"tile_center":[121.02224000000002,14.464599999999992],"anchored_to_building":false,"osm_status":"new","lgu_name":"Paranaque","province":"Metro Manila"}},{"type":"Feature","geometry":{"type":"Point","coordinates":[121.01776000000002,14.466759999999992]},"properties":{"tile_id":"14.46676_121.01776","score":0.967,"tier":"high","tile_bbox":[121.01666000000003,14.465659999999993,121.01886000000002,14.467859999999991],"tile_center":[121.01776000000002,14.466759999999992],"anchored_to_building":false,"osm_status":"new","lgu_name":"Paranaque","province":"Metro Manila"}},{"type":"Feature","geometry":{"type":"Point","coordinates":[121.04240000000003,14.468919999999992]},"properties":{"tile_id":"14.46892_121.04240","score":0.911,"tier":"high","tile_bbox":[121.04130000000004,14.467819999999993,121.04350000000002,14.470019999999991],"tile_center":[121.04240000000003,14.468919999999992],"anchored_to_building":false,"osm_status":"new","lgu_name":"Paranaque","province":"Metro Manila","kwp_estimate":143.4}},{"type":"Feature","geometry":{"type":"Point","coordinates":[120.97968000000002,14.473239999999992]},"properties":{"tile_id":"14.47324_120.97968","score":0.921,"tier":"high","tile_bbox":[120.97858000000002,14.472139999999992,120.98078000000001,14.47433999999999],"tile_center":[120.97968000000002,14.473239999999992],"anchored_to_building":false,"osm_status":"new","lgu_name":"Las Pinas","province":"Metro Manila"}},{"type":"Feature","geometry":{"type":"Point","coordinates":[121.04464000000003,14.473239999999992]},"properties":{"tile_id":"14.47324_121.04464","score":0.856,"tier":"high","tile_bbox":[121.04354000000004,14.472139999999992,121.04574000000002,14.47433999999999],"tile_center":[121.04464000000003,14.473239999999992],"anchored_to_building":false,"osm_status":"new","lgu_name":"Paranaque","province":"Metro Manila","kwp_estimate":59.2}},{"type":"Feature","geometry":{"type":"Point","coordinates":[121.05584000000003,14.473239999999992]},"properties":{"tile_id":"14.47324_121.05584","score":0.785,"tier":"candidate","tile_bbox":[121.05474000000004,14.472139999999992,121.05694000000003,14.47433999999999],"tile_center":[121.05584000000003,14.473239999999992],"anchored_to_building":false,"osm_status":"new","lgu_name":"Taguig","province":"Metro Manila"}},{"type":"Feature","geometry":{"type":"Point","coordinates":[121.05136000000003,14.479719999999991]},"properties":{"tile_id":"14.47972_121.05136","score":0.715,"tier":"candidate","tile_bbox":[121.05026000000004,14.478619999999992,121.05246000000002,14.48081999999999],"tile_center":[121.05136000000003,14.479719999999991],"anchored_to_building":false,"osm_status":"new","lgu_name":"Taguig","province":"Metro Manila"}},{"type":"Feature","geometry":{"type":"Point","coordinates":[120.98640000000002,14.481879999999991]},"properties":{"tile_id":"14.48188_120.98640","score":0.769,"tier":"candidate","tile_bbox":[120.98530000000002,14.480779999999992,120.98750000000001,14.48297999999999],"tile_center":[120.98640000000002,14.481879999999991],"anchored_to_building":false,"osm_status":"new","lgu_name":"Las Pinas","province":"Metro Manila"}},{"type":"Feature","geometry":{"type":"Point","coordinates":[120.99760000000002,14.481879999999991]},"properties":{"tile_id":"14.48188_120.99760","score":0.97,"tier":"high","tile_bbox":[120.99650000000003,14.480779999999992,120.99870000000001,14.48297999999999],"tile_center":[120.99760000000002,14.481879999999991],"anchored_to_building":false,"osm_status":"new","lgu_name":"Paranaque","province":"Metro Manila","kwp_estimate":407.9}},{"type":"Feature","geometry":{"type":"Point","coordinates":[121.04016000000003,14.481879999999991]},"properties":{"tile_id":"14.48188_121.04016","score":0.708,"tier":"candidate","tile_bbox":[121.03906000000003,14.480779999999992,121.04126000000002,14.48297999999999],"tile_center":[121.04016000000003,14.481879999999991],"anchored_to_building":false,"osm_status":"new","lgu_name":"Paranaque","province":"Metro Manila"}},{"type":"Feature","geometry":{"type":"Point","coordinates":[121.04464000000003,14.484039999999991]},"properties":{"tile_id":"14.48404_121.04464","score":0.837,"tier":"candidate","tile_bbox":[121.04354000000004,14.482939999999992,121.04574000000002,14.48513999999999],"tile_center":[121.04464000000003,14.484039999999991],"anchored_to_building":false,"osm_status":"new","lgu_name":"Paranaque","province":"Metro Manila"}},{"type":"Feature","geometry":{"type":"Point","coordinates":[121.04688000000003,14.484039999999991]},"properties":{"tile_id":"14.48404_121.04688","score":0.817,"tier":"candidate","tile_bbox":[121.04578000000004,14.482939999999992,121.04798000000002,14.48513999999999],"tile_center":[121.04688000000003,14.484039999999991],"anchored_to_building":false,"osm_status":"new","lgu_name":"Taguig","province":"Metro Manila"}},{"type":"Feature","geometry":{"type":"Point","coordinates":[121.04240000000003,14.488359999999991]},"properties":{"tile_id":"14.48836_121.04240","score":0.727,"tier":"candidate","tile_bbox":[121.04130000000004,14.487259999999992,121.04350000000002,14.48945999999999],"tile_center":[121.04240000000003,14.488359999999991],"anchored_to_building":false,"osm_status":"new","lgu_name":"Paranaque","province":"Metro Manila"}},{"type":"Feature","geometry":{"type":"Point","coordinates":[121.04912000000003,14.490519999999991]},"properties":{"tile_id":"14.49052_121.04912","score":0.802,"tier":"candidate","tile_bbox":[121.04802000000004,14.489419999999992,121.05022000000002,14.49161999999999],"tile_center":[121.04912000000003,14.490519999999991],"anchored_to_building":false,"osm_status":"new","lgu_name":"Taguig","province":"Metro Manila"}},{"type":"Feature","geometry":{"type":"Point","coordinates":[120.99312000000002,14.492679999999991]},"properties":{"tile_id":"14.49268_120.99312","score":0.903,"tier":"high","tile_bbox":[120.99202000000002,14.491579999999992,120.99422000000001,14.49377999999999],"tile_center":[120.99312000000002,14.492679999999991],"anchored_to_building":false,"osm_status":"confirmed","lgu_name":"Paranaque","province":"Metro Manila","kwp_estimate":242.0}},{"type":"Feature","geometry":{"type":"Point","coordinates":[121.21936000000007,14.494839999999991]},"properties":{"tile_id":"14.49484_121.21936","score":0.859,"tier":"high","tile_bbox":[121.21826000000007,14.493739999999992,121.22046000000006,14.49593999999999],"tile_center":[121.21936000000007,14.494839999999991],"anchored_to_building":false,"osm_status":"new","lgu_name":"Cardona","province":"Rizal","kwp_estimate":422.4}},{"type":"Feature","geometry":{"type":"Point","coordinates":[121.21936000000007,14.496999999999991]},"properties":{"tile_id":"14.49700_121.21936","score":0.731,"tier":"candidate","tile_bbox":[121.21826000000007,14.495899999999992,121.22046000000006,14.49809999999999],"tile_center":[121.21936000000007,14.496999999999991],"anchored_to_building":false,"osm_status":"new","lgu_name":"Cardona","province":"Rizal"}},{"type":"Feature","geometry":{"type":"Point","coordinates":[121.03120000000003,14.499159999999991]},"properties":{"tile_id":"14.49916_121.03120","score":0.731,"tier":"candidate","tile_bbox":[121.03010000000003,14.498059999999992,121.03230000000002,14.50025999999999],"tile_center":[121.03120000000003,14.499159999999991],"anchored_to_building":false,"osm_status":"new","lgu_name":"Paranaque","province":"Metro Manila"}},{"type":"Feature","geometry":{"type":"Point","coordinates":[120.99088000000002,14.50131999999999]},"properties":{"tile_id":"14.50132_120.99088","score":0.859,"tier":"high","tile_bbox":[120.98978000000002,14.500219999999992,120.99198000000001,14.50241999999999],"tile_center":[120.99088000000002,14.50131999999999],"anchored_to_building":false,"osm_status":"new","lgu_name":"Paranaque","province":"Metro Manila","kwp_estimate":268.3}},{"type":"Feature","geometry":{"type":"Point","coordinates":[120.99760000000002,14.50131999999999]},"properties":{"tile_id":"14.50132_120.99760","score":0.922,"tier":"high","tile_bbox":[120.99650000000003,14.500219999999992,120.99870000000001,14.50241999999999],"tile_center":[120.99760000000002,14.50131999999999],"anchored_to_building":false,"osm_status":"confirmed","lgu_name":"Paranaque","province":"Metro Manila","kwp_estimate":160.1}},{"type":"Feature","geometry":{"type":"Point","coordinates":[120.99984000000002,14.50131999999999]},"properties":{"tile_id":"14.50132_120.99984","score":0.707,"tier":"candidate","tile_bbox":[120.99874000000003,14.500219999999992,121.00094000000001,14.50241999999999],"tile_center":[120.99984000000002,14.50131999999999],"anchored_to_building":false,"osm_status":"new","lgu_name":"Paranaque","province":"Metro Manila"}},{"type":"Feature","geometry":{"type":"Point","coordinates":[121.04464000000003,14.50563999999999]},"properties":{"tile_id":"14.50564_121.04464","score":0.864,"tier":"high","tile_bbox":[121.04354000000004,14.504539999999992,121.04574000000002,14.50673999999999],"tile_center":[121.04464000000003,14.50563999999999],"anchored_to_building":false,"osm_status":"new","lgu_name":"Taguig","province":"Metro Manila","kwp_estimate":323.0}},{"type":"Feature","geometry":{"type":"Point","coordinates":[121.04688000000003,14.50563999999999]},"properties":{"tile_id":"14.50564_121.04688","score":0.929,"tier":"high","tile_bbox":[121.04578000000004,14.504539999999992,121.04798000000002,14.50673999999999],"tile_center":[121.04688000000003,14.50563999999999],"anchored_to_building":false,"osm_status":"new","lgu_name":"Taguig","province":"Metro Manila","kwp_estimate":323.0}},{"type":"Feature","geometry":{"type":"Point","coordinates":[121.03792000000003,14.51427999999999]},"properties":{"tile_id":"14.51428_121.03792","score":0.703,"tier":"candidate","tile_bbox":[121.03682000000003,14.513179999999991,121.03902000000002,14.51537999999999],"tile_center":[121.03792000000003,14.51427999999999],"anchored_to_building":false,"osm_status":"confirmed","lgu_name":"Taguig","province":"Metro Manila"}},{"type":"Feature","geometry":{"type":"Point","coordinates":[121.02448000000003,14.51643999999999]},"properties":{"tile_id":"14.51644_121.02448","score":0.887,"tier":"high","tile_bbox":[121.02338000000003,14.515339999999991,121.02558000000002,14.51753999999999],"tile_center":[121.02448000000003,14.51643999999999],"anchored_to_building":false,"osm_status":"new","lgu_name":"Pasay","province":"Metro Manila","kwp_estimate":242.2}},{"type":"Feature","geometry":{"type":"Point","coordinates":[121.04464000000003,14.51643999999999]},"properties":{"tile_id":"14.51644_121.04464","score":0.722,"tier":"candidate","tile_bbox":[121.04354000000004,14.515339999999991,121.04574000000002,14.51753999999999],"tile_center":[121.04464000000003,14.51643999999999],"anchored_to_building":false,"osm_status":"confirmed","lgu_name":"Taguig","province":"Metro Manila"}},{"type":"Feature","geometry":{"type":"Point","coordinates":[120.99312000000002,14.51859999999999]},"properties":{"tile_id":"14.51860_120.99312","score":0.824,"tier":"candidate","tile_bbox":[120.99202000000002,14.517499999999991,120.99422000000001,14.51969999999999],"tile_center":[120.99312000000002,14.51859999999999],"anchored_to_building":false,"osm_status":"new","lgu_name":"Paranaque","province":"Metro Manila"}},{"type":"Feature","geometry":{"type":"Point","coordinates":[121.02000000000002,14.51859999999999]},"properties":{"tile_id":"14.51860_121.02000","score":0.873,"tier":"high","tile_bbox":[121.01890000000003,14.517499999999991,121.02110000000002,14.51969999999999],"tile_center":[121.02000000000002,14.51859999999999],"anchored_to_building":false,"osm_status":"new","lgu_name":"Pasay","province":"Metro Manila","kwp_estimate":772.6}},{"type":"Feature","geometry":{"type":"Point","coordinates":[121.01776000000002,14.52075999999999]},"properties":{"tile_id":"14.52076_121.01776","score":0.939,"tier":"high","tile_bbox":[121.01666000000003,14.519659999999991,121.01886000000002,14.52185999999999],"tile_center":[121.01776000000002,14.52075999999999],"anchored_to_building":false,"osm_status":"new","lgu_name":"Pasay","province":"Metro Manila","kwp_estimate":197.1}},{"type":"Feature","geometry":{"type":"Point","coordinates":[120.99088000000002,14.52291999999999]},"properties":{"tile_id":"14.52292_120.99088","score":0.735,"tier":"candidate","tile_bbox":[120.98978000000002,14.521819999999991,120.99198000000001,14.52401999999999],"tile_center":[120.99088000000002,14.52291999999999],"anchored_to_building":false,"osm_status":"confirmed","lgu_name":"Paranaque","province":"Metro Manila"}},{"type":"Feature","geometry":{"type":"Point","coordinates":[121.06480000000003,14.52507999999999]},"properties":{"tile_id":"14.52508_121.06480","score":0.804,"tier":"candidate","tile_bbox":[121.06370000000004,14.523979999999991,121.06590000000003,14.52617999999999],"tile_center":[121.06480000000003,14.52507999999999],"anchored_to_building":false,"osm_status":"new","lgu_name":"Taguig","province":"Metro Manila"}},{"type":"Feature","geometry":{"type":"Point","coordinates":[120.99088000000002,14.52939999999999]},"properties":{"tile_id":"14.52940_120.99088","score":0.74,"tier":"candidate","tile_bbox":[120.98978000000002,14.52829999999999,120.99198000000001,14.53049999999999],"tile_center":[120.99088000000002,14.52939999999999],"anchored_to_building":false,"osm_status":"new","lgu_name":"Paranaque","province":"Metro Manila"}},{"type":"Feature","geometry":{"type":"Point","coordinates":[121.00208000000002,14.52939999999999]},"properties":{"tile_id":"14.52940_121.00208","score":0.965,"tier":"high","tile_bbox":[121.00098000000003,14.52829999999999,121.00318000000001,14.53049999999999],"tile_center":[121.00208000000002,14.52939999999999],"anchored_to_building":false,"osm_status":"new","lgu_name":"Pasay","province":"Metro Manila"}},{"type":"Feature","geometry":{"type":"Point","coordinates":[121.06928000000003,14.52939999999999]},"properties":{"tile_id":"14.52940_121.06928","score":0.969,"tier":"high","tile_bbox":[121.06818000000004,14.52829999999999,121.07038000000003,14.53049999999999],"tile_center":[121.06928000000003,14.52939999999999],"anchored_to_building":false,"osm_status":"new","lgu_name":"Taguig","province":"Metro Manila","kwp_estimate":406.3}},{"type":"Feature","geometry":{"type":"Point","coordinates":[121.07600000000004,14.52939999999999]},"properties":{"tile_id":"14.52940_121.07600","score":0.778,"tier":"candidate","tile_bbox":[121.07490000000004,14.52829999999999,121.07710000000003,14.53049999999999],"tile_center":[121.07600000000004,14.52939999999999],"anchored_to_building":false,"osm_status":"new","lgu_name":"Taguig","province":"Metro Manila"}},{"type":"Feature","geometry":{"type":"Point","coordinates":[120.98192000000002,14.53155999999999]},"properties":{"tile_id":"14.53156_120.98192","score":0.983,"tier":"high","tile_bbox":[120.98082000000002,14.53045999999999,120.98302000000001,14.53265999999999],"tile_center":[120.98192000000002,14.53155999999999],"anchored_to_building":false,"osm_status":"new","lgu_name":"Pasay","province":"Metro Manila","kwp_estimate":329.2}},{"type":"Feature","geometry":{"type":"Point","coordinates":[120.98864000000002,14.53155999999999]},"properties":{"tile_id":"14.53156_120.98864","score":0.81,"tier":"candidate","tile_bbox":[120.98754000000002,14.53045999999999,120.98974000000001,14.53265999999999],"tile_center":[120.98864000000002,14.53155999999999],"anchored_to_building":false,"osm_status":"new","lgu_name":"Pasay","province":"Metro Manila"}},{"type":"Feature","geometry":{"type":"Point","coordinates":[121.05360000000003,14.53155999999999]},"properties":{"tile_id":"14.53156_121.05360","score":0.785,"tier":"candidate","tile_bbox":[121.05250000000004,14.53045999999999,121.05470000000003,14.53265999999999],"tile_center":[121.05360000000003,14.53155999999999],"anchored_to_building":false,"osm_status":"new","lgu_name":"Taguig","province":"Metro Manila"}},{"type":"Feature","geometry":{"type":"Point","coordinates":[121.07376000000004,14.53155999999999]},"properties":{"tile_id":"14.53156_121.07376","score":0.945,"tier":"high","tile_bbox":[121.07266000000004,14.53045999999999,121.07486000000003,14.53265999999999],"tile_center":[121.07376000000004,14.53155999999999],"anchored_to_building":false,"osm_status":"new","lgu_name":"Taguig","province":"Metro Manila","kwp_estimate":149.9}},{"type":"Feature","geometry":{"type":"Point","coordinates":[121.1492961112,14.5320763384]},"properties":{"tile_id":"14.53156_121.14992","score":0.934,"tier":"high","tile_bbox":[121.14882000000006,14.53045999999999,121.15102000000005,14.53265999999999],"tile_center":[121.14992000000005,14.53155999999999],"anchored_to_building":true,"osm_status":"new","kwp_estimate":2.8,"lgu_name":"Angono","province":"Rizal"}},{"type":"Feature","geometry":{"type":"Point","coordinates":[120.98192000000002,14.53371999999999]},"properties":{"tile_id":"14.53372_120.98192","score":0.708,"tier":"candidate","tile_bbox":[120.98082000000002,14.53261999999999,120.98302000000001,14.53481999999999],"tile_center":[120.98192000000002,14.53371999999999],"anchored_to_building":false,"osm_status":"confirmed","lgu_name":"Pasay","province":"Metro Manila"}},{"type":"Feature","geometry":{"type":"Point","coordinates":[120.98864000000002,14.53371999999999]},"properties":{"tile_id":"14.53372_120.98864","score":0.962,"tier":"high","tile_bbox":[120.98754000000002,14.53261999999999,120.98974000000001,14.53481999999999],"tile_center":[120.98864000000002,14.53371999999999],"anchored_to_building":false,"osm_status":"new","lgu_name":"Pasay","province":"Metro Manila","kwp_estimate":116.1}},{"type":"Feature","geometry":{"type":"Point","coordinates":[121.09168000000004,14.53371999999999]},"properties":{"tile_id":"14.53372_121.09168","score":0.709,"tier":"candidate","tile_bbox":[121.09058000000005,14.53261999999999,121.09278000000003,14.53481999999999],"tile_center":[121.09168000000004,14.53371999999999],"anchored_to_building":false,"osm_status":"new","lgu_name":"Taguig","province":"Metro Manila"}},{"type":"Feature","geometry":{"type":"Point","coordinates":[120.98192000000002,14.53587999999999]},"properties":{"tile_id":"14.53588_120.98192","score":0.74,"tier":"candidate","tile_bbox":[120.98082000000002,14.53477999999999,120.98302000000001,14.53697999999999],"tile_center":[120.98192000000002,14.53587999999999],"anchored_to_building":false,"osm_status":"confirmed","lgu_name":"Pasay","province":"Metro Manila"}},{"type":"Feature","geometry":{"type":"Point","coordinates":[120.99088000000002,14.53587999999999]},"properties":{"tile_id":"14.53588_120.99088","score":0.862,"tier":"high","tile_bbox":[120.98978000000002,14.53477999999999,120.99198000000001,14.53697999999999],"tile_center":[120.99088000000002,14.53587999999999],"anchored_to_building":false,"osm_status":"new","lgu_name":"Pasay","province":"Metro Manila"}},{"type":"Feature","geometry":{"type":"Point","coordinates":[121.13715069036144,14.536180468674699]},"properties":{"tile_id":"14.53588_121.13648","score":0.948,"tier":"high","tile_bbox":[121.13538000000005,14.53477999999999,121.13758000000004,14.53697999999999],"tile_center":[121.13648000000005,14.53587999999999],"anchored_to_building":true,"osm_status":"new","kwp_estimate":29.2,"lgu_name":"Taytay","province":"Rizal"}},{"type":"Feature","geometry":{"type":"Point","coordinates":[121.21936000000007,14.53587999999999]},"properties":{"tile_id":"14.53588_121.21936","score":0.932,"tier":"high","tile_bbox":[121.21826000000007,14.53477999999999,121.22046000000006,14.53697999999999],"tile_center":[121.21936000000007,14.53587999999999],"anchored_to_building":false,"osm_status":"new","lgu_name":"Morong","province":"Rizal"}},{"type":"Feature","geometry":{"type":"Point","coordinates":[121.00208000000002,14.53803999999999]},"properties":{"tile_id":"14.53804_121.00208","score":0.917,"tier":"high","tile_bbox":[121.00098000000003,14.53693999999999,121.00318000000001,14.539139999999989],"tile_center":[121.00208000000002,14.53803999999999],"anchored_to_building":false,"osm_status":"new","lgu_name":"Pasay","province":"Metro Manila"}},{"type":"Feature","geometry":{"type":"Point","coordinates":[121.02000000000002,14.53803999999999]},"properties":{"tile_id":"14.53804_121.02000","score":0.776,"tier":"candidate","tile_bbox":[121.01890000000003,14.53693999999999,121.02110000000002,14.539139999999989],"tile_center":[121.02000000000002,14.53803999999999],"anchored_to_building":false,"osm_status":"new","lgu_name":"Makati","province":"Metro Manila"}},{"type":"Feature","geometry":{"type":"Point","coordinates":[120.98416000000002,14.54019999999999]},"properties":{"tile_id":"14.54020_120.98416","score":0.708,"tier":"candidate","tile_bbox":[120.98306000000002,14.53909999999999,120.98526000000001,14.541299999999989],"tile_center":[120.98416000000002,14.54019999999999],"anchored_to_building":false,"osm_status":"new","lgu_name":"Pasay","province":"Metro Manila"}},{"type":"Feature","geometry":{"type":"Point","coordinates":[120.99312000000002,14.54451999999999]},"properties":{"tile_id":"14.54452_120.99312","score":0.857,"tier":"high","tile_bbox":[120.99202000000002,14.54341999999999,120.99422000000001,14.545619999999989],"tile_center":[120.99312000000002,14.54451999999999],"anchored_to_building":false,"osm_status":"new","lgu_name":"Pasay","province":"Metro Manila"}},{"type":"Feature","geometry":{"type":"Point","coordinates":[121.02224000000002,14.54667999999999]},"properties":{"tile_id":"14.54668_121.02224","score":0.881,"tier":"high","tile_bbox":[121.02114000000003,14.54557999999999,121.02334000000002,14.547779999999989],"tile_center":[121.02224000000002,14.54667999999999],"anchored_to_building":false,"osm_status":"new","lgu_name":"Makati","province":"Metro Manila","kwp_estimate":338.6}},{"type":"Feature","geometry":{"type":"Point","coordinates":[120.99088000000002,14.54883999999999]},"properties":{"tile_id":"14.54884_120.99088","score":0.906,"tier":"high","tile_bbox":[120.98978000000002,14.54773999999999,120.99198000000001,14.549939999999989],"tile_center":[120.99088000000002,14.54883999999999],"anchored_to_building":false,"osm_status":"new","lgu_name":"Pasay","province":"Metro Manila"}},{"type":"Feature","geometry":{"type":"Point","coordinates":[121.05584000000003,14.54883999999999]},"properties":{"tile_id":"14.54884_121.05584","score":0.746,"tier":"candidate","tile_bbox":[121.05474000000004,14.54773999999999,121.05694000000003,14.549939999999989],"tile_center":[121.05584000000003,14.54883999999999],"anchored_to_building":false,"osm_status":"new","lgu_name":"Taguig","province":"Metro Manila"}},{"type":"Feature","geometry":{"type":"Point","coordinates":[121.13872000000005,14.54883999999999]},"properties":{"tile_id":"14.54884_121.13872","score":0.768,"tier":"candidate","tile_bbox":[121.13762000000006,14.54773999999999,121.13982000000004,14.549939999999989],"tile_center":[121.13872000000005,14.54883999999999],"anchored_to_building":false,"osm_status":"new","lgu_name":"Taytay","province":"Rizal"}},{"type":"Feature","geometry":{"type":"Point","coordinates":[120.98864000000002,14.55099999999999]},"properties":{"tile_id":"14.55100_120.98864","score":0.938,"tier":"high","tile_bbox":[120.98754000000002,14.54989999999999,120.98974000000001,14.552099999999989],"tile_center":[120.98864000000002,14.55099999999999],"anchored_to_building":false,"osm_status":"new","lgu_name":"Pasay","province":"Metro Manila","kwp_estimate":976.0}},{"type":"Feature","geometry":{"type":"Point","coordinates":[121.21936000000007,14.55099999999999]},"properties":{"tile_id":"14.55100_121.21936","score":0.713,"tier":"candidate","tile_bbox":[121.21826000000007,14.54989999999999,121.22046000000006,14.552099999999989],"tile_center":[121.21936000000007,14.55099999999999],"anchored_to_building":false,"osm_status":"new","lgu_name":"Teresa","province":"Rizal"}},{"type":"Feature","geometry":{"type":"Point","coordinates":[120.98192000000002,14.55315999999999]},"properties":{"tile_id":"14.55316_120.98192","score":0.79,"tier":"candidate","tile_bbox":[120.98082000000002,14.55205999999999,120.98302000000001,14.554259999999989],"tile_center":[120.98192000000002,14.55315999999999],"anchored_to_building":false,"osm_status":"confirmed","lgu_name":"Pasay","province":"Metro Manila"}},{"type":"Feature","geometry":{"type":"Point","coordinates":[120.98864000000002,14.55315999999999]},"properties":{"tile_id":"14.55316_120.98864","score":0.711,"tier":"candidate","tile_bbox":[120.98754000000002,14.55205999999999,120.98974000000001,14.554259999999989],"tile_center":[120.98864000000002,14.55315999999999],"anchored_to_building":false,"osm_status":"new","lgu_name":"Pasay","province":"Metro Manila"}},{"type":"Feature","geometry":{"type":"Point","coordinates":[121.00880000000002,14.55315999999999]},"properties":{"tile_id":"14.55316_121.00880","score":0.89,"tier":"high","tile_bbox":[121.00770000000003,14.55205999999999,121.00990000000002,14.554259999999989],"tile_center":[121.00880000000002,14.55315999999999],"anchored_to_building":false,"osm_status":"confirmed","lgu_name":"Makati","province":"Metro Manila"}},{"type":"Feature","geometry":{"type":"Point","coordinates":[121.01552000000002,14.55315999999999]},"properties":{"tile_id":"14.55316_121.01552","score":0.729,"tier":"candidate","tile_bbox":[121.01442000000003,14.55205999999999,121.01662000000002,14.554259999999989],"tile_center":[121.01552000000002,14.55315999999999],"anchored_to_building":false,"osm_status":"new","lgu_name":"Makati","province":"Metro Manila"}},{"type":"Feature","geometry":{"type":"Point","coordinates":[121.04912000000003,14.55315999999999]},"properties":{"tile_id":"14.55316_121.04912","score":0.711,"tier":"candidate","tile_bbox":[121.04802000000004,14.55205999999999,121.05022000000002,14.554259999999989],"tile_center":[121.04912000000003,14.55315999999999],"anchored_to_building":false,"osm_status":"new","lgu_name":"Taguig","province":"Metro Manila"}},{"type":"Feature","geometry":{"type":"Point","coordinates":[121.05584000000003,14.55315999999999]},"properties":{"tile_id":"14.55316_121.05584","score":0.791,"tier":"candidate","tile_bbox":[121.05474000000004,14.55205999999999,121.05694000000003,14.554259999999989],"tile_center":[121.05584000000003,14.55315999999999],"anchored_to_building":false,"osm_status":"new","lgu_name":"Taguig","province":"Metro Manila"}},{"type":"Feature","geometry":{"type":"Point","coordinates":[121.05808000000003,14.55315999999999]},"properties":{"tile_id":"14.55316_121.05808","score":0.973,"tier":"high","tile_bbox":[121.05698000000004,14.55205999999999,121.05918000000003,14.554259999999989],"tile_center":[121.05808000000003,14.55315999999999],"anchored_to_building":false,"osm_status":"confirmed","lgu_name":"Taguig","province":"Metro Manila","kwp_estimate":877.0}},{"type":"Feature","geometry":{"type":"Point","coordinates":[120.98192000000002,14.55531999999999]},"properties":{"tile_id":"14.55532_120.98192","score":0.788,"tier":"candidate","tile_bbox":[120.98082000000002,14.55421999999999,120.98302000000001,14.556419999999989],"tile_center":[120.98192000000002,14.55531999999999],"anchored_to_building":false,"osm_status":"confirmed","lgu_name":"Pasay","province":"Metro Manila"}},{"type":"Feature","geometry":{"type":"Point","coordinates":[120.98416000000002,14.55531999999999]},"properties":{"tile_id":"14.55532_120.98416","score":0.952,"tier":"high","tile_bbox":[120.98306000000002,14.55421999999999,120.98526000000001,14.556419999999989],"tile_center":[120.98416000000002,14.55531999999999],"anchored_to_building":false,"osm_status":"confirmed","lgu_name":"Pasay","province":"Metro Manila"}},{"type":"Feature","geometry":{"type":"Point","coordinates":[121.04912000000003,14.55531999999999]},"properties":{"tile_id":"14.55532_121.04912","score":0.882,"tier":"high","tile_bbox":[121.04802000000004,14.55421999999999,121.05022000000002,14.556419999999989],"tile_center":[121.04912000000003,14.55531999999999],"anchored_to_building":false,"osm_status":"new","lgu_name":"Taguig","province":"Metro Manila"}},{"type":"Feature","geometry":{"type":"Point","coordinates":[121.05584000000003,14.55531999999999]},"properties":{"tile_id":"14.55532_121.05584","score":0.738,"tier":"candidate","tile_bbox":[121.05474000000004,14.55421999999999,121.05694000000003,14.556419999999989],"tile_center":[121.05584000000003,14.55531999999999],"anchored_to_building":false,"osm_status":"new","lgu_name":"Taguig","province":"Metro Manila"}},{"type":"Feature","geometry":{"type":"Point","coordinates":[121.05808000000003,14.55531999999999]},"properties":{"tile_id":"14.55532_121.05808","score":0.893,"tier":"high","tile_bbox":[121.05698000000004,14.55421999999999,121.05918000000003,14.556419999999989],"tile_center":[121.05808000000003,14.55531999999999],"anchored_to_building":false,"osm_status":"confirmed","lgu_name":"Taguig","province":"Metro Manila","kwp_estimate":877.0}},{"type":"Feature","geometry":{"type":"Point","coordinates":[121.13865153069305,14.554951246534653]},"properties":{"tile_id":"14.55532_121.13872","score":0.983,"tier":"high","tile_bbox":[121.13762000000006,14.55421999999999,121.13982000000004,14.556419999999989],"tile_center":[121.13872000000005,14.55531999999999],"anchored_to_building":true,"osm_status":"new","kwp_estimate":121.8,"lgu_name":"Taytay","province":"Rizal"}},{"type":"Feature","geometry":{"type":"Point","coordinates":[121.01328000000002,14.55747999999999]},"properties":{"tile_id":"14.55748_121.01328","score":0.857,"tier":"high","tile_bbox":[121.01218000000003,14.55637999999999,121.01438000000002,14.558579999999989],"tile_center":[121.01328000000002,14.55747999999999],"anchored_to_building":false,"osm_status":"new","lgu_name":"Makati","province":"Metro Manila","kwp_estimate":227.8}},{"type":"Feature","geometry":{"type":"Point","coordinates":[121.05584000000003,14.55747999999999]},"properties":{"tile_id":"14.55748_121.05584","score":0.883,"tier":"high","tile_bbox":[121.05474000000004,14.55637999999999,121.05694000000003,14.558579999999989],"tile_center":[121.05584000000003,14.55747999999999],"anchored_to_building":false,"osm_status":"new","lgu_name":"Taguig","province":"Metro Manila","kwp_estimate":275.6}},{"type":"Feature","geometry":{"type":"Point","coordinates":[120.99536000000002,14.55963999999999]},"properties":{"tile_id":"14.55964_120.99536","score":0.905,"tier":"high","tile_bbox":[120.99426000000003,14.55853999999999,120.99646000000001,14.560739999999988],"tile_center":[120.99536000000002,14.55963999999999],"anchored_to_building":false,"osm_status":"new","lgu_name":"Pasay","province":"Metro Manila","kwp_estimate":50.9}},{"type":"Feature","geometry":{"type":"Point","coordinates":[121.02224000000002,14.55963999999999]},"properties":{"tile_id":"14.55964_121.02224","score":0.935,"tier":"high","tile_bbox":[121.02114000000003,14.55853999999999,121.02334000000002,14.560739999999988],"tile_center":[121.02224000000002,14.55963999999999],"anchored_to_building":false,"osm_status":"new","lgu_name":"Makati","province":"Metro Manila","kwp_estimate":193.1}},{"type":"Feature","geometry":{"type":"Point","coordinates":[121.03568000000003,14.56395999999999]},"properties":{"tile_id":"14.56396_121.03568","score":0.717,"tier":"candidate","tile_bbox":[121.03458000000003,14.56285999999999,121.03678000000002,14.565059999999988],"tile_center":[121.03568000000003,14.56395999999999],"anchored_to_building":false,"osm_status":"new","lgu_name":"Makati","province":"Metro Manila"}},{"type":"Feature","geometry":{"type":"Point","coordinates":[121.10288000000004,14.56395999999999]},"properties":{"tile_id":"14.56396_121.10288","score":0.98,"tier":"high","tile_bbox":[121.10178000000005,14.56285999999999,121.10398000000004,14.565059999999988],"tile_center":[121.10288000000004,14.56395999999999],"anchored_to_building":false,"osm_status":"confirmed","lgu_name":"Cainta","province":"Rizal"}},{"type":"Feature","geometry":{"type":"Point","coordinates":[121.09392000000004,14.566119999999989]},"properties":{"tile_id":"14.56612_121.09392","score":0.733,"tier":"candidate","tile_bbox":[121.09282000000005,14.56501999999999,121.09502000000003,14.567219999999988],"tile_center":[121.09392000000004,14.566119999999989],"anchored_to_building":false,"osm_status":"new","lgu_name":"Pasig","province":"Metro Manila"}},{"type":"Feature","geometry":{"type":"Point","coordinates":[121.14116702985075,14.56563312835821]},"properties":{"tile_id":"14.56612_121.14096","score":0.973,"tier":"high","tile_bbox":[121.13986000000006,14.56501999999999,121.14206000000004,14.567219999999988],"tile_center":[121.14096000000005,14.566119999999989],"anchored_to_building":true,"osm_status":"new","kwp_estimate":349.5,"lgu_name":"Taytay","province":"Rizal"}},{"type":"Feature","geometry":{"type":"Point","coordinates":[121.14099511690141,14.568532407042255]},"properties":{"tile_id":"14.56828_121.14096","score":0.98,"tier":"high","tile_bbox":[121.13986000000006,14.56717999999999,121.14206000000004,14.569379999999988],"tile_center":[121.14096000000005,14.568279999999989],"anchored_to_building":true,"osm_status":"new","kwp_estimate":385.0,"lgu_name":"Taytay","province":"Rizal"}},{"type":"Feature","geometry":{"type":"Point","coordinates":[121.02000000000002,14.572599999999989]},"properties":{"tile_id":"14.57260_121.02000","score":0.973,"tier":"high","tile_bbox":[121.01890000000003,14.57149999999999,121.02110000000002,14.573699999999988],"tile_center":[121.02000000000002,14.572599999999989],"anchored_to_building":false,"osm_status":"new","lgu_name":"Makati","province":"Metro Manila","kwp_estimate":154.7}},{"type":"Feature","geometry":{"type":"Point","coordinates":[121.18352000000006,14.572599999999989]},"properties":{"tile_id":"14.57260_121.18352","score":0.851,"tier":"high","tile_bbox":[121.18242000000006,14.57149999999999,121.18462000000005,14.573699999999988],"tile_center":[121.18352000000006,14.572599999999989],"anchored_to_building":false,"osm_status":"new","lgu_name":"Antipolo","province":"Rizal"}},{"type":"Feature","geometry":{"type":"Point","coordinates":[121.05584000000003,14.574759999999989]},"properties":{"tile_id":"14.57476_121.05584","score":0.703,"tier":"candidate","tile_bbox":[121.05474000000004,14.57365999999999,121.05694000000003,14.575859999999988],"tile_center":[121.05584000000003,14.574759999999989],"anchored_to_building":false,"osm_status":"new","lgu_name":"Mandaluyong","province":"Metro Manila"}},{"type":"Feature","geometry":{"type":"Point","coordinates":[120.99312000000002,14.576919999999989]},"properties":{"tile_id":"14.57692_120.99312","score":0.974,"tier":"high","tile_bbox":[120.99202000000002,14.57581999999999,120.99422000000001,14.578019999999988],"tile_center":[120.99312000000002,14.576919999999989],"anchored_to_building":false,"osm_status":"new","lgu_name":"Manila","province":"Metro Manila","kwp_estimate":741.2}},{"type":"Feature","geometry":{"type":"Point","coordinates":[121.05808000000003,14.576919999999989]},"properties":{"tile_id":"14.57692_121.05808","score":0.795,"tier":"candidate","tile_bbox":[121.05698000000004,14.57581999999999,121.05918000000003,14.578019999999988],"tile_center":[121.05808000000003,14.576919999999989],"anchored_to_building":false,"osm_status":"new","lgu_name":"Pasig","province":"Metro Manila"}},{"type":"Feature","geometry":{"type":"Point","coordinates":[120.97296000000001,14.579079999999989]},"properties":{"tile_id":"14.57908_120.97296","score":0.739,"tier":"candidate","tile_bbox":[120.97186000000002,14.57797999999999,120.97406000000001,14.580179999999988],"tile_center":[120.97296000000001,14.579079999999989],"anchored_to_building":false,"osm_status":"new","lgu_name":"Manila","province":"Metro Manila"}},{"type":"Feature","geometry":{"type":"Point","coordinates":[121.07824000000004,14.579079999999989]},"properties":{"tile_id":"14.57908_121.07824","score":0.729,"tier":"candidate","tile_bbox":[121.07714000000004,14.57797999999999,121.07934000000003,14.580179999999988],"tile_center":[121.07824000000004,14.579079999999989],"anchored_to_building":false,"osm_status":"new","lgu_name":"Pasig","province":"Metro Manila"}},{"type":"Feature","geometry":{"type":"Point","coordinates":[121.08496000000004,14.579079999999989]},"properties":{"tile_id":"14.57908_121.08496","score":0.93,"tier":"high","tile_bbox":[121.08386000000004,14.57797999999999,121.08606000000003,14.580179999999988],"tile_center":[121.08496000000004,14.579079999999989],"anchored_to_building":false,"osm_status":"new","lgu_name":"Pasig","province":"Metro Manila","kwp_estimate":13.8}},{"type":"Feature","geometry":{"type":"Point","coordinates":[121.17291375164835,14.579097634065935]},"properties":{"tile_id":"14.57908_121.17232","score":0.972,"tier":"high","tile_bbox":[121.17122000000006,14.57797999999999,121.17342000000005,14.580179999999988],"tile_center":[121.17232000000006,14.579079999999989],"anchored_to_building":true,"osm_status":"new","kwp_estimate":186.5,"lgu_name":"Antipolo","province":"Rizal"}},{"type":"Feature","geometry":{"type":"Point","coordinates":[121.06256000000003,14.581239999999989]},"properties":{"tile_id":"14.58124_121.06256","score":0.812,"tier":"candidate","tile_bbox":[121.06146000000004,14.58013999999999,121.06366000000003,14.582339999999988],"tile_center":[121.06256000000003,14.581239999999989],"anchored_to_building":false,"osm_status":"new","lgu_name":"Pasig","province":"Metro Manila"}},{"type":"Feature","geometry":{"type":"Point","coordinates":[121.09168000000004,14.581239999999989]},"properties":{"tile_id":"14.58124_121.09168","score":0.907,"tier":"high","tile_bbox":[121.09058000000005,14.58013999999999,121.09278000000003,14.582339999999988],"tile_center":[121.09168000000004,14.581239999999989],"anchored_to_building":false,"osm_status":"new","lgu_name":"Pasig","province":"Metro Manila","kwp_estimate":302.9}},{"type":"Feature","geometry":{"type":"Point","coordinates":[121.05360000000003,14.583399999999989]},"properties":{"tile_id":"14.58340_121.05360","score":0.71,"tier":"candidate","tile_bbox":[121.05250000000004,14.58229999999999,121.05470000000003,14.584499999999988],"tile_center":[121.05360000000003,14.583399999999989],"anchored_to_building":false,"osm_status":"new","lgu_name":"Mandaluyong","province":"Metro Manila"}},{"type":"Feature","geometry":{"type":"Point","coordinates":[121.08944000000004,14.583399999999989]},"properties":{"tile_id":"14.58340_121.08944","score":0.753,"tier":"candidate","tile_bbox":[121.08834000000004,14.58229999999999,121.09054000000003,14.584499999999988],"tile_center":[121.08944000000004,14.583399999999989],"anchored_to_building":false,"osm_status":"new","lgu_name":"Pasig","province":"Metro Manila"}},{"type":"Feature","geometry":{"type":"Point","coordinates":[121.12752000000005,14.583399999999989]},"properties":{"tile_id":"14.58340_121.12752","score":0.813,"tier":"candidate","tile_bbox":[121.12642000000005,14.58229999999999,121.12862000000004,14.584499999999988],"tile_center":[121.12752000000005,14.583399999999989],"anchored_to_building":false,"osm_status":"new","lgu_name":"Cainta","province":"Rizal"}},{"type":"Feature","geometry":{"type":"Point","coordinates":[121.13626866,14.58239239625]},"properties":{"tile_id":"14.58340_121.13648","score":0.878,"tier":"high","tile_bbox":[121.13538000000005,14.58229999999999,121.13758000000004,14.584499999999988],"tile_center":[121.13648000000005,14.583399999999989],"anchored_to_building":true,"osm_status":"confirmed","kwp_estimate":856.7,"lgu_name":"Taytay","province":"Rizal"}},{"type":"Feature","geometry":{"type":"Point","coordinates":[120.98416000000002,14.585559999999989]},"properties":{"tile_id":"14.58556_120.98416","score":0.705,"tier":"candidate","tile_bbox":[120.98306000000002,14.58445999999999,120.98526000000001,14.586659999999988],"tile_center":[120.98416000000002,14.585559999999989],"anchored_to_building":false,"osm_status":"new","lgu_name":"Manila","province":"Metro Manila"}},{"type":"Feature","geometry":{"type":"Point","coordinates":[120.98864000000002,14.585559999999989]},"properties":{"tile_id":"14.58556_120.98864","score":0.753,"tier":"candidate","tile_bbox":[120.98754000000002,14.58445999999999,120.98974000000001,14.586659999999988],"tile_center":[120.98864000000002,14.585559999999989],"anchored_to_building":false,"osm_status":"new","lgu_name":"Manila","province":"Metro Manila"}},{"type":"Feature","geometry":{"type":"Point","coordinates":[121.08944000000004,14.585559999999989]},"properties":{"tile_id":"14.58556_121.08944","score":0.857,"tier":"high","tile_bbox":[121.08834000000004,14.58445999999999,121.09054000000003,14.586659999999988],"tile_center":[121.08944000000004,14.585559999999989],"anchored_to_building":false,"osm_status":"new","lgu_name":"Pasig","province":"Metro Manila","kwp_estimate":140.2}},{"type":"Feature","geometry":{"type":"Point","coordinates":[120.98416000000002,14.587719999999988]},"properties":{"tile_id":"14.58772_120.98416","score":0.968,"tier":"high","tile_bbox":[120.98306000000002,14.58661999999999,120.98526000000001,14.588819999999988],"tile_center":[120.98416000000002,14.587719999999988],"anchored_to_building":false,"osm_status":"new","lgu_name":"Manila","province":"Metro Manila","kwp_estimate":465.1}},{"type":"Feature","geometry":{"type":"Point","coordinates":[121.04240000000003,14.587719999999988]},"properties":{"tile_id":"14.58772_121.04240","score":0.816,"tier":"candidate","tile_bbox":[121.04130000000004,14.58661999999999,121.04350000000002,14.588819999999988],"tile_center":[121.04240000000003,14.587719999999988],"anchored_to_building":false,"osm_status":"new","lgu_name":"Mandaluyong","province":"Metro Manila"}},{"type":"Feature","geometry":{"type":"Point","coordinates":[121.04464000000003,14.587719999999988]},"properties":{"tile_id":"14.58772_121.04464","score":0.98,"tier":"high","tile_bbox":[121.04354000000004,14.58661999999999,121.04574000000002,14.588819999999988],"tile_center":[121.04464000000003,14.587719999999988],"anchored_to_building":false,"osm_status":"confirmed","lgu_name":"Mandaluyong","province":"Metro Manila","kwp_estimate":349.1}},{"type":"Feature","geometry":{"type":"Point","coordinates":[121.05808000000003,14.587719999999988]},"properties":{"tile_id":"14.58772_121.05808","score":0.776,"tier":"candidate","tile_bbox":[121.05698000000004,14.58661999999999,121.05918000000003,14.588819999999988],"tile_center":[121.05808000000003,14.587719999999988],"anchored_to_building":false,"osm_status":"new","lgu_name":"Mandaluyong","province":"Metro Manila"}},{"type":"Feature","geometry":{"type":"Point","coordinates":[121.06480000000003,14.587719999999988]},"properties":{"tile_id":"14.58772_121.06480","score":0.747,"tier":"candidate","tile_bbox":[121.06370000000004,14.58661999999999,121.06590000000003,14.588819999999988],"tile_center":[121.06480000000003,14.587719999999988],"anchored_to_building":false,"osm_status":"new","lgu_name":"Pasig","province":"Metro Manila"}},{"type":"Feature","geometry":{"type":"Point","coordinates":[121.09168000000004,14.587719999999988]},"properties":{"tile_id":"14.58772_121.09168","score":0.941,"tier":"high","tile_bbox":[121.09058000000005,14.58661999999999,121.09278000000003,14.588819999999988],"tile_center":[121.09168000000004,14.587719999999988],"anchored_to_building":false,"osm_status":"new","lgu_name":"Pasig","province":"Metro Manila","kwp_estimate":94.0}},{"type":"Feature","geometry":{"type":"Point","coordinates":[121.10512000000004,14.587719999999988]},"properties":{"tile_id":"14.58772_121.10512","score":0.713,"tier":"candidate","tile_bbox":[121.10402000000005,14.58661999999999,121.10622000000004,14.588819999999988],"tile_center":[121.10512000000004,14.587719999999988],"anchored_to_building":false,"osm_status":"new","lgu_name":"Pasig","province":"Metro Manila"}},{"type":"Feature","geometry":{"type":"Point","coordinates":[120.98192000000002,14.589879999999988]},"properties":{"tile_id":"14.58988_120.98192","score":0.97,"tier":"high","tile_bbox":[120.98082000000002,14.58877999999999,120.98302000000001,14.590979999999988],"tile_center":[120.98192000000002,14.589879999999988],"anchored_to_building":false,"osm_status":"new","lgu_name":"Manila","province":"Metro Manila","kwp_estimate":599.4}},{"type":"Feature","geometry":{"type":"Point","coordinates":[120.98416000000002,14.589879999999988]},"properties":{"tile_id":"14.58988_120.98416","score":0.948,"tier":"high","tile_bbox":[120.98306000000002,14.58877999999999,120.98526000000001,14.590979999999988],"tile_center":[120.98416000000002,14.589879999999988],"anchored_to_building":false,"osm_status":"new","lgu_name":"Manila","province":"Metro Manila","kwp_estimate":599.4}},{"type":"Feature","geometry":{"type":"Point","coordinates":[120.99984000000002,14.589879999999988]},"properties":{"tile_id":"14.58988_120.99984","score":0.986,"tier":"high","tile_bbox":[120.99874000000003,14.58877999999999,121.00094000000001,14.590979999999988],"tile_center":[120.99984000000002,14.589879999999988],"anchored_to_building":false,"osm_status":"new","lgu_name":"Manila","province":"Metro Manila"}},{"type":"Feature","geometry":{"type":"Point","coordinates":[121.03568000000003,14.589879999999988]},"properties":{"tile_id":"14.58988_121.03568","score":0.84,"tier":"candidate","tile_bbox":[121.03458000000003,14.58877999999999,121.03678000000002,14.590979999999988],"tile_center":[121.03568000000003,14.589879999999988],"anchored_to_building":false,"osm_status":"new","lgu_name":"Mandaluyong","province":"Metro Manila"}},{"type":"Feature","geometry":{"type":"Point","coordinates":[121.06480000000003,14.589879999999988]},"properties":{"tile_id":"14.58988_121.06480","score":0.712,"tier":"candidate","tile_bbox":[121.06370000000004,14.58877999999999,121.06590000000003,14.590979999999988],"tile_center":[121.06480000000003,14.589879999999988],"anchored_to_building":false,"osm_status":"new","lgu_name":"Pasig","province":"Metro Manila"}},{"type":"Feature","geometry":{"type":"Point","coordinates":[121.09616000000004,14.589879999999988]},"properties":{"tile_id":"14.58988_121.09616","score":0.988,"tier":"high","tile_bbox":[121.09506000000005,14.58877999999999,121.09726000000003,14.590979999999988],"tile_center":[121.09616000000004,14.589879999999988],"anchored_to_building":false,"osm_status":"new","lgu_name":"Pasig","province":"Metro Manila","kwp_estimate":222.5}},{"type":"Feature","geometry":{"type":"Point","coordinates":[121.1344220185185,14.590242965432099]},"properties":{"tile_id":"14.58988_121.13424","score":0.924,"tier":"high","tile_bbox":[121.13314000000005,14.58877999999999,121.13534000000004,14.590979999999988],"tile_center":[121.13424000000005,14.589879999999988],"anchored_to_building":true,"osm_status":"new","kwp_estimate":515.0,"lgu_name":"Cainta","province":"Rizal"}},{"type":"Feature","geometry":{"type":"Point","coordinates":[121.13648000000005,14.589879999999988]},"properties":{"tile_id":"14.58988_121.13648","score":0.753,"tier":"candidate","tile_bbox":[121.13538000000005,14.58877999999999,121.13758000000004,14.590979999999988],"tile_center":[121.13648000000005,14.589879999999988],"anchored_to_building":false,"osm_status":"new","lgu_name":"Cainta","province":"Rizal"}},{"type":"Feature","geometry":{"type":"Point","coordinates":[121.06928000000003,14.592039999999988]},"properties":{"tile_id":"14.59204_121.06928","score":0.779,"tier":"candidate","tile_bbox":[121.06818000000004,14.59093999999999,121.07038000000003,14.593139999999988],"tile_center":[121.06928000000003,14.592039999999988],"anchored_to_building":false,"osm_status":"new","lgu_name":"Pasig","province":"Metro Manila"}},{"type":"Feature","geometry":{"type":"Point","coordinates":[121.14320000000005,14.592039999999988]},"properties":{"tile_id":"14.59204_121.14320","score":0.804,"tier":"candidate","tile_bbox":[121.14210000000006,14.59093999999999,121.14430000000004,14.593139999999988],"tile_center":[121.14320000000005,14.592039999999988],"anchored_to_building":false,"osm_status":"new","lgu_name":"Cainta","province":"Rizal"}},{"type":"Feature","geometry":{"type":"Point","coordinates":[120.99312000000002,14.596359999999988]},"properties":{"tile_id":"14.59636_120.99312","score":0.845,"tier":"candidate","tile_bbox":[120.99202000000002,14.595259999999989,120.99422000000001,14.597459999999987],"tile_center":[120.99312000000002,14.596359999999988],"anchored_to_building":false,"osm_status":"new","lgu_name":"Manila","province":"Metro Manila"}},{"type":"Feature","geometry":{"type":"Point","coordinates":[121.08048000000004,14.596359999999988]},"properties":{"tile_id":"14.59636_121.08048","score":0.908,"tier":"high","tile_bbox":[121.07938000000004,14.595259999999989,121.08158000000003,14.597459999999987],"tile_center":[121.08048000000004,14.596359999999988],"anchored_to_building":false,"osm_status":"confirmed","lgu_name":"Quezon City","province":"Metro Manila","kwp_estimate":357.5}},{"type":"Feature","geometry":{"type":"Point","coordinates":[121.17277378415842,14.596572428712872]},"properties":{"tile_id":"14.59636_121.17232","score":0.968,"tier":"high","tile_bbox":[121.17122000000006,14.595259999999989,121.17342000000005,14.597459999999987],"tile_center":[121.17232000000006,14.596359999999988],"anchored_to_building":true,"osm_status":"new","kwp_estimate":783.0,"lgu_name":"Antipolo","province":"Rizal"}},{"type":"Feature","geometry":{"type":"Point","coordinates":[121.19696000000006,14.596359999999988]},"properties":{"tile_id":"14.59636_121.19696","score":0.926,"tier":"high","tile_bbox":[121.19586000000007,14.595259999999989,121.19806000000005,14.597459999999987],"tile_center":[121.19696000000006,14.596359999999988],"anchored_to_building":false,"osm_status":"new","lgu_name":"Antipolo","province":"Rizal"}},{"type":"Feature","geometry":{"type":"Point","coordinates":[121.04912000000003,14.600679999999988]},"properties":{"tile_id":"14.60068_121.04912","score":0.824,"tier":"candidate","tile_bbox":[121.04802000000004,14.599579999999989,121.05022000000002,14.601779999999987],"tile_center":[121.04912000000003,14.600679999999988],"anchored_to_building":false,"osm_status":"new","lgu_name":"San Juan","province":"Metro Manila"}},{"type":"Feature","geometry":{"type":"Point","coordinates":[121.09616000000004,14.600679999999988]},"properties":{"tile_id":"14.60068_121.09616","score":0.795,"tier":"candidate","tile_bbox":[121.09506000000005,14.599579999999989,121.09726000000003,14.601779999999987],"tile_center":[121.09616000000004,14.600679999999988],"anchored_to_building":false,"osm_status":"confirmed","lgu_name":"Pasig","province":"Metro Manila"}},{"type":"Feature","geometry":{"type":"Point","coordinates":[121.09840000000004,14.600679999999988]},"properties":{"tile_id":"14.60068_121.09840","score":0.981,"tier":"high","tile_bbox":[121.09730000000005,14.599579999999989,121.09950000000003,14.601779999999987],"tile_center":[121.09840000000004,14.600679999999988],"anchored_to_building":false,"osm_status":"confirmed","lgu_name":"Pasig","province":"Metro Manila","kwp_estimate":445.0}},{"type":"Feature","geometry":{"type":"Point","coordinates":[121.08048000000004,14.604999999999988]},"properties":{"tile_id":"14.60500_121.08048","score":0.981,"tier":"high","tile_bbox":[121.07938000000004,14.603899999999989,121.08158000000003,14.606099999999987],"tile_center":[121.08048000000004,14.604999999999988],"anchored_to_building":false,"osm_status":"confirmed","lgu_name":"Quezon City","province":"Metro Manila","kwp_estimate":134.4}},{"type":"Feature","geometry":{"type":"Point","coordinates":[121.04240000000003,14.615799999999988]},"properties":{"tile_id":"14.61580_121.04240","score":0.921,"tier":"high","tile_bbox":[121.04130000000004,14.614699999999988,121.04350000000002,14.616899999999987],"tile_center":[121.04240000000003,14.615799999999988],"anchored_to_building":false,"osm_status":"new","lgu_name":"Quezon City","province":"Metro Manila","kwp_estimate":1242.3}},{"type":"Feature","geometry":{"type":"Point","coordinates":[121.09168000000004,14.615799999999988]},"properties":{"tile_id":"14.61580_121.09168","score":0.783,"tier":"candidate","tile_bbox":[121.09058000000005,14.614699999999988,121.09278000000003,14.616899999999987],"tile_center":[121.09168000000004,14.615799999999988],"anchored_to_building":false,"osm_status":"new","lgu_name":"Pasig","province":"Metro Manila"}},{"type":"Feature","geometry":{"type":"Point","coordinates":[121.09392000000004,14.615799999999988]},"properties":{"tile_id":"14.61580_121.09392","score":0.953,"tier":"high","tile_bbox":[121.09282000000005,14.614699999999988,121.09502000000003,14.616899999999987],"tile_center":[121.09392000000004,14.615799999999988],"anchored_to_building":false,"osm_status":"new","lgu_name":"Pasig","province":"Metro Manila","kwp_estimate":126.5}},{"type":"Feature","geometry":{"type":"Point","coordinates":[121.09616000000004,14.615799999999988]},"properties":{"tile_id":"14.61580_121.09616","score":0.885,"tier":"high","tile_bbox":[121.09506000000005,14.614699999999988,121.09726000000003,14.616899999999987],"tile_center":[121.09616000000004,14.615799999999988],"anchored_to_building":false,"osm_status":"new","lgu_name":"Pasig","province":"Metro Manila","kwp_estimate":49.0}},{"type":"Feature","geometry":{"type":"Point","coordinates":[120.98416000000002,14.617959999999988]},"properties":{"tile_id":"14.61796_120.98416","score":0.903,"tier":"high","tile_bbox":[120.98306000000002,14.616859999999988,120.98526000000001,14.619059999999987],"tile_center":[120.98416000000002,14.617959999999988],"anchored_to_building":false,"osm_status":"new","lgu_name":"Manila","province":"Metro Manila","kwp_estimate":620.4}},{"type":"Feature","geometry":{"type":"Point","coordinates":[120.98640000000002,14.617959999999988]},"properties":{"tile_id":"14.61796_120.98640","score":0.979,"tier":"high","tile_bbox":[120.98530000000002,14.616859999999988,120.98750000000001,14.619059999999987],"tile_center":[120.98640000000002,14.617959999999988],"anchored_to_building":false,"osm_status":"new","lgu_name":"Manila","province":"Metro Manila","kwp_estimate":658.7}},{"type":"Feature","geometry":{"type":"Point","coordinates":[121.01328000000002,14.617959999999988]},"properties":{"tile_id":"14.61796_121.01328","score":0.972,"tier":"high","tile_bbox":[121.01218000000003,14.616859999999988,121.01438000000002,14.619059999999987],"tile_center":[121.01328000000002,14.617959999999988],"anchored_to_building":false,"osm_status":"new","lgu_name":"Quezon City","province":"Metro Manila","kwp_estimate":129.0}},{"type":"Feature","geometry":{"type":"Point","coordinates":[121.07152000000004,14.617959999999988]},"properties":{"tile_id":"14.61796_121.07152","score":0.723,"tier":"candidate","tile_bbox":[121.07042000000004,14.616859999999988,121.07262000000003,14.619059999999987],"tile_center":[121.07152000000004,14.617959999999988],"anchored_to_building":false,"osm_status":"new","lgu_name":"Quezon City","province":"Metro Manila"}},{"type":"Feature","geometry":{"type":"Point","coordinates":[121.09392000000004,14.617959999999988]},"properties":{"tile_id":"14.61796_121.09392","score":0.773,"tier":"candidate","tile_bbox":[121.09282000000005,14.616859999999988,121.09502000000003,14.619059999999987],"tile_center":[121.09392000000004,14.617959999999988],"anchored_to_building":false,"osm_status":"new","lgu_name":"Pasig","province":"Metro Manila"}},{"type":"Feature","geometry":{"type":"Point","coordinates":[121.13200000000005,14.617959999999988]},"properties":{"tile_id":"14.61796_121.13200","score":0.806,"tier":"candidate","tile_bbox":[121.13090000000005,14.616859999999988,121.13310000000004,14.619059999999987],"tile_center":[121.13200000000005,14.617959999999988],"anchored_to_building":false,"osm_status":"new","lgu_name":"Antipolo","province":"Rizal"}},{"type":"Feature","geometry":{"type":"Point","coordinates":[121.15148766,14.619218526086957]},"properties":{"tile_id":"14.62012_121.15216","score":0.955,"tier":"high","tile_bbox":[121.15106000000006,14.619019999999988,121.15326000000005,14.621219999999987],"tile_center":[121.15216000000005,14.620119999999988],"anchored_to_building":true,"osm_status":"new","kwp_estimate":24.7,"lgu_name":"Antipolo","province":"Rizal"}},{"type":"Feature","geometry":{"type":"Point","coordinates":[121.02000000000002,14.622279999999988]},"properties":{"tile_id":"14.62228_121.02000","score":0.919,"tier":"high","tile_bbox":[121.01890000000003,14.621179999999988,121.02110000000002,14.623379999999987],"tile_center":[121.02000000000002,14.622279999999988],"anchored_to_building":false,"osm_status":"new","lgu_name":"Quezon City","province":"Metro Manila","kwp_estimate":202.3}},{"type":"Feature","geometry":{"type":"Point","coordinates":[121.02224000000002,14.622279999999988]},"properties":{"tile_id":"14.62228_121.02224","score":0.93,"tier":"high","tile_bbox":[121.02114000000003,14.621179999999988,121.02334000000002,14.623379999999987],"tile_center":[121.02224000000002,14.622279999999988],"anchored_to_building":false,"osm_status":"new","lgu_name":"Quezon City","province":"Metro Manila","kwp_estimate":237.0}},{"type":"Feature","geometry":{"type":"Point","coordinates":[120.96400000000001,14.624439999999987]},"properties":{"tile_id":"14.62444_120.96400","score":0.953,"tier":"high","tile_bbox":[120.96290000000002,14.623339999999988,120.9651,14.625539999999987],"tile_center":[120.96400000000001,14.624439999999987],"anchored_to_building":false,"osm_status":"new","lgu_name":"Manila","province":"Metro Manila","kwp_estimate":615.1}},{"type":"Feature","geometry":{"type":"Point","coordinates":[120.97296000000001,14.624439999999987]},"properties":{"tile_id":"14.62444_120.97296","score":0.753,"tier":"candidate","tile_bbox":[120.97186000000002,14.623339999999988,120.97406000000001,14.625539999999987],"tile_center":[120.97296000000001,14.624439999999987],"anchored_to_building":false,"osm_status":"new","lgu_name":"Manila","province":"Metro Manila"}},{"type":"Feature","geometry":{"type":"Point","coordinates":[121.00880000000002,14.624439999999987]},"properties":{"tile_id":"14.62444_121.00880","score":0.816,"tier":"candidate","tile_bbox":[121.00770000000003,14.623339999999988,121.00990000000002,14.625539999999987],"tile_center":[121.00880000000002,14.624439999999987],"anchored_to_building":false,"osm_status":"confirmed","lgu_name":"Quezon City","province":"Metro Manila"}},{"type":"Feature","geometry":{"type":"Point","coordinates":[121.02000000000002,14.624439999999987]},"properties":{"tile_id":"14.62444_121.02000","score":0.775,"tier":"candidate","tile_bbox":[121.01890000000003,14.623339999999988,121.02110000000002,14.625539999999987],"tile_center":[121.02000000000002,14.624439999999987],"anchored_to_building":false,"osm_status":"new","lgu_name":"Quezon City","province":"Metro Manila"}},{"type":"Feature","geometry":{"type":"Point","coordinates":[121.12080000000005,14.624439999999987]},"properties":{"tile_id":"14.62444_121.12080","score":0.809,"tier":"candidate","tile_bbox":[121.11970000000005,14.623339999999988,121.12190000000004,14.625539999999987],"tile_center":[121.12080000000005,14.624439999999987],"anchored_to_building":false,"osm_status":"new","lgu_name":"Antipolo","province":"Rizal"}},{"type":"Feature","geometry":{"type":"Point","coordinates":[121.13648000000005,14.624439999999987]},"properties":{"tile_id":"14.62444_121.13648","score":0.777,"tier":"candidate","tile_bbox":[121.13538000000005,14.623339999999988,121.13758000000004,14.625539999999987],"tile_center":[121.13648000000005,14.624439999999987],"anchored_to_building":false,"osm_status":"new","lgu_name":"Antipolo","province":"Rizal"}},{"type":"Feature","geometry":{"type":"Point","coordinates":[121.08496000000004,14.626599999999987]},"properties":{"tile_id":"14.62660_121.08496","score":0.964,"tier":"high","tile_bbox":[121.08386000000004,14.625499999999988,121.08606000000003,14.627699999999987],"tile_center":[121.08496000000004,14.626599999999987],"anchored_to_building":false,"osm_status":"new","lgu_name":"Marikina","province":"Metro Manila","kwp_estimate":154.5}},{"type":"Feature","geometry":{"type":"Point","coordinates":[121.12080000000005,14.626599999999987]},"properties":{"tile_id":"14.62660_121.12080","score":0.883,"tier":"high","tile_bbox":[121.11970000000005,14.625499999999988,121.12190000000004,14.627699999999987],"tile_center":[121.12080000000005,14.626599999999987],"anchored_to_building":false,"osm_status":"new","lgu_name":"Antipolo","province":"Rizal","kwp_estimate":325.7}},{"type":"Feature","geometry":{"type":"Point","coordinates":[121.02896000000003,14.628759999999987]},"properties":{"tile_id":"14.62876_121.02896","score":0.816,"tier":"candidate","tile_bbox":[121.02786000000003,14.627659999999988,121.03006000000002,14.629859999999987],"tile_center":[121.02896000000003,14.628759999999987],"anchored_to_building":false,"osm_status":"new","lgu_name":"Quezon City","province":"Metro Manila"}},{"type":"Feature","geometry":{"type":"Point","coordinates":[121.08272000000004,14.628759999999987]},"properties":{"tile_id":"14.62876_121.08272","score":0.834,"tier":"candidate","tile_bbox":[121.08162000000004,14.627659999999988,121.08382000000003,14.629859999999987],"tile_center":[121.08272000000004,14.628759999999987],"anchored_to_building":false,"osm_status":"new","lgu_name":"Marikina","province":"Metro Manila"}},{"type":"Feature","geometry":{"type":"Point","coordinates":[121.01776000000002,14.630919999999987]},"properties":{"tile_id":"14.63092_121.01776","score":0.746,"tier":"candidate","tile_bbox":[121.01666000000003,14.629819999999988,121.01886000000002,14.632019999999986],"tile_center":[121.01776000000002,14.630919999999987],"anchored_to_building":false,"osm_status":"new","lgu_name":"Quezon City","province":"Metro Manila"}},{"type":"Feature","geometry":{"type":"Point","coordinates":[121.10512000000004,14.633079999999987]},"properties":{"tile_id":"14.63308_121.10512","score":0.936,"tier":"high","tile_bbox":[121.10402000000005,14.631979999999988,121.10622000000004,14.634179999999986],"tile_center":[121.10512000000004,14.633079999999987],"anchored_to_building":false,"osm_status":"new","lgu_name":"Marikina","province":"Metro Manila","kwp_estimate":907.0}},{"type":"Feature","geometry":{"type":"Point","coordinates":[121.10064000000004,14.637399999999987]},"properties":{"tile_id":"14.63740_121.10064","score":0.796,"tier":"candidate","tile_bbox":[121.09954000000005,14.636299999999988,121.10174000000004,14.638499999999986],"tile_center":[121.10064000000004,14.637399999999987],"anchored_to_building":false,"osm_status":"new","lgu_name":"Marikina","province":"Metro Manila"}},{"type":"Feature","geometry":{"type":"Point","coordinates":[120.95728000000001,14.639559999999987]},"properties":{"tile_id":"14.63956_120.95728","score":0.797,"tier":"candidate","tile_bbox":[120.95618000000002,14.638459999999988,120.95838,14.640659999999986],"tile_center":[120.95728000000001,14.639559999999987],"anchored_to_building":false,"osm_status":"new","lgu_name":"Navotas","province":"Metro Manila"}},{"type":"Feature","geometry":{"type":"Point","coordinates":[121.02224000000002,14.639559999999987]},"properties":{"tile_id":"14.63956_121.02224","score":0.795,"tier":"candidate","tile_bbox":[121.02114000000003,14.638459999999988,121.02334000000002,14.640659999999986],"tile_center":[121.02224000000002,14.639559999999987],"anchored_to_building":false,"osm_status":"new","lgu_name":"Quezon City","province":"Metro Manila"}},{"type":"Feature","geometry":{"type":"Point","coordinates":[121.03568000000003,14.639559999999987]},"properties":{"tile_id":"14.63956_121.03568","score":0.706,"tier":"candidate","tile_bbox":[121.03458000000003,14.638459999999988,121.03678000000002,14.640659999999986],"tile_center":[121.03568000000003,14.639559999999987],"anchored_to_building":false,"osm_status":"new","lgu_name":"Quezon City","province":"Metro Manila"}},{"type":"Feature","geometry":{"type":"Point","coordinates":[121.04688000000003,14.639559999999987]},"properties":{"tile_id":"14.63956_121.04688","score":0.842,"tier":"candidate","tile_bbox":[121.04578000000004,14.638459999999988,121.04798000000002,14.640659999999986],"tile_center":[121.04688000000003,14.639559999999987],"anchored_to_building":false,"osm_status":"new","lgu_name":"Quezon City","province":"Metro Manila"}},{"type":"Feature","geometry":{"type":"Point","coordinates":[121.07600000000004,14.639559999999987]},"properties":{"tile_id":"14.63956_121.07600","score":0.892,"tier":"high","tile_bbox":[121.07490000000004,14.638459999999988,121.07710000000003,14.640659999999986],"tile_center":[121.07600000000004,14.639559999999987],"anchored_to_building":false,"osm_status":"new","lgu_name":"Quezon City","province":"Metro Manila"}},{"type":"Feature","geometry":{"type":"Point","coordinates":[120.99760000000002,14.641719999999987]},"properties":{"tile_id":"14.64172_120.99760","score":0.744,"tier":"candidate","tile_bbox":[120.99650000000003,14.640619999999988,120.99870000000001,14.642819999999986],"tile_center":[120.99760000000002,14.641719999999987],"anchored_to_building":false,"osm_status":"new","lgu_name":"Quezon City","province":"Metro Manila"}},{"type":"Feature","geometry":{"type":"Point","coordinates":[121.01776000000002,14.641719999999987]},"properties":{"tile_id":"14.64172_121.01776","score":0.705,"tier":"candidate","tile_bbox":[121.01666000000003,14.640619999999988,121.01886000000002,14.642819999999986],"tile_center":[121.01776000000002,14.641719999999987],"anchored_to_building":false,"osm_status":"new","lgu_name":"Quezon City","province":"Metro Manila"}},{"type":"Feature","geometry":{"type":"Point","coordinates":[121.04016000000003,14.641719999999987]},"properties":{"tile_id":"14.64172_121.04016","score":0.724,"tier":"candidate","tile_bbox":[121.03906000000003,14.640619999999988,121.04126000000002,14.642819999999986],"tile_center":[121.04016000000003,14.641719999999987],"anchored_to_building":false,"osm_status":"new","lgu_name":"Quezon City","province":"Metro Manila"}},{"type":"Feature","geometry":{"type":"Point","coordinates":[121.07600000000004,14.641719999999987]},"properties":{"tile_id":"14.64172_121.07600","score":0.936,"tier":"high","tile_bbox":[121.07490000000004,14.640619999999988,121.07710000000003,14.642819999999986],"tile_center":[121.07600000000004,14.641719999999987],"anchored_to_building":false,"osm_status":"new","lgu_name":"Quezon City","province":"Metro Manila","kwp_estimate":20.1}},{"type":"Feature","geometry":{"type":"Point","coordinates":[121.08944000000004,14.641719999999987]},"properties":{"tile_id":"14.64172_121.08944","score":0.905,"tier":"high","tile_bbox":[121.08834000000004,14.640619999999988,121.09054000000003,14.642819999999986],"tile_center":[121.08944000000004,14.641719999999987],"anchored_to_building":false,"osm_status":"new","lgu_name":"Marikina","province":"Metro Manila","kwp_estimate":64.5}},{"type":"Feature","geometry":{"type":"Point","coordinates":[121.04688000000003,14.643879999999987]},"properties":{"tile_id":"14.64388_121.04688","score":0.889,"tier":"high","tile_bbox":[121.04578000000004,14.642779999999988,121.04798000000002,14.644979999999986],"tile_center":[121.04688000000003,14.643879999999987],"anchored_to_building":false,"osm_status":"confirmed","lgu_name":"Quezon City","province":"Metro Manila","kwp_estimate":206.8}},{"type":"Feature","geometry":{"type":"Point","coordinates":[120.95280000000001,14.646039999999987]},"properties":{"tile_id":"14.64604_120.95280","score":0.971,"tier":"high","tile_bbox":[120.95170000000002,14.644939999999988,120.9539,14.647139999999986],"tile_center":[120.95280000000001,14.646039999999987],"anchored_to_building":false,"osm_status":"new","lgu_name":"Navotas","province":"Metro Manila","kwp_estimate":88.4}},{"type":"Feature","geometry":{"type":"Point","coordinates":[120.96624000000001,14.646039999999987]},"properties":{"tile_id":"14.64604_120.96624","score":0.842,"tier":"candidate","tile_bbox":[120.96514000000002,14.644939999999988,120.96734000000001,14.647139999999986],"tile_center":[120.96624000000001,14.646039999999987],"anchored_to_building":false,"osm_status":"new","lgu_name":"Caloocan","province":"Metro Manila"}},{"type":"Feature","geometry":{"type":"Point","coordinates":[121.04912000000003,14.646039999999987]},"properties":{"tile_id":"14.64604_121.04912","score":0.759,"tier":"candidate","tile_bbox":[121.04802000000004,14.644939999999988,121.05022000000002,14.647139999999986],"tile_center":[121.04912000000003,14.646039999999987],"anchored_to_building":false,"osm_status":"new","lgu_name":"Quezon City","province":"Metro Manila"}},{"type":"Feature","geometry":{"type":"Point","coordinates":[121.05136000000003,14.646039999999987]},"properties":{"tile_id":"14.64604_121.05136","score":0.943,"tier":"high","tile_bbox":[121.05026000000004,14.644939999999988,121.05246000000002,14.647139999999986],"tile_center":[121.05136000000003,14.646039999999987],"anchored_to_building":false,"osm_status":"new","lgu_name":"Quezon City","province":"Metro Manila","kwp_estimate":423.9}},{"type":"Feature","geometry":{"type":"Point","coordinates":[121.12304000000005,14.646039999999987]},"properties":{"tile_id":"14.64604_121.12304","score":0.776,"tier":"candidate","tile_bbox":[121.12194000000005,14.644939999999988,121.12414000000004,14.647139999999986],"tile_center":[121.12304000000005,14.646039999999987],"anchored_to_building":false,"osm_status":"new","lgu_name":"Marikina","province":"Metro Manila"}},{"type":"Feature","geometry":{"type":"Point","coordinates":[120.95280000000001,14.648199999999987]},"properties":{"tile_id":"14.64820_120.95280","score":0.721,"tier":"candidate","tile_bbox":[120.95170000000002,14.647099999999988,120.9539,14.649299999999986],"tile_center":[120.95280000000001,14.648199999999987],"anchored_to_building":false,"osm_status":"new","lgu_name":"Navotas","province":"Metro Manila"}},{"type":"Feature","geometry":{"type":"Point","coordinates":[121.02448000000003,14.648199999999987]},"properties":{"tile_id":"14.64820_121.02448","score":0.803,"tier":"candidate","tile_bbox":[121.02338000000003,14.647099999999988,121.02558000000002,14.649299999999986],"tile_center":[121.02448000000003,14.648199999999987],"anchored_to_building":false,"osm_status":"confirmed","lgu_name":"Quezon City","province":"Metro Manila"}},{"type":"Feature","geometry":{"type":"Point","coordinates":[120.97072000000001,14.650359999999987]},"properties":{"tile_id":"14.65036_120.97072","score":0.785,"tier":"candidate","tile_bbox":[120.96962000000002,14.649259999999988,120.97182000000001,14.651459999999986],"tile_center":[120.97072000000001,14.650359999999987],"anchored_to_building":false,"osm_status":"new","lgu_name":"Caloocan","province":"Metro Manila"}},{"type":"Feature","geometry":{"type":"Point","coordinates":[121.00432000000002,14.650359999999987]},"properties":{"tile_id":"14.65036_121.00432","score":0.742,"tier":"candidate","tile_bbox":[121.00322000000003,14.649259999999988,121.00542000000002,14.651459999999986],"tile_center":[121.00432000000002,14.650359999999987],"anchored_to_building":false,"osm_status":"new","lgu_name":"Quezon City","province":"Metro Manila"}},{"type":"Feature","geometry":{"type":"Point","coordinates":[121.01104000000002,14.652519999999987]},"properties":{"tile_id":"14.65252_121.01104","score":0.939,"tier":"high","tile_bbox":[121.00994000000003,14.651419999999987,121.01214000000002,14.653619999999986],"tile_center":[121.01104000000002,14.652519999999987],"anchored_to_building":false,"osm_status":"new","lgu_name":"Quezon City","province":"Metro Manila","kwp_estimate":28.9}},{"type":"Feature","geometry":{"type":"Point","coordinates":[121.02896000000003,14.652519999999987]},"properties":{"tile_id":"14.65252_121.02896","score":0.826,"tier":"candidate","tile_bbox":[121.02786000000003,14.651419999999987,121.03006000000002,14.653619999999986],"tile_center":[121.02896000000003,14.652519999999987],"anchored_to_building":false,"osm_status":"new","lgu_name":"Quezon City","province":"Metro Manila"}},{"type":"Feature","geometry":{"type":"Point","coordinates":[121.03344000000003,14.652519999999987]},"properties":{"tile_id":"14.65252_121.03344","score":0.91,"tier":"high","tile_bbox":[121.03234000000003,14.651419999999987,121.03454000000002,14.653619999999986],"tile_center":[121.03344000000003,14.652519999999987],"anchored_to_building":false,"osm_status":"new","lgu_name":"Quezon City","province":"Metro Manila","kwp_estimate":501.1}},{"type":"Feature","geometry":{"type":"Point","coordinates":[121.11632000000004,14.652519999999987]},"properties":{"tile_id":"14.65252_121.11632","score":0.902,"tier":"high","tile_bbox":[121.11522000000005,14.651419999999987,121.11742000000004,14.653619999999986],"tile_center":[121.11632000000004,14.652519999999987],"anchored_to_building":false,"osm_status":"confirmed","lgu_name":"Marikina","province":"Metro Manila","kwp_estimate":897.1}},{"type":"Feature","geometry":{"type":"Point","coordinates":[120.98416000000002,14.654679999999987]},"properties":{"tile_id":"14.65468_120.98416","score":0.948,"tier":"high","tile_bbox":[120.98306000000002,14.653579999999987,120.98526000000001,14.655779999999986],"tile_center":[120.98416000000002,14.654679999999987],"anchored_to_building":false,"osm_status":"new","lgu_name":"Caloocan","province":"Metro Manila","kwp_estimate":1265.9}},{"type":"Feature","geometry":{"type":"Point","coordinates":[121.00432000000002,14.656839999999987]},"properties":{"tile_id":"14.65684_121.00432","score":0.857,"tier":"high","tile_bbox":[121.00322000000003,14.655739999999987,121.00542000000002,14.657939999999986],"tile_center":[121.00432000000002,14.656839999999987],"anchored_to_building":false,"osm_status":"new","lgu_name":"Quezon City","province":"Metro Manila","kwp_estimate":83.6}},{"type":"Feature","geometry":{"type":"Point","coordinates":[121.01776000000002,14.656839999999987]},"properties":{"tile_id":"14.65684_121.01776","score":0.938,"tier":"high","tile_bbox":[121.01666000000003,14.655739999999987,121.01886000000002,14.657939999999986],"tile_center":[121.01776000000002,14.656839999999987],"anchored_to_building":false,"osm_status":"new","lgu_name":"Quezon City","province":"Metro Manila","kwp_estimate":171.7}},{"type":"Feature","geometry":{"type":"Point","coordinates":[121.02000000000002,14.656839999999987]},"properties":{"tile_id":"14.65684_121.02000","score":0.98,"tier":"high","tile_bbox":[121.01890000000003,14.655739999999987,121.02110000000002,14.657939999999986],"tile_center":[121.02000000000002,14.656839999999987],"anchored_to_building":false,"osm_status":"new","lgu_name":"Quezon City","province":"Metro Manila","kwp_estimate":1627.9}},{"type":"Feature","geometry":{"type":"Point","coordinates":[121.02224000000002,14.656839999999987]},"properties":{"tile_id":"14.65684_121.02224","score":0.948,"tier":"high","tile_bbox":[121.02114000000003,14.655739999999987,121.02334000000002,14.657939999999986],"tile_center":[121.02224000000002,14.656839999999987],"anchored_to_building":false,"osm_status":"new","lgu_name":"Quezon City","province":"Metro Manila","kwp_estimate":1627.9}},{"type":"Feature","geometry":{"type":"Point","coordinates":[121.02672000000003,14.656839999999987]},"properties":{"tile_id":"14.65684_121.02672","score":0.885,"tier":"high","tile_bbox":[121.02562000000003,14.655739999999987,121.02782000000002,14.657939999999986],"tile_center":[121.02672000000003,14.656839999999987],"anchored_to_building":false,"osm_status":"new","lgu_name":"Quezon City","province":"Metro Manila","kwp_estimate":411.5}},{"type":"Feature","geometry":{"type":"Point","coordinates":[121.02896000000003,14.656839999999987]},"properties":{"tile_id":"14.65684_121.02896","score":0.992,"tier":"high","tile_bbox":[121.02786000000003,14.655739999999987,121.03006000000002,14.657939999999986],"tile_center":[121.02896000000003,14.656839999999987],"anchored_to_building":false,"osm_status":"new","lgu_name":"Quezon City","province":"Metro Manila","kwp_estimate":929.7}},{"type":"Feature","geometry":{"type":"Point","coordinates":[121.03120000000003,14.656839999999987]},"properties":{"tile_id":"14.65684_121.03120","score":0.981,"tier":"high","tile_bbox":[121.03010000000003,14.655739999999987,121.03230000000002,14.657939999999986],"tile_center":[121.03120000000003,14.656839999999987],"anchored_to_building":false,"osm_status":"confirmed","lgu_name":"Quezon City","province":"Metro Manila","kwp_estimate":651.1}},{"type":"Feature","geometry":{"type":"Point","coordinates":[121.04464000000003,14.656839999999987]},"properties":{"tile_id":"14.65684_121.04464","score":0.858,"tier":"high","tile_bbox":[121.04354000000004,14.655739999999987,121.04574000000002,14.657939999999986],"tile_center":[121.04464000000003,14.656839999999987],"anchored_to_building":false,"osm_status":"new","lgu_name":"Quezon City","province":"Metro Manila","kwp_estimate":166.7}},{"type":"Feature","geometry":{"type":"Point","coordinates":[120.98640000000002,14.658999999999986]},"properties":{"tile_id":"14.65900_120.98640","score":0.879,"tier":"high","tile_bbox":[120.98530000000002,14.657899999999987,120.98750000000001,14.660099999999986],"tile_center":[120.98640000000002,14.658999999999986],"anchored_to_building":false,"osm_status":"new","lgu_name":"Caloocan","province":"Metro Manila","kwp_estimate":91.9}},{"type":"Feature","geometry":{"type":"Point","coordinates":[121.00880000000002,14.658999999999986]},"properties":{"tile_id":"14.65900_121.00880","score":0.956,"tier":"high","tile_bbox":[121.00770000000003,14.657899999999987,121.00990000000002,14.660099999999986],"tile_center":[121.00880000000002,14.658999999999986],"anchored_to_building":false,"osm_status":"new","lgu_name":"Quezon City","province":"Metro Manila","kwp_estimate":15.3}},{"type":"Feature","geometry":{"type":"Point","coordinates":[121.01104000000002,14.658999999999986]},"properties":{"tile_id":"14.65900_121.01104","score":0.732,"tier":"candidate","tile_bbox":[121.00994000000003,14.657899999999987,121.01214000000002,14.660099999999986],"tile_center":[121.01104000000002,14.658999999999986],"anchored_to_building":false,"osm_status":"new","lgu_name":"Quezon City","province":"Metro Manila"}},{"type":"Feature","geometry":{"type":"Point","coordinates":[121.01328000000002,14.658999999999986]},"properties":{"tile_id":"14.65900_121.01328","score":0.89,"tier":"high","tile_bbox":[121.01218000000003,14.657899999999987,121.01438000000002,14.660099999999986],"tile_center":[121.01328000000002,14.658999999999986],"anchored_to_building":false,"osm_status":"new","lgu_name":"Quezon City","province":"Metro Manila"}},{"type":"Feature","geometry":{"type":"Point","coordinates":[121.02896000000003,14.658999999999986]},"properties":{"tile_id":"14.65900_121.02896","score":0.735,"tier":"candidate","tile_bbox":[121.02786000000003,14.657899999999987,121.03006000000002,14.660099999999986],"tile_center":[121.02896000000003,14.658999999999986],"anchored_to_building":false,"osm_status":"new","lgu_name":"Quezon City","province":"Metro Manila"}},{"type":"Feature","geometry":{"type":"Point","coordinates":[121.12976000000005,14.658999999999986]},"properties":{"tile_id":"14.65900_121.12976","score":0.753,"tier":"candidate","tile_bbox":[121.12866000000005,14.657899999999987,121.13086000000004,14.660099999999986],"tile_center":[121.12976000000005,14.658999999999986],"anchored_to_building":false,"osm_status":"new","lgu_name":"Marikina","province":"Metro Manila"}},{"type":"Feature","geometry":{"type":"Point","coordinates":[121.01776000000002,14.661159999999986]},"properties":{"tile_id":"14.66116_121.01776","score":0.818,"tier":"candidate","tile_bbox":[121.01666000000003,14.660059999999987,121.01886000000002,14.662259999999986],"tile_center":[121.01776000000002,14.661159999999986],"anchored_to_building":false,"osm_status":"new","lgu_name":"Quezon City","province":"Metro Manila"}},{"type":"Feature","geometry":{"type":"Point","coordinates":[121.12976000000005,14.661159999999986]},"properties":{"tile_id":"14.66116_121.12976","score":0.818,"tier":"candidate","tile_bbox":[121.12866000000005,14.660059999999987,121.13086000000004,14.662259999999986],"tile_center":[121.12976000000005,14.661159999999986],"anchored_to_building":false,"osm_status":"new","lgu_name":"Marikina","province":"Metro Manila"}},{"type":"Feature","geometry":{"type":"Point","coordinates":[120.98192000000002,14.663319999999986]},"properties":{"tile_id":"14.66332_120.98192","score":0.968,"tier":"high","tile_bbox":[120.98082000000002,14.662219999999987,120.98302000000001,14.664419999999986],"tile_center":[120.98192000000002,14.663319999999986],"anchored_to_building":false,"osm_status":"new","lgu_name":"Malabon","province":"Metro Manila","kwp_estimate":414.2}},{"type":"Feature","geometry":{"type":"Point","coordinates":[121.05584000000003,14.663319999999986]},"properties":{"tile_id":"14.66332_121.05584","score":0.701,"tier":"candidate","tile_bbox":[121.05474000000004,14.662219999999987,121.05694000000003,14.664419999999986],"tile_center":[121.05584000000003,14.663319999999986],"anchored_to_building":false,"osm_status":"new","lgu_name":"Quezon City","province":"Metro Manila"}},{"type":"Feature","geometry":{"type":"Point","coordinates":[121.05808000000003,14.663319999999986]},"properties":{"tile_id":"14.66332_121.05808","score":0.734,"tier":"candidate","tile_bbox":[121.05698000000004,14.662219999999987,121.05918000000003,14.664419999999986],"tile_center":[121.05808000000003,14.663319999999986],"anchored_to_building":false,"osm_status":"new","lgu_name":"Quezon City","province":"Metro Manila"}},{"type":"Feature","geometry":{"type":"Point","coordinates":[121.06704000000003,14.663319999999986]},"properties":{"tile_id":"14.66332_121.06704","score":0.821,"tier":"candidate","tile_bbox":[121.06594000000004,14.662219999999987,121.06814000000003,14.664419999999986],"tile_center":[121.06704000000003,14.663319999999986],"anchored_to_building":false,"osm_status":"new","lgu_name":"Quezon City","province":"Metro Manila"}},{"type":"Feature","geometry":{"type":"Point","coordinates":[121.00656000000002,14.665479999999986]},"properties":{"tile_id":"14.66548_121.00656","score":0.717,"tier":"candidate","tile_bbox":[121.00546000000003,14.664379999999987,121.00766000000002,14.666579999999986],"tile_center":[121.00656000000002,14.665479999999986],"anchored_to_building":false,"osm_status":"new","lgu_name":"Quezon City","province":"Metro Manila"}},{"type":"Feature","geometry":{"type":"Point","coordinates":[121.05584000000003,14.665479999999986]},"properties":{"tile_id":"14.66548_121.05584","score":0.704,"tier":"candidate","tile_bbox":[121.05474000000004,14.664379999999987,121.05694000000003,14.666579999999986],"tile_center":[121.05584000000003,14.665479999999986],"anchored_to_building":false,"osm_status":"new","lgu_name":"Quezon City","province":"Metro Manila"}},{"type":"Feature","geometry":{"type":"Point","coordinates":[121.00432000000002,14.667639999999986]},"properties":{"tile_id":"14.66764_121.00432","score":0.756,"tier":"candidate","tile_bbox":[121.00322000000003,14.666539999999987,121.00542000000002,14.668739999999985],"tile_center":[121.00432000000002,14.667639999999986],"anchored_to_building":false,"osm_status":"new","lgu_name":"Quezon City","province":"Metro Manila"}},{"type":"Feature","geometry":{"type":"Point","coordinates":[121.07600000000004,14.667639999999986]},"properties":{"tile_id":"14.66764_121.07600","score":0.892,"tier":"high","tile_bbox":[121.07490000000004,14.666539999999987,121.07710000000003,14.668739999999985],"tile_center":[121.07600000000004,14.667639999999986],"anchored_to_building":false,"osm_status":"confirmed","lgu_name":"Quezon City","province":"Metro Manila"}},{"type":"Feature","geometry":{"type":"Point","coordinates":[121.10064000000004,14.667639999999986]},"properties":{"tile_id":"14.66764_121.10064","score":0.773,"tier":"candidate","tile_bbox":[121.09954000000005,14.666539999999987,121.10174000000004,14.668739999999985],"tile_center":[121.10064000000004,14.667639999999986],"anchored_to_building":false,"osm_status":"new","lgu_name":"Marikina","province":"Metro Manila"}},{"type":"Feature","geometry":{"type":"Point","coordinates":[121.03568000000003,14.669799999999986]},"properties":{"tile_id":"14.66980_121.03568","score":0.778,"tier":"candidate","tile_bbox":[121.03458000000003,14.668699999999987,121.03678000000002,14.670899999999985],"tile_center":[121.03568000000003,14.669799999999986],"anchored_to_building":false,"osm_status":"new","lgu_name":"Quezon City","province":"Metro Manila"}},{"type":"Feature","geometry":{"type":"Point","coordinates":[120.95728000000001,14.671959999999986]},"properties":{"tile_id":"14.67196_120.95728","score":0.926,"tier":"high","tile_bbox":[120.95618000000002,14.670859999999987,120.95838,14.673059999999985],"tile_center":[120.95728000000001,14.671959999999986],"anchored_to_building":false,"osm_status":"new","lgu_name":"Malabon","province":"Metro Manila","kwp_estimate":779.5}},{"type":"Feature","geometry":{"type":"Point","coordinates":[121.01328000000002,14.671959999999986]},"properties":{"tile_id":"14.67196_121.01328","score":0.704,"tier":"candidate","tile_bbox":[121.01218000000003,14.670859999999987,121.01438000000002,14.673059999999985],"tile_center":[121.01328000000002,14.671959999999986],"anchored_to_building":false,"osm_status":"new","lgu_name":"Quezon City","province":"Metro Manila"}},{"type":"Feature","geometry":{"type":"Point","coordinates":[121.01552000000002,14.674119999999986]},"properties":{"tile_id":"14.67412_121.01552","score":0.71,"tier":"candidate","tile_bbox":[121.01442000000003,14.673019999999987,121.01662000000002,14.675219999999985],"tile_center":[121.01552000000002,14.674119999999986],"anchored_to_building":false,"osm_status":"new","lgu_name":"Quezon City","province":"Metro Manila"}},{"type":"Feature","geometry":{"type":"Point","coordinates":[120.95728000000001,14.678439999999986]},"properties":{"tile_id":"14.67844_120.95728","score":0.928,"tier":"high","tile_bbox":[120.95618000000002,14.677339999999987,120.95838,14.679539999999985],"tile_center":[120.95728000000001,14.678439999999986],"anchored_to_building":false,"osm_status":"new","lgu_name":"Malabon","province":"Metro Manila","kwp_estimate":1860.1}},{"type":"Feature","geometry":{"type":"Point","coordinates":[121.08496000000004,14.678439999999986]},"properties":{"tile_id":"14.67844_121.08496","score":0.807,"tier":"candidate","tile_bbox":[121.08386000000004,14.677339999999987,121.08606000000003,14.679539999999985],"tile_center":[121.08496000000004,14.678439999999986],"anchored_to_building":false,"osm_status":"new","lgu_name":"Quezon City","province":"Metro Manila"}},{"type":"Feature","geometry":{"type":"Point","coordinates":[120.95728000000001,14.680599999999986]},"properties":{"tile_id":"14.68060_120.95728","score":0.796,"tier":"candidate","tile_bbox":[120.95618000000002,14.679499999999987,120.95838,14.681699999999985],"tile_center":[120.95728000000001,14.680599999999986],"anchored_to_building":false,"osm_status":"new","lgu_name":"Malabon","province":"Metro Manila"}},{"type":"Feature","geometry":{"type":"Point","coordinates":[121.08944000000004,14.687079999999986]},"properties":{"tile_id":"14.68708_121.08944","score":0.702,"tier":"candidate","tile_bbox":[121.08834000000004,14.685979999999986,121.09054000000003,14.688179999999985],"tile_center":[121.08944000000004,14.687079999999986],"anchored_to_building":false,"osm_status":"new","lgu_name":"Quezon City","province":"Metro Manila"}},{"type":"Feature","geometry":{"type":"Point","coordinates":[121.13424000000005,14.687079999999986]},"properties":{"tile_id":"14.68708_121.13424","score":0.774,"tier":"candidate","tile_bbox":[121.13314000000005,14.685979999999986,121.13534000000004,14.688179999999985],"tile_center":[121.13424000000005,14.687079999999986],"anchored_to_building":false,"osm_status":"new","lgu_name":"San Mateo","province":"Rizal"}},{"type":"Feature","geometry":{"type":"Point","coordinates":[121.09616000000004,14.691399999999986]},"properties":{"tile_id":"14.69140_121.09616","score":0.804,"tier":"candidate","tile_bbox":[121.09506000000005,14.690299999999986,121.09726000000003,14.692499999999985],"tile_center":[121.09616000000004,14.691399999999986],"anchored_to_building":false,"osm_status":"new","lgu_name":"Quezon City","province":"Metro Manila"}},{"type":"Feature","geometry":{"type":"Point","coordinates":[121.14320000000005,14.693559999999986]},"properties":{"tile_id":"14.69356_121.14320","score":0.708,"tier":"candidate","tile_bbox":[121.14210000000006,14.692459999999986,121.14430000000004,14.694659999999985],"tile_center":[121.14320000000005,14.693559999999986],"anchored_to_building":false,"osm_status":"new","lgu_name":"San Mateo","province":"Rizal"}},{"type":"Feature","geometry":{"type":"Point","coordinates":[120.95280000000001,14.695719999999985]},"properties":{"tile_id":"14.69572_120.95280","score":0.949,"tier":"high","tile_bbox":[120.95170000000002,14.694619999999986,120.9539,14.696819999999985],"tile_center":[120.95280000000001,14.695719999999985],"anchored_to_building":false,"osm_status":"new","lgu_name":"Valenzuela","province":"Metro Manila","kwp_estimate":84.4}},{"type":"Feature","geometry":{"type":"Point","coordinates":[121.00208000000002,14.695719999999985]},"properties":{"tile_id":"14.69572_121.00208","score":0.957,"tier":"high","tile_bbox":[121.00098000000003,14.694619999999986,121.00318000000001,14.696819999999985],"tile_center":[121.00208000000002,14.695719999999985],"anchored_to_building":false,"osm_status":"new","lgu_name":"Valenzuela","province":"Metro Manila","kwp_estimate":362.3}},{"type":"Feature","geometry":{"type":"Point","coordinates":[121.09392000000004,14.695719999999985]},"properties":{"tile_id":"14.69572_121.09392","score":0.895,"tier":"high","tile_bbox":[121.09282000000005,14.694619999999986,121.09502000000003,14.696819999999985],"tile_center":[121.09392000000004,14.695719999999985],"anchored_to_building":false,"osm_status":"new","lgu_name":"Quezon City","province":"Metro Manila","kwp_estimate":293.3}},{"type":"Feature","geometry":{"type":"Point","coordinates":[120.96176000000001,14.697879999999985]},"properties":{"tile_id":"14.69788_120.96176","score":0.975,"tier":"high","tile_bbox":[120.96066000000002,14.696779999999986,120.96286,14.698979999999985],"tile_center":[120.96176000000001,14.697879999999985],"anchored_to_building":false,"osm_status":"new","lgu_name":"Valenzuela","province":"Metro Manila","kwp_estimate":418.6}},{"type":"Feature","geometry":{"type":"Point","coordinates":[120.96848000000001,14.697879999999985]},"properties":{"tile_id":"14.69788_120.96848","score":0.944,"tier":"high","tile_bbox":[120.96738000000002,14.696779999999986,120.96958000000001,14.698979999999985],"tile_center":[120.96848000000001,14.697879999999985],"anchored_to_building":false,"osm_status":"new","lgu_name":"Valenzuela","province":"Metro Manila","kwp_estimate":367.0}},{"type":"Feature","geometry":{"type":"Point","coordinates":[120.95056000000001,14.700039999999985]},"properties":{"tile_id":"14.70004_120.95056","score":0.894,"tier":"high","tile_bbox":[120.94946000000002,14.698939999999986,120.95166,14.701139999999985],"tile_center":[120.95056000000001,14.700039999999985],"anchored_to_building":false,"osm_status":"new","lgu_name":"Valenzuela","province":"Metro Manila","kwp_estimate":97.0}},{"type":"Feature","geometry":{"type":"Point","coordinates":[120.95280000000001,14.700039999999985]},"properties":{"tile_id":"14.70004_120.95280","score":0.874,"tier":"high","tile_bbox":[120.95170000000002,14.698939999999986,120.9539,14.701139999999985],"tile_center":[120.95280000000001,14.700039999999985],"anchored_to_building":false,"osm_status":"new","lgu_name":"Valenzuela","province":"Metro Manila"}},{"type":"Feature","geometry":{"type":"Point","coordinates":[120.95504000000001,14.700039999999985]},"properties":{"tile_id":"14.70004_120.95504","score":0.742,"tier":"candidate","tile_bbox":[120.95394000000002,14.698939999999986,120.95614,14.701139999999985],"tile_center":[120.95504000000001,14.700039999999985],"anchored_to_building":false,"osm_status":"new","lgu_name":"Valenzuela","province":"Metro Manila"}},{"type":"Feature","geometry":{"type":"Point","coordinates":[120.95280000000001,14.702199999999985]},"properties":{"tile_id":"14.70220_120.95280","score":0.883,"tier":"high","tile_bbox":[120.95170000000002,14.701099999999986,120.9539,14.703299999999984],"tile_center":[120.95280000000001,14.702199999999985],"anchored_to_building":false,"osm_status":"new","lgu_name":"Valenzuela","province":"Metro Manila","kwp_estimate":2418.0}},{"type":"Feature","geometry":{"type":"Point","coordinates":[120.95504000000001,14.702199999999985]},"properties":{"tile_id":"14.70220_120.95504","score":0.949,"tier":"high","tile_bbox":[120.95394000000002,14.701099999999986,120.95614,14.703299999999984],"tile_center":[120.95504000000001,14.702199999999985],"anchored_to_building":false,"osm_status":"new","lgu_name":"Valenzuela","province":"Metro Manila"}},{"type":"Feature","geometry":{"type":"Point","coordinates":[120.99536000000002,14.702199999999985]},"properties":{"tile_id":"14.70220_120.99536","score":0.986,"tier":"high","tile_bbox":[120.99426000000003,14.701099999999986,120.99646000000001,14.703299999999984],"tile_center":[120.99536000000002,14.702199999999985],"anchored_to_building":false,"osm_status":"new","lgu_name":"Valenzuela","province":"Metro Manila","kwp_estimate":130.5}},{"type":"Feature","geometry":{"type":"Point","coordinates":[120.95056000000001,14.704359999999985]},"properties":{"tile_id":"14.70436_120.95056","score":0.894,"tier":"high","tile_bbox":[120.94946000000002,14.703259999999986,120.95166,14.705459999999984],"tile_center":[120.95056000000001,14.704359999999985],"anchored_to_building":false,"osm_status":"new","lgu_name":"Valenzuela","province":"Metro Manila","kwp_estimate":67.8}},{"type":"Feature","geometry":{"type":"Point","coordinates":[120.95280000000001,14.704359999999985]},"properties":{"tile_id":"14.70436_120.95280","score":0.897,"tier":"high","tile_bbox":[120.95170000000002,14.703259999999986,120.9539,14.705459999999984],"tile_center":[120.95280000000001,14.704359999999985],"anchored_to_building":false,"osm_status":"new","lgu_name":"Valenzuela","province":"Metro Manila","kwp_estimate":13.0}},{"type":"Feature","geometry":{"type":"Point","coordinates":[121.00208000000002,14.704359999999985]},"properties":{"tile_id":"14.70436_121.00208","score":0.813,"tier":"candidate","tile_bbox":[121.00098000000003,14.703259999999986,121.00318000000001,14.705459999999984],"tile_center":[121.00208000000002,14.704359999999985],"anchored_to_building":false,"osm_status":"new","lgu_name":"Valenzuela","province":"Metro Manila"}},{"type":"Feature","geometry":{"type":"Point","coordinates":[121.08048000000004,14.704359999999985]},"properties":{"tile_id":"14.70436_121.08048","score":0.98,"tier":"high","tile_bbox":[121.07938000000004,14.703259999999986,121.08158000000003,14.705459999999984],"tile_center":[121.08048000000004,14.704359999999985],"anchored_to_building":false,"osm_status":"new","lgu_name":"Quezon City","province":"Metro Manila","kwp_estimate":308.0}},{"type":"Feature","geometry":{"type":"Point","coordinates":[121.12752000000005,14.704359999999985]},"properties":{"tile_id":"14.70436_121.12752","score":0.934,"tier":"high","tile_bbox":[121.12642000000005,14.703259999999986,121.12862000000004,14.705459999999984],"tile_center":[121.12752000000005,14.704359999999985],"anchored_to_building":false,"osm_status":"new","lgu_name":"San Mateo","province":"Rizal"}},{"type":"Feature","geometry":{"type":"Point","coordinates":[120.95056000000001,14.706519999999985]},"properties":{"tile_id":"14.70652_120.95056","score":0.79,"tier":"candidate","tile_bbox":[120.94946000000002,14.705419999999986,120.95166,14.707619999999984],"tile_center":[120.95056000000001,14.706519999999985],"anchored_to_building":false,"osm_status":"new","lgu_name":"Valenzuela","province":"Metro Manila"}},{"type":"Feature","geometry":{"type":"Point","coordinates":[120.97296000000001,14.706519999999985]},"properties":{"tile_id":"14.70652_120.97296","score":0.875,"tier":"high","tile_bbox":[120.97186000000002,14.705419999999986,120.97406000000001,14.707619999999984],"tile_center":[120.97296000000001,14.706519999999985],"anchored_to_building":false,"osm_status":"new","lgu_name":"Valenzuela","province":"Metro Manila"}},{"type":"Feature","geometry":{"type":"Point","coordinates":[121.07152000000004,14.706519999999985]},"properties":{"tile_id":"14.70652_121.07152","score":0.886,"tier":"high","tile_bbox":[121.07042000000004,14.705419999999986,121.07262000000003,14.707619999999984],"tile_center":[121.07152000000004,14.706519999999985],"anchored_to_building":false,"osm_status":"new","lgu_name":"Quezon City","province":"Metro Manila","kwp_estimate":38.1}},{"type":"Feature","geometry":{"type":"Point","coordinates":[120.98192000000002,14.708679999999985]},"properties":{"tile_id":"14.70868_120.98192","score":0.836,"tier":"candidate","tile_bbox":[120.98082000000002,14.707579999999986,120.98302000000001,14.709779999999984],"tile_center":[120.98192000000002,14.708679999999985],"anchored_to_building":false,"osm_status":"new","lgu_name":"Valenzuela","province":"Metro Manila"}},{"type":"Feature","geometry":{"type":"Point","coordinates":[121.02224000000002,14.708679999999985]},"properties":{"tile_id":"14.70868_121.02224","score":0.927,"tier":"high","tile_bbox":[121.02114000000003,14.707579999999986,121.02334000000002,14.709779999999984],"tile_center":[121.02224000000002,14.708679999999985],"anchored_to_building":false,"osm_status":"confirmed","lgu_name":"Quezon City","province":"Metro Manila","kwp_estimate":553.4}},{"type":"Feature","geometry":{"type":"Point","coordinates":[120.98864000000002,14.710839999999985]},"properties":{"tile_id":"14.71084_120.98864","score":0.709,"tier":"candidate","tile_bbox":[120.98754000000002,14.709739999999986,120.98974000000001,14.711939999999984],"tile_center":[120.98864000000002,14.710839999999985],"anchored_to_building":false,"osm_status":"new","lgu_name":"Valenzuela","province":"Metro Manila"}},{"type":"Feature","geometry":{"type":"Point","coordinates":[120.99088000000002,14.710839999999985]},"properties":{"tile_id":"14.71084_120.99088","score":0.882,"tier":"high","tile_bbox":[120.98978000000002,14.709739999999986,120.99198000000001,14.711939999999984],"tile_center":[120.99088000000002,14.710839999999985],"anchored_to_building":false,"osm_status":"new","lgu_name":"Valenzuela","province":"Metro Manila"}},{"type":"Feature","geometry":{"type":"Point","coordinates":[121.00208000000002,14.710839999999985]},"properties":{"tile_id":"14.71084_121.00208","score":0.967,"tier":"high","tile_bbox":[121.00098000000003,14.709739999999986,121.00318000000001,14.711939999999984],"tile_center":[121.00208000000002,14.710839999999985],"anchored_to_building":false,"osm_status":"new","lgu_name":"Valenzuela","province":"Metro Manila"}},{"type":"Feature","geometry":{"type":"Point","coordinates":[121.04016000000003,14.710839999999985]},"properties":{"tile_id":"14.71084_121.04016","score":0.971,"tier":"high","tile_bbox":[121.03906000000003,14.709739999999986,121.04126000000002,14.711939999999984],"tile_center":[121.04016000000003,14.710839999999985],"anchored_to_building":false,"osm_status":"new","lgu_name":"Quezon City","province":"Metro Manila","kwp_estimate":444.4}},{"type":"Feature","geometry":{"type":"Point","coordinates":[120.97296000000001,14.712999999999985]},"properties":{"tile_id":"14.71300_120.97296","score":0.899,"tier":"high","tile_bbox":[120.97186000000002,14.711899999999986,120.97406000000001,14.714099999999984],"tile_center":[120.97296000000001,14.712999999999985],"anchored_to_building":false,"osm_status":"new","lgu_name":"Valenzuela","province":"Metro Manila"}},{"type":"Feature","geometry":{"type":"Point","coordinates":[121.01776000000002,14.712999999999985]},"properties":{"tile_id":"14.71300_121.01776","score":0.958,"tier":"high","tile_bbox":[121.01666000000003,14.711899999999986,121.01886000000002,14.714099999999984],"tile_center":[121.01776000000002,14.712999999999985],"anchored_to_building":false,"osm_status":"new","lgu_name":"Quezon City","province":"Metro Manila","kwp_estimate":2061.9}},{"type":"Feature","geometry":{"type":"Point","coordinates":[120.99984000000002,14.717319999999985]},"properties":{"tile_id":"14.71732_120.99984","score":0.818,"tier":"candidate","tile_bbox":[120.99874000000003,14.716219999999986,121.00094000000001,14.718419999999984],"tile_center":[120.99984000000002,14.717319999999985],"anchored_to_building":false,"osm_status":"new","lgu_name":"Valenzuela","province":"Metro Manila"}},{"type":"Feature","geometry":{"type":"Point","coordinates":[121.00208000000002,14.717319999999985]},"properties":{"tile_id":"14.71732_121.00208","score":0.896,"tier":"high","tile_bbox":[121.00098000000003,14.716219999999986,121.00318000000001,14.718419999999984],"tile_center":[121.00208000000002,14.717319999999985],"anchored_to_building":false,"osm_status":"new","lgu_name":"Caloocan","province":"Metro Manila","kwp_estimate":1782.9}},{"type":"Feature","geometry":{"type":"Point","coordinates":[121.02448000000003,14.717319999999985]},"properties":{"tile_id":"14.71732_121.02448","score":0.878,"tier":"high","tile_bbox":[121.02338000000003,14.716219999999986,121.02558000000002,14.718419999999984],"tile_center":[121.02448000000003,14.717319999999985],"anchored_to_building":false,"osm_status":"new","lgu_name":"Quezon City","province":"Metro Manila","kwp_estimate":10.8}},{"type":"Feature","geometry":{"type":"Point","coordinates":[121.03120000000003,14.717319999999985]},"properties":{"tile_id":"14.71732_121.03120","score":0.741,"tier":"candidate","tile_bbox":[121.03010000000003,14.716219999999986,121.03230000000002,14.718419999999984],"tile_center":[121.03120000000003,14.717319999999985],"anchored_to_building":false,"osm_status":"new","lgu_name":"Quezon City","province":"Metro Manila"}},{"type":"Feature","geometry":{"type":"Point","coordinates":[121.06928000000003,14.717319999999985]},"properties":{"tile_id":"14.71732_121.06928","score":0.97,"tier":"high","tile_bbox":[121.06818000000004,14.716219999999986,121.07038000000003,14.718419999999984],"tile_center":[121.06928000000003,14.717319999999985],"anchored_to_building":false,"osm_status":"confirmed","lgu_name":"Quezon City","province":"Metro Manila","kwp_estimate":66.1}},{"type":"Feature","geometry":{"type":"Point","coordinates":[121.10064000000004,14.717319999999985]},"properties":{"tile_id":"14.71732_121.10064","score":0.885,"tier":"high","tile_bbox":[121.09954000000005,14.716219999999986,121.10174000000004,14.718419999999984],"tile_center":[121.10064000000004,14.717319999999985],"anchored_to_building":false,"osm_status":"new","lgu_name":"Quezon City","province":"Metro Manila","kwp_estimate":331.9}},{"type":"Feature","geometry":{"type":"Point","coordinates":[120.99312000000002,14.719479999999985]},"properties":{"tile_id":"14.71948_120.99312","score":0.871,"tier":"high","tile_bbox":[120.99202000000002,14.718379999999986,120.99422000000001,14.720579999999984],"tile_center":[120.99312000000002,14.719479999999985],"anchored_to_building":false,"osm_status":"new","lgu_name":"Valenzuela","province":"Metro Manila","kwp_estimate":89.7}},{"type":"Feature","geometry":{"type":"Point","coordinates":[120.99984000000002,14.719479999999985]},"properties":{"tile_id":"14.71948_120.99984","score":0.708,"tier":"candidate","tile_bbox":[120.99874000000003,14.718379999999986,121.00094000000001,14.720579999999984],"tile_center":[120.99984000000002,14.719479999999985],"anchored_to_building":false,"osm_status":"new","lgu_name":"Valenzuela","province":"Metro Manila"}},{"type":"Feature","geometry":{"type":"Point","coordinates":[121.00208000000002,14.719479999999985]},"properties":{"tile_id":"14.71948_121.00208","score":0.824,"tier":"candidate","tile_bbox":[121.00098000000003,14.718379999999986,121.00318000000001,14.720579999999984],"tile_center":[121.00208000000002,14.719479999999985],"anchored_to_building":false,"osm_status":"new","lgu_name":"Caloocan","province":"Metro Manila"}},{"type":"Feature","geometry":{"type":"Point","coordinates":[120.97520000000002,14.721639999999985]},"properties":{"tile_id":"14.72164_120.97520","score":0.957,"tier":"high","tile_bbox":[120.97410000000002,14.720539999999986,120.97630000000001,14.722739999999984],"tile_center":[120.97520000000002,14.721639999999985],"anchored_to_building":false,"osm_status":"new","lgu_name":"Valenzuela","province":"Metro Manila"}},{"type":"Feature","geometry":{"type":"Point","coordinates":[120.98416000000002,14.721639999999985]},"properties":{"tile_id":"14.72164_120.98416","score":0.828,"tier":"candidate","tile_bbox":[120.98306000000002,14.720539999999986,120.98526000000001,14.722739999999984],"tile_center":[120.98416000000002,14.721639999999985],"anchored_to_building":false,"osm_status":"new","lgu_name":"Valenzuela","province":"Metro Manila"}},{"type":"Feature","geometry":{"type":"Point","coordinates":[121.06928000000003,14.721639999999985]},"properties":{"tile_id":"14.72164_121.06928","score":0.738,"tier":"candidate","tile_bbox":[121.06818000000004,14.720539999999986,121.07038000000003,14.722739999999984],"tile_center":[121.06928000000003,14.721639999999985],"anchored_to_building":false,"osm_status":"new","lgu_name":"Quezon City","province":"Metro Manila"}},{"type":"Feature","geometry":{"type":"Point","coordinates":[120.93936000000001,14.723799999999985]},"properties":{"tile_id":"14.72380_120.93936","score":0.777,"tier":"candidate","tile_bbox":[120.93826000000001,14.722699999999985,120.94046,14.724899999999984],"tile_center":[120.93936000000001,14.723799999999985],"anchored_to_building":false,"osm_status":"confirmed","lgu_name":"Valenzuela","province":"Metro Manila"}},{"type":"Feature","geometry":{"type":"Point","coordinates":[120.94160000000001,14.723799999999985]},"properties":{"tile_id":"14.72380_120.94160","score":0.847,"tier":"candidate","tile_bbox":[120.94050000000001,14.722699999999985,120.9427,14.724899999999984],"tile_center":[120.94160000000001,14.723799999999985],"anchored_to_building":false,"osm_status":"confirmed","lgu_name":"Valenzuela","province":"Metro Manila"}},{"type":"Feature","geometry":{"type":"Point","coordinates":[120.93936000000001,14.725959999999985]},"properties":{"tile_id":"14.72596_120.93936","score":0.941,"tier":"high","tile_bbox":[120.93826000000001,14.724859999999985,120.94046,14.727059999999984],"tile_center":[120.93936000000001,14.725959999999985],"anchored_to_building":false,"osm_status":"confirmed","lgu_name":"Valenzuela","province":"Metro Manila"}},{"type":"Feature","geometry":{"type":"Point","coordinates":[120.94160000000001,14.725959999999985]},"properties":{"tile_id":"14.72596_120.94160","score":0.853,"tier":"high","tile_bbox":[120.94050000000001,14.724859999999985,120.9427,14.727059999999984],"tile_center":[120.94160000000001,14.725959999999985],"anchored_to_building":false,"osm_status":"confirmed","lgu_name":"Valenzuela","province":"Metro Manila"}},{"type":"Feature","geometry":{"type":"Point","coordinates":[120.97520000000002,14.725959999999985]},"properties":{"tile_id":"14.72596_120.97520","score":0.859,"tier":"high","tile_bbox":[120.97410000000002,14.724859999999985,120.97630000000001,14.727059999999984],"tile_center":[120.97520000000002,14.725959999999985],"anchored_to_building":false,"osm_status":"new","lgu_name":"Meycauayan","province":"Bulacan","kwp_estimate":28.0}},{"type":"Feature","geometry":{"type":"Point","coordinates":[120.99760000000002,14.725959999999985]},"properties":{"tile_id":"14.72596_120.99760","score":0.919,"tier":"high","tile_bbox":[120.99650000000003,14.724859999999985,120.99870000000001,14.727059999999984],"tile_center":[120.99760000000002,14.725959999999985],"anchored_to_building":false,"osm_status":"new","lgu_name":"Valenzuela","province":"Metro Manila"}},{"type":"Feature","geometry":{"type":"Point","coordinates":[121.00432000000002,14.725959999999985]},"properties":{"tile_id":"14.72596_121.00432","score":0.948,"tier":"high","tile_bbox":[121.00322000000003,14.724859999999985,121.00542000000002,14.727059999999984],"tile_center":[121.00432000000002,14.725959999999985],"anchored_to_building":false,"osm_status":"new","lgu_name":"Caloocan","province":"Metro Manila"}},{"type":"Feature","geometry":{"type":"Point","coordinates":[120.93936000000001,14.728119999999985]},"properties":{"tile_id":"14.72812_120.93936","score":0.802,"tier":"candidate","tile_bbox":[120.93826000000001,14.727019999999985,120.94046,14.729219999999984],"tile_center":[120.93936000000001,14.728119999999985],"anchored_to_building":false,"osm_status":"confirmed","lgu_name":"Valenzuela","province":"Metro Manila"}},{"type":"Feature","geometry":{"type":"Point","coordinates":[120.98864000000002,14.728119999999985]},"properties":{"tile_id":"14.72812_120.98864","score":0.715,"tier":"candidate","tile_bbox":[120.98754000000002,14.727019999999985,120.98974000000001,14.729219999999984],"tile_center":[120.98864000000002,14.728119999999985],"anchored_to_building":false,"osm_status":"new","lgu_name":"Valenzuela","province":"Metro Manila"}},{"type":"Feature","geometry":{"type":"Point","coordinates":[121.04688000000003,14.730279999999984]},"properties":{"tile_id":"14.73028_121.04688","score":0.964,"tier":"high","tile_bbox":[121.04578000000004,14.729179999999985,121.04798000000002,14.731379999999984],"tile_center":[121.04688000000003,14.730279999999984],"anchored_to_building":false,"osm_status":"confirmed","lgu_name":"Quezon City","province":"Metro Manila","kwp_estimate":161.8}},{"type":"Feature","geometry":{"type":"Point","coordinates":[121.05808000000003,14.734599999999984]},"properties":{"tile_id":"14.73460_121.05808","score":0.978,"tier":"high","tile_bbox":[121.05698000000004,14.733499999999985,121.05918000000003,14.735699999999984],"tile_center":[121.05808000000003,14.734599999999984],"anchored_to_building":false,"osm_status":"new","lgu_name":"Quezon City","province":"Metro Manila","kwp_estimate":825.2}},{"type":"Feature","geometry":{"type":"Point","coordinates":[121.06032000000003,14.734599999999984]},"properties":{"tile_id":"14.73460_121.06032","score":0.95,"tier":"high","tile_bbox":[121.05922000000004,14.733499999999985,121.06142000000003,14.735699999999984],"tile_center":[121.06032000000003,14.734599999999984],"anchored_to_building":false,"osm_status":"new","lgu_name":"Quezon City","province":"Metro Manila","kwp_estimate":397.9}},{"type":"Feature","geometry":{"type":"Point","coordinates":[121.05584000000003,14.736759999999984]},"properties":{"tile_id":"14.73676_121.05584","score":0.924,"tier":"high","tile_bbox":[121.05474000000004,14.735659999999985,121.05694000000003,14.737859999999984],"tile_center":[121.05584000000003,14.736759999999984],"anchored_to_building":false,"osm_status":"confirmed","lgu_name":"Quezon City","province":"Metro Manila","kwp_estimate":940.3}},{"type":"Feature","geometry":{"type":"Point","coordinates":[121.06032000000003,14.736759999999984]},"properties":{"tile_id":"14.73676_121.06032","score":0.71,"tier":"candidate","tile_bbox":[121.05922000000004,14.735659999999985,121.06142000000003,14.737859999999984],"tile_center":[121.06032000000003,14.736759999999984],"anchored_to_building":false,"osm_status":"new","lgu_name":"Quezon City","province":"Metro Manila"}},{"type":"Feature","geometry":{"type":"Point","coordinates":[120.97072000000001,14.743239999999984]},"properties":{"tile_id":"14.74324_120.97072","score":0.761,"tier":"candidate","tile_bbox":[120.96962000000002,14.742139999999985,120.97182000000001,14.744339999999983],"tile_center":[120.97072000000001,14.743239999999984],"anchored_to_building":false,"osm_status":"new","lgu_name":"Meycauayan","province":"Bulacan"}},{"type":"Feature","geometry":{"type":"Point","coordinates":[120.95504000000001,14.749719999999984]},"properties":{"tile_id":"14.74972_120.95504","score":0.902,"tier":"high","tile_bbox":[120.95394000000002,14.748619999999985,120.95614,14.750819999999983],"tile_center":[120.95504000000001,14.749719999999984],"anchored_to_building":false,"osm_status":"new","lgu_name":"Meycauayan","province":"Bulacan","kwp_estimate":642.2}},{"type":"Feature","geometry":{"type":"Point","coordinates":[120.98416000000002,14.749719999999984]},"properties":{"tile_id":"14.74972_120.98416","score":0.703,"tier":"candidate","tile_bbox":[120.98306000000002,14.748619999999985,120.98526000000001,14.750819999999983],"tile_center":[120.98416000000002,14.749719999999984],"anchored_to_building":false,"osm_status":"new","lgu_name":"Meycauayan","province":"Bulacan"}},{"type":"Feature","geometry":{"type":"Point","coordinates":[120.98416000000002,14.754039999999984]},"properties":{"tile_id":"14.75404_120.98416","score":0.733,"tier":"candidate","tile_bbox":[120.98306000000002,14.752939999999985,120.98526000000001,14.755139999999983],"tile_center":[120.98416000000002,14.754039999999984],"anchored_to_building":false,"osm_status":"new","lgu_name":"Meycauayan","province":"Bulacan"}},{"type":"Feature","geometry":{"type":"Point","coordinates":[120.97968000000002,14.758359999999984]},"properties":{"tile_id":"14.75836_120.97968","score":0.917,"tier":"high","tile_bbox":[120.97858000000002,14.757259999999985,120.98078000000001,14.759459999999983],"tile_center":[120.97968000000002,14.758359999999984],"anchored_to_building":false,"osm_status":"new","lgu_name":"Meycauayan","province":"Bulacan","kwp_estimate":229.8}},{"type":"Feature","geometry":{"type":"Point","coordinates":[121.00880000000002,14.764839999999984]},"properties":{"tile_id":"14.76484_121.00880","score":0.981,"tier":"high","tile_bbox":[121.00770000000003,14.763739999999984,121.00990000000002,14.765939999999983],"tile_center":[121.00880000000002,14.764839999999984],"anchored_to_building":false,"osm_status":"new","lgu_name":"Meycauayan","province":"Bulacan"}},{"type":"Feature","geometry":{"type":"Point","coordinates":[121.01104000000002,14.764839999999984]},"properties":{"tile_id":"14.76484_121.01104","score":0.857,"tier":"high","tile_bbox":[121.00994000000003,14.763739999999984,121.01214000000002,14.765939999999983],"tile_center":[121.01104000000002,14.764839999999984],"anchored_to_building":false,"osm_status":"new","lgu_name":"Meycauayan","province":"Bulacan"}},{"type":"Feature","geometry":{"type":"Point","coordinates":[120.95504000000001,14.769159999999983]},"properties":{"tile_id":"14.76916_120.95504","score":0.865,"tier":"high","tile_bbox":[120.95394000000002,14.768059999999984,120.95614,14.770259999999983],"tile_center":[120.95504000000001,14.769159999999983],"anchored_to_building":false,"osm_status":"new","lgu_name":"Marilao","province":"Bulacan","kwp_estimate":250.2}},{"type":"Feature","geometry":{"type":"Point","coordinates":[120.98864000000002,14.769159999999983]},"properties":{"tile_id":"14.76916_120.98864","score":0.767,"tier":"candidate","tile_bbox":[120.98754000000002,14.768059999999984,120.98974000000001,14.770259999999983],"tile_center":[120.98864000000002,14.769159999999983],"anchored_to_building":false,"osm_status":"new","lgu_name":"Meycauayan","province":"Bulacan"}},{"type":"Feature","geometry":{"type":"Point","coordinates":[121.08048000000004,14.769159999999983]},"properties":{"tile_id":"14.76916_121.08048","score":0.952,"tier":"high","tile_bbox":[121.07938000000004,14.768059999999984,121.08158000000003,14.770259999999983],"tile_center":[121.08048000000004,14.769159999999983],"anchored_to_building":false,"osm_status":"new","lgu_name":"Caloocan","province":"Metro Manila","kwp_estimate":35.0}},{"type":"Feature","geometry":{"type":"Point","coordinates":[120.96624000000001,14.773479999999983]},"properties":{"tile_id":"14.77348_120.96624","score":0.98,"tier":"high","tile_bbox":[120.96514000000002,14.772379999999984,120.96734000000001,14.774579999999983],"tile_center":[120.96624000000001,14.773479999999983],"anchored_to_building":false,"osm_status":"new","lgu_name":"Marilao","province":"Bulacan","kwp_estimate":664.5}},{"type":"Feature","geometry":{"type":"Point","coordinates":[120.96848000000001,14.773479999999983]},"properties":{"tile_id":"14.77348_120.96848","score":0.915,"tier":"high","tile_bbox":[120.96738000000002,14.772379999999984,120.96958000000001,14.774579999999983],"tile_center":[120.96848000000001,14.773479999999983],"anchored_to_building":false,"osm_status":"new","lgu_name":"Marilao","province":"Bulacan"}},{"type":"Feature","geometry":{"type":"Point","coordinates":[120.96624000000001,14.775639999999983]},"properties":{"tile_id":"14.77564_120.96624","score":0.862,"tier":"high","tile_bbox":[120.96514000000002,14.774539999999984,120.96734000000001,14.776739999999982],"tile_center":[120.96624000000001,14.775639999999983],"anchored_to_building":false,"osm_status":"new","lgu_name":"Marilao","province":"Bulacan","kwp_estimate":445.2}},{"type":"Feature","geometry":{"type":"Point","coordinates":[120.97296000000001,14.775639999999983]},"properties":{"tile_id":"14.77564_120.97296","score":0.922,"tier":"high","tile_bbox":[120.97186000000002,14.774539999999984,120.97406000000001,14.776739999999982],"tile_center":[120.97296000000001,14.775639999999983],"anchored_to_building":false,"osm_status":"new","lgu_name":"Marilao","province":"Bulacan","kwp_estimate":103.8}},{"type":"Feature","geometry":{"type":"Point","coordinates":[121.06928000000003,14.779959999999983]},"properties":{"tile_id":"14.77996_121.06928","score":0.749,"tier":"candidate","tile_bbox":[121.06818000000004,14.778859999999984,121.07038000000003,14.781059999999982],"tile_center":[121.06928000000003,14.779959999999983],"anchored_to_building":false,"osm_status":"new","lgu_name":"San Jose del Monte","province":"Bulacan"}},{"type":"Feature","geometry":{"type":"Point","coordinates":[121.07152000000004,14.779959999999983]},"properties":{"tile_id":"14.77996_121.07152","score":0.956,"tier":"high","tile_bbox":[121.07042000000004,14.778859999999984,121.07262000000003,14.781059999999982],"tile_center":[121.07152000000004,14.779959999999983],"anchored_to_building":false,"osm_status":"new","lgu_name":"San Jose del Monte","province":"Bulacan"}},{"type":"Feature","geometry":{"type":"Point","coordinates":[120.96848000000001,14.782119999999983]},"properties":{"tile_id":"14.78212_120.96848","score":0.84,"tier":"candidate","tile_bbox":[120.96738000000002,14.781019999999984,120.96958000000001,14.783219999999982],"tile_center":[120.96848000000001,14.782119999999983],"anchored_to_building":false,"osm_status":"new","lgu_name":"Marilao","province":"Bulacan"}},{"type":"Feature","geometry":{"type":"Point","coordinates":[120.976653453211,14.781201666972478]},"properties":{"tile_id":"14.78212_120.97744","score":0.976,"tier":"high","tile_bbox":[120.97634000000002,14.781019999999984,120.97854000000001,14.783219999999982],"tile_center":[120.97744000000002,14.782119999999983],"anchored_to_building":true,"osm_status":"new","kwp_estimate":43.1,"lgu_name":"Marilao","province":"Bulacan"}},{"type":"Feature","geometry":{"type":"Point","coordinates":[120.97744000000002,14.784279999999983]},"properties":{"tile_id":"14.78428_120.97744","score":0.924,"tier":"high","tile_bbox":[120.97634000000002,14.783179999999984,120.97854000000001,14.785379999999982],"tile_center":[120.97744000000002,14.784279999999983],"anchored_to_building":false,"osm_status":"new","lgu_name":"Marilao","province":"Bulacan"}},{"type":"Feature","geometry":{"type":"Point","coordinates":[120.96176000000001,14.788599999999983]},"properties":{"tile_id":"14.78860_120.96176","score":0.791,"tier":"candidate","tile_bbox":[120.96066000000002,14.787499999999984,120.96286,14.789699999999982],"tile_center":[120.96176000000001,14.788599999999983],"anchored_to_building":false,"osm_status":"new","lgu_name":"Bulacan","province":"Bulacan"}},{"type":"Feature","geometry":{"type":"Point","coordinates":[120.93830612962962,14.805704295061728]},"properties":{"tile_id":"14.80588_120.93936","score":0.969,"tier":"high","tile_bbox":[120.93826000000001,14.804779999999983,120.94046,14.806979999999982],"tile_center":[120.93936000000001,14.805879999999982],"anchored_to_building":true,"osm_status":"new","kwp_estimate":223.0,"lgu_name":"Bocaue","province":"Bulacan"}},{"type":"Feature","geometry":{"type":"Point","coordinates":[120.8856,14.814519999999982]},"properties":{"tile_id":"14.81452_120.88560","score":0.738,"tier":"candidate","tile_bbox":[120.8845,14.813419999999983,120.88669999999999,14.815619999999981],"tile_center":[120.8856,14.814519999999982],"anchored_to_building":false,"osm_status":"new","lgu_name":"Bulacan","province":"Bulacan"}},{"type":"Feature","geometry":{"type":"Point","coordinates":[121.07152000000004,14.814519999999982]},"properties":{"tile_id":"14.81452_121.07152","score":0.792,"tier":"candidate","tile_bbox":[121.07042000000004,14.813419999999983,121.07262000000003,14.815619999999981],"tile_center":[121.07152000000004,14.814519999999982],"anchored_to_building":false,"osm_status":"new","lgu_name":"San Jose del Monte","province":"Bulacan"}},{"type":"Feature","geometry":{"type":"Point","coordinates":[120.88784,14.816679999999982]},"properties":{"tile_id":"14.81668_120.88784","score":0.714,"tier":"candidate","tile_bbox":[120.88674,14.815579999999983,120.88893999999999,14.817779999999981],"tile_center":[120.88784,14.816679999999982],"anchored_to_building":false,"osm_status":"new","lgu_name":"Bulacan","province":"Bulacan"}},{"type":"Feature","geometry":{"type":"Point","coordinates":[120.88336,14.818839999999982]},"properties":{"tile_id":"14.81884_120.88336","score":0.85,"tier":"high","tile_bbox":[120.88226,14.817739999999983,120.88445999999999,14.819939999999981],"tile_center":[120.88336,14.818839999999982],"anchored_to_building":false,"osm_status":"new","lgu_name":"Bulacan","province":"Bulacan"}},{"type":"Feature","geometry":{"type":"Point","coordinates":[121.01776000000002,14.823159999999982]},"properties":{"tile_id":"14.82316_121.01776","score":0.763,"tier":"candidate","tile_bbox":[121.01666000000003,14.822059999999983,121.01886000000002,14.824259999999981],"tile_center":[121.01776000000002,14.823159999999982],"anchored_to_building":false,"osm_status":"new","lgu_name":"Bulacan","province":"Bulacan"}},{"type":"Feature","geometry":{"type":"Point","coordinates":[120.89698393571429,14.825112390000001]},"properties":{"tile_id":"14.82532_120.89680","score":0.976,"tier":"high","tile_bbox":[120.8957,14.824219999999983,120.89789999999999,14.826419999999981],"tile_center":[120.8968,14.825319999999982],"anchored_to_building":true,"osm_status":"new","kwp_estimate":418.0,"lgu_name":"Bulacan","province":"Bulacan"}},{"type":"Feature","geometry":{"type":"Point","coordinates":[121.00432000000002,14.825319999999982]},"properties":{"tile_id":"14.82532_121.00432","score":0.973,"tier":"high","tile_bbox":[121.00322000000003,14.824219999999983,121.00542000000002,14.826419999999981],"tile_center":[121.00432000000002,14.825319999999982],"anchored_to_building":false,"osm_status":"new","lgu_name":"Bulacan","province":"Bulacan"}},{"type":"Feature","geometry":{"type":"Point","coordinates":[121.00656000000002,14.825319999999982]},"properties":{"tile_id":"14.82532_121.00656","score":0.849,"tier":"candidate","tile_bbox":[121.00546000000003,14.824219999999983,121.00766000000002,14.826419999999981],"tile_center":[121.00656000000002,14.825319999999982],"anchored_to_building":false,"osm_status":"new","lgu_name":"Bulacan","province":"Bulacan"}},{"type":"Feature","geometry":{"type":"Point","coordinates":[120.95504000000001,14.831799999999982]},"properties":{"tile_id":"14.83180_120.95504","score":0.754,"tier":"candidate","tile_bbox":[120.95394000000002,14.830699999999982,120.95614,14.83289999999998],"tile_center":[120.95504000000001,14.831799999999982],"anchored_to_building":false,"osm_status":"new","lgu_name":"Bulacan","province":"Bulacan"}},{"type":"Feature","geometry":{"type":"Point","coordinates":[120.99984000000002,14.836119999999982]},"properties":{"tile_id":"14.83612_120.99984","score":0.949,"tier":"high","tile_bbox":[120.99874000000003,14.835019999999982,121.00094000000001,14.83721999999998],"tile_center":[120.99984000000002,14.836119999999982],"anchored_to_building":false,"osm_status":"new","lgu_name":"Bulacan","province":"Bulacan"}},{"type":"Feature","geometry":{"type":"Point","coordinates":[120.97968000000002,14.838279999999981]},"properties":{"tile_id":"14.83828_120.97968","score":0.968,"tier":"high","tile_bbox":[120.97858000000002,14.837179999999982,120.98078000000001,14.83937999999998],"tile_center":[120.97968000000002,14.838279999999981],"anchored_to_building":false,"osm_status":"new","lgu_name":"Bulacan","province":"Bulacan"}},{"type":"Feature","geometry":{"type":"Point","coordinates":[120.89232,14.840439999999981]},"properties":{"tile_id":"14.84044_120.89232","score":0.831,"tier":"candidate","tile_bbox":[120.89122,14.839339999999982,120.89341999999999,14.84153999999998],"tile_center":[120.89232,14.840439999999981],"anchored_to_building":false,"osm_status":"new","lgu_name":"Bulacan","province":"Bulacan"}},{"type":"Feature","geometry":{"type":"Point","coordinates":[121.00888689367089,14.84311590886076]},"properties":{"tile_id":"14.84260_121.00880","score":0.972,"tier":"high","tile_bbox":[121.00770000000003,14.841499999999982,121.00990000000002,14.84369999999998],"tile_center":[121.00880000000002,14.842599999999981],"anchored_to_building":true,"osm_status":"new","kwp_estimate":6.7,"lgu_name":"Bulacan","province":"Bulacan"}},{"type":"Feature","geometry":{"type":"Point","coordinates":[121.00888689367089,14.84311590886076]},"properties":{"tile_id":"14.84260_121.01104","score":0.944,"tier":"high","tile_bbox":[121.00994000000003,14.841499999999982,121.01214000000002,14.84369999999998],"tile_center":[121.01104000000002,14.842599999999981],"anchored_to_building":true,"osm_status":"new","kwp_estimate":123.8,"lgu_name":"Bulacan","province":"Bulacan"}},{"type":"Feature","geometry":{"type":"Point","coordinates":[121.0142998945055,14.842542380219781]},"properties":{"tile_id":"14.84260_121.01328","score":0.921,"tier":"high","tile_bbox":[121.01218000000003,14.841499999999982,121.01438000000002,14.84369999999998],"tile_center":[121.01328000000002,14.842599999999981],"anchored_to_building":true,"osm_status":"new","kwp_estimate":119.1,"lgu_name":"Bulacan","province":"Bulacan"}},{"type":"Feature","geometry":{"type":"Point","coordinates":[121.015031689011,14.842363942857144]},"properties":{"tile_id":"14.84260_121.01552","score":0.966,"tier":"high","tile_bbox":[121.01442000000003,14.841499999999982,121.01662000000002,14.84369999999998],"tile_center":[121.01552000000002,14.842599999999981],"anchored_to_building":true,"osm_status":"new","kwp_estimate":24.8,"lgu_name":"Bulacan","province":"Bulacan"}},{"type":"Feature","geometry":{"type":"Point","coordinates":[121.01776000000002,14.842599999999981]},"properties":{"tile_id":"14.84260_121.01776","score":0.875,"tier":"high","tile_bbox":[121.01666000000003,14.841499999999982,121.01886000000002,14.84369999999998],"tile_center":[121.01776000000002,14.842599999999981],"anchored_to_building":false,"osm_status":"new","lgu_name":"Bulacan","province":"Bulacan"}},{"type":"Feature","geometry":{"type":"Point","coordinates":[121.00861305694444,14.844715387499999]},"properties":{"tile_id":"14.84476_121.00880","score":0.988,"tier":"high","tile_bbox":[121.00770000000003,14.843659999999982,121.00990000000002,14.84585999999998],"tile_center":[121.00880000000002,14.844759999999981],"anchored_to_building":true,"osm_status":"new","kwp_estimate":25.8,"lgu_name":"Bulacan","province":"Bulacan"}},{"type":"Feature","geometry":{"type":"Point","coordinates":[121.01328000000002,14.844759999999981]},"properties":{"tile_id":"14.84476_121.01328","score":0.796,"tier":"candidate","tile_bbox":[121.01218000000003,14.843659999999982,121.01438000000002,14.84585999999998],"tile_center":[121.01328000000002,14.844759999999981],"anchored_to_building":false,"osm_status":"new","lgu_name":"Bulacan","province":"Bulacan"}},{"type":"Feature","geometry":{"type":"Point","coordinates":[121.01554268358208,14.84548872238806]},"properties":{"tile_id":"14.84476_121.01552","score":0.992,"tier":"high","tile_bbox":[121.01442000000003,14.843659999999982,121.01662000000002,14.84585999999998],"tile_center":[121.01552000000002,14.844759999999981],"anchored_to_building":true,"osm_status":"new","kwp_estimate":112.6,"lgu_name":"Bulacan","province":"Bulacan"}},{"type":"Feature","geometry":{"type":"Point","coordinates":[120.97072000000001,14.846919999999981]},"properties":{"tile_id":"14.84692_120.97072","score":0.939,"tier":"high","tile_bbox":[120.96962000000002,14.845819999999982,120.97182000000001,14.84801999999998],"tile_center":[120.97072000000001,14.846919999999981],"anchored_to_building":false,"osm_status":"new","lgu_name":"Bulacan","province":"Bulacan"}},{"type":"Feature","geometry":{"type":"Point","coordinates":[120.97296000000001,14.846919999999981]},"properties":{"tile_id":"14.84692_120.97296","score":0.97,"tier":"high","tile_bbox":[120.97186000000002,14.845819999999982,120.97406000000001,14.84801999999998],"tile_center":[120.97296000000001,14.846919999999981],"anchored_to_building":false,"osm_status":"new","lgu_name":"Bulacan","province":"Bulacan"}},{"type":"Feature","geometry":{"type":"Point","coordinates":[121.01478241473684,14.847517149473685]},"properties":{"tile_id":"14.84692_121.01552","score":0.891,"tier":"high","tile_bbox":[121.01442000000003,14.845819999999982,121.01662000000002,14.84801999999998],"tile_center":[121.01552000000002,14.846919999999981],"anchored_to_building":true,"osm_status":"new","kwp_estimate":93.0,"lgu_name":"Bulacan","province":"Bulacan"}}],"_meta":{"generated_utc":"2026-05-10T09:29:36Z","scan_grid":"240m no-overlap","total_tiles_scanned":45417,"n_high_confidence":280,"n_candidate":235,"thresholds":{"high":0.85,"candidate":0.7},"encoder":"openai/clip-vit-large-patch14","classifier":"clf_v4.joblib","training_set":"294 OSM-tagged + 4 case-study + 4 promoted-rneg + 111 v3conf (active-learning round 2) positives, 197 negatives (46 GT + 150 random NCR + 1 v3fp); 2 noisy cases dropped","v4_loso_at_t085":{"precision":0.988,"recall":0.772,"f1":0.867,"from":"5-fold group-aware CV"},"v4_calibrated_holdout_at_t085":{"precision":0.959,"recall":0.797,"f1":0.87,"from":"20% never-trained OSM holdout, Platt sigmoid calibration","platt":"P = sigmoid(1.2916 * decision_function(x) + 0.1627)"},"enriched_with":{"osm_status_from":"detection/scan/match_report.json","lgu_from":"site/public/data/franchise_cities_polygons.geojson","kwp_from":"site/public/data/per_building_solar_ncr.geojson","n_with_status":515,"n_with_city":504}}}