{"type": "FeatureCollection", "properties": {"region": "bacolod", "franchise": "CENECO", "source": "OpenStreetMap via Overpass API", "license": "ODbL"}, "features": [{"type": "Feature", "properties": {"name": "Bacolod", "osm_id": 11349321, "admin_level": "6", "region": "bacolod", "franchise": "CENECO"}, "geometry": {"type": "Polygon", "coordinates": [[[123.0763006, 10.64597], [123.0762538, 10.6459501], [123.0429318, 10.6317734], [123.0325199, 10.6330606], [123.0324065, 10.6330745], [123.0297153, 10.6333912], [123.0213967, 10.6344094], [123.0201074, 10.6299496], [123.0200839, 10.6298711], [123.0186444, 10.6248847], [123.0171212, 10.6196192], [123.0170961, 10.6195264], [123.0050443, 10.6051237], [122.9881559, 10.5849398], [122.9672556, 10.5856311], [122.9620672, 10.5858027], [122.9614489, 10.5858231], [122.9588999, 10.5859062], [122.9573507, 10.5860115], [122.9571037, 10.5859662], [122.9546638, 10.5860477], [122.9536912, 10.5860801], [122.951025, 10.5861692], [122.9474063, 10.5873621], [122.9455432, 10.5881281], [122.9355594, 10.5914029], [122.9342281, 10.5918396], [122.9325234, 10.5920705], [122.9261009, 10.5927661], [122.9256388, 10.5928455], [122.9250607, 10.5929405], [122.9168248, 10.5942872], [122.9155115, 10.5945051], [122.9119485, 10.5949715], [122.9069347, 10.5945198], [122.9066586, 10.594662], [122.9064706, 10.5948403], [122.9061997, 10.5948091], [122.9061415, 10.5945493], [122.906083, 10.594256], [122.905765, 10.5941212], [122.9054449, 10.5939891], [122.9052813, 10.5940327], [122.9050709, 10.5940965], [122.9047663, 10.5943205], [122.9045268, 10.5945032], [122.9043453, 10.5946876], [122.9041327, 10.59478], [122.903891, 10.5947008], [122.903685, 10.5945748], [122.9033985, 10.5943833], [122.9032127, 10.5942446], [122.9030804, 10.5942923], [122.9029058, 10.5944574], [122.9027354, 10.5946087], [122.9026421, 10.5946601], [122.9026115, 10.5948135], [122.9025228, 10.5950348], [122.9023414, 10.5953981], [122.9022495, 10.5955623], [122.9020628, 10.5956705], [122.901869, 10.595667], [122.9015835, 10.5955615], [122.9012559, 10.595451], [122.9009202, 10.5952523], [122.9006985, 10.5952255], [122.9003196, 10.5951022], [122.9002263, 10.5950945], [122.8793596, 10.5963171], [122.8732871, 10.5986794], [122.8694243, 10.6059559], [122.84706, 10.62476], [122.8342223, 10.6327238], [122.8141866, 10.6489398], [122.8211901, 10.6687358], [122.8291901, 10.7125548], [122.8302093, 10.7158313], [122.8349042, 10.7253458], [122.837746, 10.7305943], [122.9489128, 10.7160705], [122.9489968, 10.7160594], [122.9494325, 10.7160019], [122.949635, 10.7159708], [122.9539622, 10.7146548], [122.9586407, 10.7134628], [122.9616576, 10.7127124], [122.9617091, 10.7126987], [122.9618242, 10.7126603], [122.9686668, 10.7102625], [122.9724736, 10.7090569], [122.9810313, 10.7061431], [122.9823242, 10.7057029], [122.9993102, 10.699907], [122.9992963, 10.6997254], [122.9993121, 10.6991488], [122.9995421, 10.6988527], [123.0013, 10.6978526], [123.0016886, 10.6977357], [123.0020296, 10.6975487], [123.0021792, 10.6974006], [123.00232, 10.6972008], [123.0023944, 10.6969409], [123.0020931, 10.6967382], [123.00176, 10.696372], [123.0015198, 10.6960608], [123.001334, 10.695733], [123.0010218, 10.6953389], [123.0009425, 10.6948311], [123.0009209, 10.6945071], [123.0010404, 10.6942632], [123.0013862, 10.6940618], [123.0018155, 10.6940031], [123.0020717, 10.6939406], [123.0024396, 10.6942234], [123.0026691, 10.6942666], [123.0030759, 10.6941035], [123.0033772, 10.6935208], [123.0033853, 10.6933161], [123.0029122, 10.6928678], [123.002937, 10.6926952], [123.0031811, 10.6924051], [123.0031772, 10.6921391], [123.0029683, 10.6919117], [123.0028575, 10.6914449], [123.0029257, 10.6910341], [123.0029526, 10.6904142], [123.0031925, 10.6897237], [123.0035205, 10.6894366], [123.0040819, 10.6892005], [123.0046704, 10.6886573], [123.0053366, 10.68773], [123.0055665, 10.6873793], [123.0059234, 10.6872078], [123.0062644, 10.6871689], [123.0064785, 10.6870754], [123.0071367, 10.6862727], [123.0074778, 10.6857272], [123.0081735, 10.6850192], [123.0088012, 10.6845826], [123.0089313, 10.6846366], [123.0089953, 10.6847499], [123.009021, 10.6850016], [123.0090594, 10.6851275], [123.0090978, 10.6852534], [123.0091555, 10.685373], [123.0092195, 10.68548], [123.0093476, 10.6855366], [123.0094757, 10.6855492], [123.0096038, 10.6855492], [123.0097191, 10.6854925], [123.0098216, 10.685417], [123.0101162, 10.6851527], [123.010334, 10.6849764], [123.0104429, 10.6849072], [123.0111132, 10.6846224], [123.0116978, 10.6843485], [123.0119194, 10.6842307], [123.0120462, 10.6841061], [123.0120915, 10.6839281], [123.0121005, 10.6837412], [123.0121549, 10.6835631], [123.0122455, 10.6834207], [123.0124176, 10.6833762], [123.0125897, 10.6833851], [123.0127618, 10.6834207], [123.0130969, 10.6835453], [123.0132781, 10.6835631], [123.013414, 10.6834563], [123.0134593, 10.6832783], [123.0134774, 10.6831003], [123.0134955, 10.6826908], [123.0135317, 10.6825128], [123.0136042, 10.6823526], [123.0137038, 10.6822012], [123.0138578, 10.6820944], [123.014202, 10.6822547], [123.0143832, 10.6822903], [123.0145553, 10.6823615], [123.0147002, 10.6824683], [123.0148542, 10.6825484], [123.0150173, 10.6826107], [123.0153796, 10.6826463], [123.0155698, 10.6826997], [123.0159231, 10.6827442], [123.0162854, 10.6827709], [123.0164575, 10.6827976], [123.0166387, 10.6828065], [123.0168108, 10.6827709], [123.0169648, 10.682673], [123.017146, 10.6826374], [123.0173271, 10.6826196], [123.0174992, 10.6826285], [123.0176713, 10.6826997], [123.0178163, 10.6828065], [123.017925, 10.6829578], [123.0180065, 10.683127], [123.0181786, 10.6832427], [123.0183507, 10.6833139], [123.0185137, 10.6832516], [123.0186224, 10.6831092], [123.018713, 10.6829489], [123.0188308, 10.6828065], [123.0189848, 10.6827264], [123.0191659, 10.6826997], [123.0195101, 10.6828154], [123.0197004, 10.6829133], [123.0199359, 10.6830113], [123.0202982, 10.6831003], [123.0206696, 10.6831003], [123.0210047, 10.6829757], [123.0211768, 10.6829222], [123.0212946, 10.6827887], [123.0214124, 10.6826641], [123.0214848, 10.6825128], [123.02182, 10.6821834], [123.0219558, 10.6820677], [123.0221189, 10.6819965], [123.0226533, 10.6819965], [123.022762, 10.6821478], [123.0227892, 10.6823259], [123.0228707, 10.682495], [123.0230247, 10.6826107], [123.0231968, 10.6826641], [123.0233689, 10.6826819], [123.0236497, 10.6827976], [123.0238128, 10.6828777], [123.0239577, 10.6830024], [123.0241117, 10.6831092], [123.0242747, 10.6831893], [123.0244468, 10.6832427], [123.0248092, 10.6832516], [123.0249994, 10.6832338], [123.0251534, 10.6831448], [123.025244, 10.6829846], [123.025253, 10.6828065], [123.0252893, 10.682584], [123.025398, 10.6822279], [123.0254795, 10.6820766], [123.0256335, 10.6819698], [123.0258056, 10.6819164], [123.0259777, 10.6819253], [123.0260954, 10.6822725], [123.0260683, 10.6826107], [123.0262313, 10.6827442], [123.0263944, 10.6828065], [123.0265755, 10.6828065], [123.0267295, 10.6827264], [123.0268291, 10.6825662], [123.0269922, 10.6822458], [123.027273, 10.6819787], [123.0277259, 10.6817117], [123.027898, 10.6816316], [123.0280611, 10.6815693], [123.0282422, 10.6815248], [123.0284234, 10.6815159], [123.0285955, 10.6814891], [123.0291299, 10.6814713], [123.029302, 10.6814535], [123.0294832, 10.6814713], [123.0296462, 10.6815604], [123.0298274, 10.6815693], [123.0301892, 10.6813556], [123.0304402, 10.6813167], [123.0309554, 10.6813037], [123.0311535, 10.6814855], [123.0313649, 10.6816672], [123.0318669, 10.6819139], [123.0321179, 10.6820047], [123.0323689, 10.6820567], [123.0326331, 10.6821475], [123.0328841, 10.6821345], [123.0331615, 10.6820826], [123.0334125, 10.6819917], [123.0340863, 10.6816412], [123.0345486, 10.6814206], [123.0350771, 10.6812388], [123.0353281, 10.6811869], [123.0355923, 10.6811869], [123.0360943, 10.6812778], [123.036266, 10.6814855], [123.0363585, 10.6817321], [123.0364906, 10.6819528], [123.0367284, 10.6820696], [123.0370058, 10.6821216], [123.0372172, 10.6822773], [123.0374814, 10.6822124], [123.0377324, 10.6821735], [123.0380098, 10.6821475], [123.038274, 10.6820696], [123.038525, 10.6820307], [123.0387628, 10.6819398], [123.039027, 10.6819917], [123.0392912, 10.6821086], [123.0394762, 10.6823033], [123.0395818, 10.6825499], [123.0398593, 10.6826408], [123.0400838, 10.682498], [123.0402424, 10.6822773], [123.0404802, 10.6821735], [123.0407576, 10.6821865], [123.0409425, 10.6823682], [123.0409425, 10.6826278], [123.0410086, 10.6828875], [123.0412067, 10.6830692], [123.041286, 10.6833159], [123.0412596, 10.6835755], [123.0412596, 10.6838351], [123.0414974, 10.6839649], [123.0419994, 10.6838741], [123.0422504, 10.6838741], [123.0425014, 10.683939], [123.0425674, 10.6841986], [123.0426467, 10.6844453], [123.042858, 10.684588], [123.0431223, 10.6846659], [123.0433865, 10.6847828], [123.0436507, 10.6848607], [123.0438885, 10.6847828], [123.0441263, 10.6846789], [123.0443773, 10.6846659], [123.0446547, 10.6846789], [123.0451567, 10.6848736], [123.0455134, 10.6848736], [123.0460682, 10.6848736], [123.046306, 10.6849645], [123.046557, 10.6848866], [123.0467816, 10.6847828], [123.0470326, 10.6848607], [123.0472043, 10.6850684], [123.0474685, 10.6850943], [123.0477327, 10.6850943], [123.0479837, 10.6850554], [123.0482347, 10.6850943], [123.0484593, 10.6852241], [123.0486971, 10.685315], [123.0489637, 10.6851745], [123.0492976, 10.6850529], [123.0495498, 10.6850621], [123.0497179, 10.6851057], [123.0498416, 10.6850805], [123.0499584, 10.6849749], [123.0499957, 10.6848602], [123.0502993, 10.6845484], [123.05043, 10.6845347], [123.0506612, 10.6843832], [123.0507873, 10.6841744], [123.0509321, 10.6841675], [123.0509204, 10.6843029], [123.0510255, 10.6844406], [123.0511726, 10.6844865], [123.0512496, 10.6844131], [123.0513033, 10.6842708], [123.0514364, 10.6841423], [123.0514761, 10.6840712], [123.0514598, 10.683984], [123.0514808, 10.683922], [123.0516092, 10.6838624], [123.0517727, 10.6837844], [123.0519104, 10.6836788], [123.0519238, 10.6833285], [123.0519238, 10.683138], [123.0519915, 10.6830417], [123.0521013, 10.6829958], [123.0522601, 10.6830738], [123.0524842, 10.6832918], [123.0526127, 10.6832551], [123.0527154, 10.6831702], [123.0527995, 10.6831289], [123.0528999, 10.6828994], [123.0530703, 10.682904], [123.0531917, 10.6829109], [123.0533015, 10.6827893], [123.0532361, 10.6826447], [123.0532431, 10.6825162], [123.0533015, 10.6824543], [123.0535163, 10.6823615], [123.0537277, 10.6823535], [123.0539147, 10.6823136], [123.0541018, 10.6823376], [123.0545408, 10.6821618], [123.054801, 10.6818741], [123.0546791, 10.6813388], [123.0546628, 10.6811311], [123.0547766, 10.6810032], [123.0550287, 10.6810751], [123.0552401, 10.6810272], [123.0553621, 10.6807955], [123.0555003, 10.6807955], [123.0556466, 10.6806277], [123.0557442, 10.680404], [123.0559312, 10.6801483], [123.0561302, 10.680228], [123.0563929, 10.680179], [123.056582, 10.6802097], [123.0567762, 10.6801702], [123.0568497, 10.6799905], [123.0570639, 10.6798396], [123.0572694, 10.679764], [123.0576131, 10.6795501], [123.0576705, 10.6792058], [123.0578008, 10.6791516], [123.0579609, 10.6792469], [123.0584539, 10.6790726], [123.0587242, 10.6785403], [123.0590373, 10.6784584], [123.0597854, 10.6781028], [123.060314, 10.6778791], [123.0608509, 10.677983], [123.063039, 10.6774316], [123.0636405, 10.6769868], [123.0640645, 10.6766405], [123.064291, 10.6763414], [123.0661172, 10.6755276], [123.0662375, 10.6751102], [123.0666582, 10.6747857], [123.0672593, 10.6744204], [123.0675124, 10.6745525], [123.0746488, 10.6706214], [123.076316, 10.6702529], [123.0790043, 10.6697094], [123.1008836, 10.6686399], [123.1153837, 10.6660395], [123.1165481, 10.6657796], [123.1177752, 10.6655845], [123.1187341, 10.6654791], [123.1193989, 10.6653685], [123.1195914, 10.6652819], [123.1210279, 10.664907], [123.1223409, 10.664806], [123.1231682, 10.6646342], [123.1235698, 10.6647061], [123.1237894, 10.6646102], [123.1238808, 10.6644864], [123.1250901, 10.6644835], [123.1251243, 10.6644834], [123.1252055, 10.6644832], [123.1255524, 10.6647545], [123.12562, 10.6647525], [123.1266302, 10.6647224], [123.1267203, 10.6647197], [123.1271638, 10.6644345], [123.1276026, 10.6644449], [123.128084, 10.6651614], [123.1285724, 10.665071], [123.1289794, 10.6651266], [123.1293404, 10.6649632], [123.1296695, 10.6650188], [123.1297049, 10.6647788], [123.1298606, 10.6647788], [123.130027, 10.6648727], [123.1303395, 10.6647823], [123.1304492, 10.6647649], [123.1306403, 10.664671], [123.1307288, 10.6645423], [123.1309022, 10.6646501], [123.1310508, 10.6646084], [123.1312915, 10.6647093], [123.1315923, 10.6645667], [123.1318613, 10.6645319], [123.1321197, 10.6646188], [123.1322577, 10.6645527], [123.1326223, 10.664598], [123.1331531, 10.664438], [123.1333739, 10.6643162], [123.1345805, 10.6638119], [123.1346726, 10.6637702], [123.1348849, 10.6637493], [123.1350689, 10.6636589], [123.1352247, 10.6635128], [123.1353415, 10.6633632], [123.1354052, 10.6632728], [123.1355326, 10.6631685], [123.1355927, 10.6630607], [123.1354123, 10.6628833], [123.1353167, 10.6627998], [123.1352848, 10.6626607], [123.1353167, 10.6625042], [123.1354087, 10.6623198], [123.1355663, 10.6622449], [123.1356029, 10.6622373], [123.135758, 10.6622106], [123.1359621, 10.6621401], [123.1363056, 10.661971], [123.1374268, 10.6613859], [123.1378341, 10.6611694], [123.1380507, 10.6610825], [123.1381931, 10.661021], [123.1382018, 10.6609683], [123.1382073, 10.6608598], [123.1383729, 10.6606885], [123.1388289, 10.6603933], [123.1391052, 10.6601508], [123.1394029, 10.6597897], [123.1393546, 10.6595498], [123.1383563, 10.6591073], [123.1381001, 10.6588013], [123.1376283, 10.6587104], [123.1377791, 10.6578095], [123.1376034, 10.6573969], [123.1371035, 10.6572938], [123.1366069, 10.6570525], [123.1364471, 10.6567511], [123.1351349, 10.6568414], [123.1347136, 10.6564701], [123.1334329, 10.6565137], [123.1320634, 10.6564208], [123.130892, 10.6565226], [123.1297115, 10.6563213], [123.1292911, 10.6562988], [123.128901, 10.6563856], [123.1288089, 10.6560918], [123.1289387, 10.6557011], [123.1287333, 10.6554458], [123.1283677, 10.655457], [123.1276847, 10.6549424], [123.1270163, 10.6547241], [123.1260925, 10.6548322], [123.1256247, 10.6550856], [123.1248988, 10.6550598], [123.1235285, 10.6541873], [123.1230005, 10.6544488], [123.1223825, 10.6539161], [123.1219125, 10.6540315], [123.1215699, 10.6538269], [123.1212244, 10.6541551], [123.1205031, 10.6538289], [123.1206617, 10.6535449], [123.1204852, 10.6533776], [123.1193759, 10.6535996], [123.1186891, 10.6532236], [123.1177745, 10.6532086], [123.1168922, 10.6526242], [123.1159858, 10.6523832], [123.1155035, 10.6526814], [123.1152357, 10.6528953], [123.1149517, 10.6529285], [123.1146165, 10.6525971], [123.114406, 10.6525474], [123.114172, 10.6527018], [123.1136473, 10.6522096], [123.1131012, 10.6522657], [123.1129284, 10.6521322], [123.1125582, 10.6522044], [123.1120396, 10.6520097], [123.0787585, 10.6466037], [123.0771919, 10.6463492], [123.0763006, 10.64597]]]}}, {"type": "Feature", "properties": {"name": "Bago", "osm_id": 11366393, "admin_level": "6", "region": "bacolod", "franchise": "CENECO"}, "geometry": {"type": "Polygon", "coordinates": [[[122.8345124, 10.5160941], [122.8357084, 10.5182605], [122.8363545, 10.5196181], [122.8369692, 10.5204884], [122.8361987, 10.5212235], [122.8339488, 10.5255601], [122.8303439, 10.5333236], [122.8296572, 10.5388929], [122.8301722, 10.5449684], [122.8303302, 10.5460519], [122.8303857, 10.55063], [122.8143928, 10.5650244], [122.7902123, 10.6143158], [122.8052537, 10.6379827], [122.8141866, 10.6489398], [122.8342223, 10.6327238], [122.84706, 10.62476], [122.8694243, 10.6059559], [122.8732871, 10.5986794], [122.8793596, 10.5963171], [122.9002263, 10.5950945], [122.9003196, 10.5951022], [122.9006985, 10.5952255], [122.9009202, 10.5952523], [122.9012559, 10.595451], [122.9015835, 10.5955615], [122.901869, 10.595667], [122.9020628, 10.5956705], [122.9022495, 10.5955623], [122.9023414, 10.5953981], [122.9025228, 10.5950348], [122.9026115, 10.5948135], [122.9026421, 10.5946601], [122.9027354, 10.5946087], [122.9029058, 10.5944574], [122.9030804, 10.5942923], [122.9032127, 10.5942446], [122.9033985, 10.5943833], [122.903685, 10.5945748], [122.903891, 10.5947008], [122.9041327, 10.59478], [122.9043453, 10.5946876], [122.9045268, 10.5945032], [122.9047663, 10.5943205], [122.9050709, 10.5940965], [122.9052813, 10.5940327], [122.9054449, 10.5939891], [122.905765, 10.5941212], [122.906083, 10.594256], [122.9061415, 10.5945493], [122.9061997, 10.5948091], [122.9064706, 10.5948403], [122.9066586, 10.594662], [122.9069347, 10.5945198], [122.9119485, 10.5949715], [122.9155115, 10.5945051], [122.9168248, 10.5942872], [122.9250607, 10.5929405], [122.9256388, 10.5928455], [122.9261009, 10.5927661], [122.9325234, 10.5920705], [122.9342281, 10.5918396], [122.9355594, 10.5914029], [122.9455432, 10.5881281], [122.9474063, 10.5873621], [122.951025, 10.5861692], [122.9536912, 10.5860801], [122.9546638, 10.5860477], [122.9571037, 10.5859662], [122.9573507, 10.5860115], [122.9588999, 10.5859062], [122.9614489, 10.5858231], [122.9620672, 10.5858027], [122.9672556, 10.5856311], [122.9881559, 10.5849398], [122.9854532, 10.5750792], [122.9845551, 10.5720474], [122.983595, 10.5689013], [122.9784436, 10.547927], [122.9780928, 10.5475956], [122.977752, 10.5473154], [122.9773231, 10.5469573], [122.9769706, 10.5468187], [122.977083, 10.5466153], [122.977176, 10.546463], [122.9772008, 10.5461156], [122.977424, 10.5458963], [122.9776533, 10.5458536], [122.9778082, 10.5461217], [122.9780004, 10.5462923], [122.9780872, 10.546207], [122.9780562, 10.5460181], [122.9780004, 10.5458109], [122.9780996, 10.545555], [122.9782842, 10.5455629], [122.9784465, 10.5456736], [122.9786423, 10.545704], [122.9788193, 10.5456763], [122.9789078, 10.5456301], [122.9789615, 10.5455326], [122.9790151, 10.5453177], [122.9790634, 10.5451027], [122.9790607, 10.5450091], [122.9789923, 10.5446307], [122.9789843, 10.5445226], [122.9790325, 10.5444541], [122.9791103, 10.5444132], [122.979227, 10.5444119], [122.9794268, 10.544491], [122.9797956, 10.5445424], [122.9798661, 10.5447324], [122.9800645, 10.5449761], [122.9806285, 10.545232], [122.9809818, 10.5453235], [122.9811492, 10.5452442], [122.9811864, 10.5450675], [122.9813289, 10.5449396], [122.9814818, 10.54498], [122.9816697, 10.5451], [122.981881, 10.5451093], [122.982029, 10.5450354], [122.9821347, 10.5450793], [122.9822968, 10.5450631], [122.9825085, 10.5450492], [122.9826635, 10.5450816], [122.9828067, 10.5451601], [122.9829876, 10.5453125], [122.9830909, 10.5454579], [122.9831943, 10.5456173], [122.9832882, 10.5457466], [122.9833892, 10.5459013], [122.9835302, 10.5460583], [122.9837345, 10.5461368], [122.9839647, 10.5460952], [122.9840433, 10.5460537], [122.9842476, 10.5460491], [122.9844237, 10.5460329], [122.9846516, 10.5459867], [122.9848183, 10.5457535], [122.9849363, 10.5456496], [122.9850256, 10.5456611], [122.9851219, 10.5457258], [122.9852605, 10.5457397], [122.9853849, 10.5456381], [122.9855681, 10.5456127], [122.9858101, 10.5456127], [122.9858876, 10.5455064], [122.9860496, 10.5454533], [122.9861916, 10.5454626], [122.9862738, 10.5455388], [122.9863959, 10.5455619], [122.9865322, 10.5455411], [122.9866778, 10.5453841], [122.9868892, 10.5453356], [122.9870395, 10.5452571], [122.9871499, 10.5452432], [122.9872086, 10.5453055], [122.9872791, 10.545324], [122.9873636, 10.5452778], [122.9873965, 10.5452109], [122.9875773, 10.545137], [122.9877347, 10.5451601], [122.9878921, 10.5451347], [122.9879954, 10.5451023], [122.9881739, 10.5451555], [122.9882773, 10.5452317], [122.9883548, 10.5453794], [122.9884886, 10.545481], [122.988592, 10.5455295], [122.9887212, 10.5454949], [122.9888316, 10.5454025], [122.9889232, 10.5453379], [122.9890108, 10.5453079], [122.9891933, 10.5453448], [122.9892138, 10.5454533], [122.9892795, 10.5455849], [122.9893476, 10.5456404], [122.9894768, 10.545645], [122.9895755, 10.5456265], [122.9896812, 10.5455919], [122.9897822, 10.5456173], [122.9898597, 10.5456727], [122.9899982, 10.5456819], [122.9900405, 10.5457558], [122.990165, 10.5458205], [122.9902965, 10.5458366], [122.9903881, 10.5458597], [122.990443, 10.5459072], [122.9905172, 10.5461193], [122.990528, 10.5461989], [122.990586, 10.5462679], [122.9906521, 10.5462825], [122.990903, 10.5462732], [122.9910002, 10.5463196], [122.9911175, 10.5463607], [122.9912752, 10.5463806], [122.9914222, 10.5464536], [122.9915207, 10.5465252], [122.9916475, 10.546549], [122.9917581, 10.5465344], [122.9918499, 10.5465053], [122.9919872, 10.546398], [122.9923332, 10.5461476], [122.992711, 10.5460323], [122.9927967, 10.5459265], [122.9928261, 10.5458591], [122.9929607, 10.5457147], [122.9931442, 10.5455728], [122.9933058, 10.5455247], [122.9934648, 10.5455174], [122.9935725, 10.5455487], [122.9937463, 10.5455487], [122.9938148, 10.5455271], [122.9938417, 10.5454741], [122.9938246, 10.545414], [122.9937977, 10.545361], [122.9937781, 10.5452985], [122.9938001, 10.5452624], [122.9939054, 10.5452143], [122.9939739, 10.5451998], [122.9941061, 10.5451373], [122.9942015, 10.5450699], [122.9942798, 10.5450314], [122.9944144, 10.5449953], [122.994527, 10.5449977], [122.9946176, 10.5450194], [122.9946812, 10.5450819], [122.9947424, 10.5451998], [122.9948305, 10.5452095], [122.9948648, 10.5451782], [122.9948843, 10.5451325], [122.9948892, 10.5450338], [122.9949308, 10.5449472], [122.9950263, 10.5449063], [122.9951046, 10.5449087], [122.9951756, 10.5449568], [122.9952514, 10.5449616], [122.995293, 10.5449472], [122.9953322, 10.5448943], [122.9953493, 10.5448197], [122.9953591, 10.5447547], [122.9954203, 10.5446873], [122.9954791, 10.5446513], [122.9955451, 10.5446464], [122.9955843, 10.5446657], [122.9956259, 10.5446488], [122.995692, 10.5446609], [122.9957703, 10.5446561], [122.9958192, 10.5445935], [122.9958927, 10.5445502], [122.9959612, 10.5444515], [122.996015, 10.5444275], [122.9961154, 10.5444515], [122.9962329, 10.5444588], [122.996321, 10.5444347], [122.9964091, 10.544389], [122.9964678, 10.544312], [122.9964703, 10.5442013], [122.9964384, 10.5441003], [122.9964066, 10.5440064], [122.9964189, 10.5439102], [122.9964776, 10.5438332], [122.9965779, 10.543749], [122.9967003, 10.5436936], [122.9968667, 10.5436551], [122.9969915, 10.5435926], [122.9970405, 10.5435252], [122.9971384, 10.5435204], [122.9972436, 10.5435661], [122.9973489, 10.5435613], [122.9974859, 10.5435517], [122.9975936, 10.543518], [122.9976695, 10.5434578], [122.9977576, 10.5434314], [122.9978628, 10.5433905], [122.9979314, 10.5433327], [122.9980072, 10.5432822], [122.9980904, 10.5432678], [122.998159, 10.5432341], [122.9981908, 10.5431739], [122.9981785, 10.5431114], [122.9981908, 10.5430536], [122.9982471, 10.5430392], [122.9982985, 10.5430344], [122.9984037, 10.5430127], [122.9984575, 10.5429742], [122.9984845, 10.542902], [122.9985261, 10.5428852], [122.9985677, 10.542902], [122.9986019, 10.542902], [122.9986754, 10.5428828], [122.998717, 10.5428323], [122.9987219, 10.5427865], [122.9987586, 10.5427432], [122.99881, 10.5427071], [122.9988687, 10.5427047], [122.9989201, 10.5427288], [122.9989764, 10.5427601], [122.9990278, 10.5427673], [122.9990694, 10.542724], [122.9990865, 10.5426807], [122.9991281, 10.5426686], [122.9991795, 10.5426494], [122.9992358, 10.5426157], [122.999297, 10.5425652], [122.999319, 10.5425195], [122.9993802, 10.5424713], [122.9994292, 10.5424569], [122.9994634, 10.5424545], [122.999505, 10.5424449], [122.9995417, 10.5423992], [122.9995417, 10.5423342], [122.9995222, 10.5423125], [122.999483, 10.5423029], [122.9994585, 10.5422813], [122.999483, 10.5422187], [122.999532, 10.5421682], [122.9995809, 10.5421369], [122.9996298, 10.5421345], [122.9996568, 10.542161], [122.9996641, 10.5422115], [122.9996837, 10.542238], [122.9997253, 10.5422355], [122.9997767, 10.5422019], [122.9998477, 10.5421537], [122.9999211, 10.5421465], [122.9999774, 10.5421393], [123.0000435, 10.542096], [123.0000924, 10.5420671], [123.000156, 10.542019], [123.0002344, 10.5420046], [123.0003151, 10.5419973], [123.000391, 10.5419877], [123.0004424, 10.5419613], [123.0004718, 10.54193], [123.004634, 10.5398675], [123.0084833, 10.5384678], [123.0093845, 10.5379229], [123.0123326, 10.5374606], [123.0150151, 10.5378624], [123.0152322, 10.5386213], [123.0156364, 10.5392541], [123.0160667, 10.5396768], [123.0163398, 10.5401229], [123.0168111, 10.5405652], [123.0171494, 10.5409769], [123.0179243, 10.5412768], [123.0191052, 10.5419791], [123.0193358, 10.5418809], [123.0201737, 10.5414409], [123.0206302, 10.5415123], [123.0216861, 10.5411317], [123.0217458, 10.5408055], [123.0216729, 10.5407123], [123.02162, 10.5404339], [123.0217654, 10.540367], [123.0225515, 10.5403751], [123.0232135, 10.5398688], [123.0239883, 10.5396112], [123.0246613, 10.5398097], [123.0252286, 10.5401225], [123.025263, 10.5407705], [123.0253138, 10.5418325], [123.025302, 10.5427371], [123.0253983, 10.5446871], [123.0262811, 10.5456421], [123.0273306, 10.5464539], [123.0283083, 10.5476773], [123.0299105, 10.548773], [123.0309611, 10.5492184], [123.0314104, 10.549307], [123.0330725, 10.5488307], [123.0344376, 10.5488041], [123.0348617, 10.5491657], [123.0355725, 10.5519153], [123.0358152, 10.552854], [123.0361517, 10.5544783], [123.0369403, 10.5553412], [123.038829, 10.5569912], [123.0393474, 10.5567896], [123.0398976, 10.5566079], [123.0402401, 10.5549567], [123.039967, 10.5535735], [123.0398639, 10.5530514], [123.0393223, 10.5507287], [123.0392301, 10.5501368], [123.0410135, 10.5493572], [123.0421992, 10.5495277], [123.0452063, 10.5503411], [123.0480347, 10.550984], [123.0503902, 10.55201], [123.0518274, 10.5527967], [123.0527625, 10.5538087], [123.0532351, 10.5540021], [123.0537726, 10.5538193], [123.0544226, 10.5535269], [123.0547668, 10.5531485], [123.0549924, 10.553123], [123.0557761, 10.5535192], [123.056457, 10.5535989], [123.0572262, 10.5548454], [123.0581461, 10.555899], [123.0586053, 10.5574022], [123.059752, 10.5599786], [123.0600004, 10.5604762], [123.0604691, 10.5608682], [123.0610841, 10.5609907], [123.0624162, 10.5607374], [123.0637305, 10.5601179], [123.0648458, 10.5593595], [123.0666868, 10.5576261], [123.0689005, 10.5556263], [123.0700741, 10.5550717], [123.0713774, 10.5546819], [123.0709918, 10.5539506], [123.0709269, 10.5534229], [123.0709387, 10.5528953], [123.0711746, 10.5523039], [123.0714518, 10.5519502], [123.0716406, 10.5516255], [123.0719709, 10.5514631], [123.0725548, 10.551208], [123.0728556, 10.5511442], [123.0731328, 10.551005], [123.0732272, 10.5508021], [123.0731682, 10.5505818], [123.0729323, 10.550373], [123.0726668, 10.5502049], [123.0724427, 10.5499961], [123.0723366, 10.5497758], [123.072313, 10.5495728], [123.072425, 10.5493119], [123.0726904, 10.549051], [123.073062, 10.5488075], [123.0732685, 10.5484712], [123.0734218, 10.5481406], [123.0735457, 10.5477348], [123.073758, 10.5474043], [123.0740234, 10.5469926], [123.0741001, 10.5465461], [123.074106, 10.5460416], [123.0741591, 10.5454038], [123.0743242, 10.5450443], [123.0748685, 10.5448472], [123.0751634, 10.544824], [123.0753345, 10.5449748], [123.0751735, 10.5453806], [123.0753564, 10.5455256], [123.0755982, 10.545543], [123.0758518, 10.5453342], [123.0764669, 10.54494], [123.0767323, 10.5445921], [123.07698, 10.5444645], [123.0771511, 10.5444297], [123.0773457, 10.5444123], [123.0775168, 10.5442268], [123.0777409, 10.5438673], [123.0777999, 10.5436527], [123.0777704, 10.5433396], [123.0777763, 10.5429685], [123.0778648, 10.5427772], [123.0780594, 10.5426496], [123.0782186, 10.5424525], [123.0782127, 10.5422785], [123.0781184, 10.5421509], [123.0778117, 10.542035], [123.0775934, 10.5420118], [123.0773811, 10.5419306], [123.0772691, 10.5417682], [123.0773398, 10.5415827], [123.0776878, 10.5413971], [123.0782599, 10.5412812], [123.0787613, 10.5411536], [123.0791918, 10.5409158], [123.0794454, 10.5406955], [123.0795103, 10.540394], [123.0793629, 10.5401098], [123.0791269, 10.5396518], [123.0790031, 10.5392981], [123.079009, 10.5390081], [123.0791093, 10.5387472], [123.0793688, 10.5385616], [123.0797285, 10.5385326], [123.0800706, 10.5386892], [123.0802771, 10.538695], [123.0806604, 10.5385268], [123.0808079, 10.5383877], [123.0807577, 10.5379249], [123.0808161, 10.5378675], [123.0812044, 10.5378671], [123.0816749, 10.5378078], [123.0824181, 10.5375701], [123.0830315, 10.537228], [123.083462, 10.5367989], [123.0837628, 10.5364046], [123.0841108, 10.5361784], [123.0844883, 10.5360102], [123.0846652, 10.5358363], [123.0848658, 10.5356681], [123.0852119, 10.5356341], [123.0854073, 10.535584], [123.0855798, 10.5355248], [123.085655, 10.5354022], [123.0856266, 10.5352332], [123.0854556, 10.5349201], [123.0853734, 10.5346581], [123.0853915, 10.5343732], [123.0854821, 10.5340646], [123.0855726, 10.5335899], [123.0855304, 10.5330618], [123.085464, 10.5328125], [123.0853251, 10.5326523], [123.0852708, 10.5324387], [123.0853372, 10.5322844], [123.0855183, 10.5320233], [123.0858985, 10.5318453], [123.0863694, 10.5316316], [123.0867617, 10.5313171], [123.0870514, 10.530967], [123.0872566, 10.5305397], [123.0873713, 10.5300531], [123.0873834, 10.5296674], [123.0872144, 10.5294597], [123.0870333, 10.5293113], [123.0870273, 10.5291036], [123.0871661, 10.5286645], [123.0877093, 10.5279643], [123.0883974, 10.5273055], [123.0888984, 10.5267833], [123.0892485, 10.5263323], [123.0893239, 10.5258843], [123.0892088, 10.5257394], [123.0889527, 10.5256974], [123.0887265, 10.5255296], [123.0886326, 10.5252652], [123.0888374, 10.5244805], [123.0891618, 10.5234315], [123.0894435, 10.5227475], [123.0895801, 10.5222859], [123.0895673, 10.5220383], [123.0893581, 10.5216187], [123.0891405, 10.52122], [123.0891319, 10.5209767], [123.0892514, 10.5206997], [123.0893368, 10.5204018], [123.0893368, 10.5201961], [123.0892258, 10.5200954], [123.0890892, 10.5201038], [123.0889271, 10.5201878], [123.0888033, 10.5201794], [123.0887137, 10.5201038], [123.0884533, 10.5199779], [123.0883295, 10.5198269], [123.088321, 10.5196213], [123.0884149, 10.5193275], [123.0884832, 10.5187736], [123.0883722, 10.5182994], [123.0881161, 10.5178588], [123.0880408, 10.5175303], [123.0879246, 10.5171875], [123.087938, 10.5168887], [123.0880542, 10.5165151], [123.088081, 10.5160273], [123.0880587, 10.5154297], [123.0879782, 10.5150957], [123.0878173, 10.5148715], [123.0877726, 10.5146562], [123.0878128, 10.5143222], [123.088005, 10.5139838], [123.0882151, 10.5137816], [123.0883849, 10.5133158], [123.0884207, 10.5131004], [123.0883984, 10.5129027], [123.0882911, 10.5128543], [123.0881033, 10.5128587], [123.087853, 10.5128543], [123.087643, 10.5127489], [123.0875223, 10.5125555], [123.087458, 10.5122686], [123.087445, 10.5119188], [123.0873092, 10.5116008], [123.0872057, 10.5114227], [123.0870634, 10.511092], [123.0868176, 10.5108566], [123.0864359, 10.5105831], [123.0862095, 10.5103605], [123.0861189, 10.510087], [123.0860672, 10.509699], [123.0861202, 10.5092225], [123.0860715, 10.5090147], [123.0859658, 10.5086549], [123.0859658, 10.5084071], [123.0860715, 10.5081433], [123.0879051, 10.5064589], [123.0872953, 10.5011824], [123.087466, 10.5009346], [123.0875679, 10.5006735], [123.0876003, 10.5005145], [123.0876003, 10.5003555], [123.0876585, 10.5001774], [123.0877944, 10.5000502], [123.0879108, 10.4999293], [123.0880596, 10.4998021], [123.088176, 10.4996725], [123.0881749, 10.4995404], [123.0881372, 10.4992742], [123.088136, 10.4991873], [123.0882203, 10.4990953], [123.0884122, 10.4988928], [123.0885573, 10.498658], [123.0887399, 10.4984555], [123.088768, 10.4982668], [123.0886977, 10.4980597], [123.0885573, 10.4977973], [123.0884075, 10.497627], [123.0882437, 10.4974935], [123.0881828, 10.4973509], [123.0881688, 10.4971713], [123.0882848, 10.4969787], [123.0885065, 10.4968095], [123.0888409, 10.4967607], [123.0890064, 10.4968681], [123.0892281, 10.4969397], [123.0894267, 10.4969527], [123.0899133, 10.4968681], [123.0902013, 10.4967118], [123.0905124, 10.4966142], [123.0907474, 10.4966435], [123.0910023, 10.4966175], [123.0914988, 10.4965491], [123.0919688, 10.4965719], [123.0922237, 10.4966467], [123.0923429, 10.496842], [123.0924554, 10.496982], [123.0926275, 10.4970536], [123.0928129, 10.4969755], [123.092899, 10.4968225], [123.0930181, 10.4967607], [123.0931538, 10.496803], [123.0934054, 10.4969917], [123.0936239, 10.4971838], [123.0937629, 10.4972651], [123.0939416, 10.4972586], [123.0941568, 10.497161], [123.0942131, 10.4969852], [123.0942594, 10.4968616], [123.0944315, 10.4967672], [123.0946202, 10.4967542], [123.0949446, 10.4968453], [123.0951035, 10.4969755], [123.0952789, 10.4972326], [123.0954311, 10.4973758], [123.0955867, 10.4974214], [123.0958283, 10.497366], [123.0959475, 10.4972586], [123.0960402, 10.4971154], [123.09607, 10.4969397], [123.0961858, 10.496829], [123.0963977, 10.4967574], [123.0965963, 10.4967314], [123.0967519, 10.4967411], [123.0969471, 10.4967672], [123.0971954, 10.4967021], [123.0973973, 10.4965817], [123.0976755, 10.4963971], [123.0979445, 10.4962857], [123.0982134, 10.4963553], [123.0986663, 10.4964669], [123.0988113, 10.4964648], [123.0990693, 10.496377], [123.0993428, 10.496166], [123.0999516, 10.495484], [123.1002489, 10.4949272], [123.1008576, 10.4940224], [123.1013814, 10.4934099], [123.1017189, 10.4927913], [123.1023144, 10.492248], [123.1026451, 10.4921808], [123.1029866, 10.492168], [123.1036801, 10.4916677], [123.1041671, 10.4916978], [123.1044471, 10.4916314], [123.1045861, 10.4914548], [123.1047758, 10.4910377], [123.1048832, 10.4907686], [123.1051267, 10.4905117], [123.105234, 10.4904115], [123.1053627, 10.4902374], [123.1054914, 10.4901161], [123.1056792, 10.4900211], [123.1058723, 10.4900159], [123.1061566, 10.490036], [123.1068755, 10.4900518], [123.107149, 10.4900043], [123.1073958, 10.4899252], [123.1076211, 10.4898408], [123.1078679, 10.4896614], [123.1080932, 10.4894716], [123.1084723, 10.4889658], [123.1085367, 10.4888656], [123.108703, 10.4887495], [123.1089122, 10.4886546], [123.1091268, 10.488644], [123.1093574, 10.4886177], [123.1095452, 10.4884541], [123.109631, 10.4882854], [123.1097849, 10.4880744], [123.1099083, 10.4879742], [123.109978, 10.4879214], [123.1100692, 10.4878318], [123.1101014, 10.4877315], [123.1101121, 10.487626], [123.1101765, 10.4874678], [123.1102731, 10.4873306], [123.1103589, 10.487241], [123.1104662, 10.4872041], [123.1107666, 10.4871566], [123.1115054, 10.4869373], [123.1118112, 10.4868213], [123.1119614, 10.4867053], [123.1121062, 10.4864626], [123.1121974, 10.4861989], [123.1125741, 10.4857611], [123.113309, 10.48526], [123.1138723, 10.4849699], [123.1142961, 10.48478], [123.1145679, 10.4846995], [123.1147193, 10.4847101], [123.1148708, 10.484679], [123.1150416, 10.4846118], [123.1151148, 10.4844848], [123.1151342, 10.4843578], [123.1151183, 10.4842378], [123.1151267, 10.4840599], [123.1151777, 10.4839498], [123.1152646, 10.4838632], [123.153262, 10.4600665], [123.1558602, 10.4584392], [123.1324518, 10.4113894], [123.0832176, 10.426865], [123.0559448, 10.4218687], [123.0556475, 10.421646], [123.055428, 10.4214023], [123.0550741, 10.4214441], [123.0548547, 10.4213675], [123.0546211, 10.4213396], [123.0544017, 10.4213814], [123.0541115, 10.4215276], [123.0540548, 10.4214789], [123.0537292, 10.4216738], [123.0532691, 10.4219453], [123.0523914, 10.4222168], [123.0520233, 10.422175], [123.0516623, 10.4222934], [123.0514641, 10.4224605], [123.0513226, 10.4223073], [123.0512376, 10.4221681], [123.0509757, 10.4221054], [123.0508837, 10.4219523], [123.0506643, 10.4218827], [123.0502891, 10.4219175], [123.050098, 10.4215067], [123.0500131, 10.4214789], [123.0497441, 10.4210681], [123.0496521, 10.4210542], [123.0494043, 10.4210751], [123.0492203, 10.4210751], [123.0490716, 10.4210055], [123.0489018, 10.4209985], [123.0487177, 10.4208384], [123.0486328, 10.4208175], [123.0483567, 10.4208802], [123.0481585, 10.4210055], [123.0479745, 10.420908], [123.0477692, 10.4208871], [123.0473162, 10.4205042], [123.0469906, 10.4205321], [123.0467287, 10.4206296], [123.046481, 10.4206504], [123.046187, 10.4205508], [123.0458158, 10.421187], [123.0455077, 10.4212719], [123.0452057, 10.4213446], [123.0449099, 10.4214658], [123.0446635, 10.4217082], [123.0444971, 10.4216658], [123.0442814, 10.4217688], [123.0442259, 10.4218052], [123.0441951, 10.4218961], [123.0440904, 10.421987], [123.0440164, 10.4220355], [123.0439548, 10.4221143], [123.0438315, 10.4222173], [123.0437206, 10.4222476], [123.0436282, 10.4223264], [123.0435481, 10.4224355], [123.0433016, 10.4224476], [123.0431784, 10.4224476], [123.0429689, 10.4224779], [123.0428086, 10.4223506], [123.0426608, 10.4223385], [123.0424882, 10.4221931], [123.0422664, 10.4221628], [123.0421616, 10.4220294], [123.0419768, 10.422084], [123.0418102, 10.4219749], [123.0416746, 10.4219082], [123.0414836, 10.4219325], [123.0412309, 10.4218719], [123.0410399, 10.4217264], [123.0408304, 10.421587], [123.038158, 10.4262487], [123.0352841, 10.427098], [123.0347467, 10.4288362], [122.999718, 10.4402416], [122.9950413, 10.437237], [122.9944324, 10.4371261], [122.9941969, 10.4372419], [122.9940386, 10.4372419], [122.9937332, 10.4372129], [122.993505, 10.4371768], [122.9933246, 10.4372419], [122.9930265, 10.4370863], [122.9926013, 10.4371406], [122.9923437, 10.4372817], [122.9914236, 10.4373288], [122.9911071, 10.4371659], [122.990553, 10.4371333], [122.9899973, 10.4373034], [122.9896513, 10.4374663], [122.989125, 10.4374518], [122.9888781, 10.4374511], [122.9886346, 10.4375583], [122.9883975, 10.4378355], [122.9881027, 10.4381569], [122.9878016, 10.4384342], [122.9875581, 10.438283], [122.987353, 10.4382326], [122.9868101, 10.4386366], [122.9866211, 10.4386902], [122.9863071, 10.4390494], [122.9862078, 10.4390872], [122.9858466, 10.4389862], [122.9853316, 10.4395349], [122.9846609, 10.4399825], [122.9845375, 10.4399297], [122.9843769, 10.4398902], [122.9841381, 10.4400194], [122.9840255, 10.4400933], [122.9839531, 10.44003], [122.9838297, 10.4400933], [122.9837358, 10.4402331], [122.9837224, 10.4404336], [122.9836661, 10.4405681], [122.9835641, 10.4406288], [122.9833228, 10.4405232], [122.9831028, 10.4403966], [122.9828319, 10.4403412], [122.9826763, 10.4403834], [122.9824644, 10.4405127], [122.9822955, 10.4404731], [122.9821506, 10.4404599], [122.9820138, 10.4402832], [122.9819065, 10.4401302], [122.9818288, 10.4400221], [122.9816464, 10.4400141], [122.9814425, 10.4400854], [122.9811823, 10.4401197], [122.9809409, 10.4402436], [122.9807612, 10.4403623], [122.980544, 10.4404494], [122.9798922, 10.4405021], [122.979632, 10.4406156], [122.9794416, 10.4407633], [122.9775694, 10.4412328], [122.9770088, 10.4414992], [122.9769498, 10.4415731], [122.9769337, 10.4416364], [122.9768935, 10.4417023], [122.9768238, 10.4417867], [122.9767943, 10.4418369], [122.9767272, 10.4419028], [122.9766521, 10.4419503], [122.9764902, 10.4419549], [122.9761227, 10.4418996], [122.9760637, 10.4419365], [122.9757043, 10.441794], [122.9754951, 10.4417993], [122.9754093, 10.4418679], [122.975302, 10.441889], [122.9752591, 10.4419259], [122.9751545, 10.4419972], [122.9750606, 10.4419945], [122.9749104, 10.4419655], [122.9748433, 10.4419259], [122.9747789, 10.4418864], [122.974559, 10.4417993], [122.9742666, 10.4417598], [122.9740977, 10.4417466], [122.9740172, 10.4417782], [122.9739206, 10.4417967], [122.9736336, 10.4417598], [122.9734486, 10.4417914], [122.9733815, 10.4417598], [122.9733976, 10.4416753], [122.9734325, 10.4416041], [122.9733922, 10.441496], [122.9733493, 10.4413562], [122.9732474, 10.4412823], [122.9730999, 10.4412427], [122.9729229, 10.4413034], [122.972711, 10.4415118], [122.9726332, 10.4416648], [122.9723059, 10.4418653], [122.9721772, 10.442013], [122.9720136, 10.442071], [122.9718205, 10.442042], [122.9716032, 10.441984], [122.971571, 10.4419945], [122.9713591, 10.4419681], [122.971107, 10.4420183], [122.9707127, 10.4420816], [122.9703131, 10.4420103], [122.9701012, 10.4419312], [122.969833, 10.4419418], [122.9696827, 10.4419892], [122.9694333, 10.4419154], [122.9692455, 10.4419207], [122.9690363, 10.4419497], [122.9687627, 10.4420605], [122.9685535, 10.442137], [122.9680868, 10.4421396], [122.968009, 10.4421607], [122.9679259, 10.4422425], [122.9678374, 10.4423242], [122.9677516, 10.4423823], [122.9676362, 10.442377], [122.9674726, 10.4423559], [122.9673653, 10.4423348], [122.9672205, 10.4423664], [122.9671481, 10.4424166], [122.966904, 10.4425775], [122.9665477, 10.4426751], [122.9662849, 10.4427621], [122.9662406, 10.4427594], [122.9661236, 10.4428144], [122.9659464, 10.4427849], [122.9657286, 10.4428259], [122.9656176, 10.4428808], [122.9655734, 10.443005], [122.965595, 10.4431207], [122.9657409, 10.4432797], [122.9658695, 10.443371], [122.9658664, 10.4435253], [122.9657506, 10.4436007], [122.9655075, 10.4436325], [122.9653156, 10.4436183], [122.96513, 10.443642], [122.9649573, 10.4436699], [122.964866, 10.4436271], [122.964746, 10.4435011], [122.9645847, 10.4434344], [122.9645, 10.4434177], [122.9643952, 10.4434519], [122.9643504, 10.4435408], [122.9643635, 10.4436467], [122.9644053, 10.4437653], [122.9645751, 10.4441056], [122.9646457, 10.4442028], [122.9645935, 10.4444044], [122.9644397, 10.4444864], [122.9641354, 10.4444958], [122.9640232, 10.4445746], [122.9635939, 10.4448708], [122.9633216, 10.4448613], [122.9632483, 10.4448053], [122.9630322, 10.4445737], [122.9627675, 10.4444591], [122.9625903, 10.4445069], [122.9624859, 10.4444519], [122.9622746, 10.444483], [122.9620342, 10.4444066], [122.9618958, 10.444311], [122.9617429, 10.4443325], [122.9616117, 10.4444042], [122.961568, 10.4445188], [122.9615705, 10.4446477], [122.9615292, 10.44476], [122.9613811, 10.4448674], [122.9611034, 10.444957], [122.960948, 10.4449928], [122.9608169, 10.445], [122.9605668, 10.445105], [122.96029, 10.4452005], [122.9600885, 10.4452579], [122.9598109, 10.4452961], [122.9596312, 10.4452865], [122.9595487, 10.4454059], [122.9594661, 10.4455444], [122.9593496, 10.4456304], [122.9592379, 10.4455038], [122.959097, 10.4454202], [122.9589951, 10.4452821], [122.9589052, 10.4452941], [122.9587401, 10.4452535], [122.9585434, 10.4452678], [122.9583856, 10.4452583], [122.9582642, 10.4451317], [122.9582011, 10.4450195], [122.9581695, 10.4448643], [122.958075, 10.4447322], [122.9580385, 10.4444814], [122.9579511, 10.4443644], [122.9578103, 10.4442617], [122.9576088, 10.4442832], [122.9574364, 10.4442785], [122.9572178, 10.4444122], [122.9571183, 10.4445268], [122.9569337, 10.4445937], [122.9568395, 10.4444958], [122.9567836, 10.4443525], [122.9568759, 10.444214], [122.9569148, 10.4441018], [122.9568225, 10.444023], [122.9566185, 10.4440206], [122.9564534, 10.4439967], [122.9562762, 10.4440421], [122.9562082, 10.4441113], [122.9560649, 10.444214], [122.9559135, 10.4442641], [122.9558334, 10.4442546], [122.9557581, 10.4441949], [122.9556901, 10.4441065], [122.9556464, 10.4441065], [122.9555639, 10.4441041], [122.9554619, 10.4439776], [122.9552304, 10.4440206], [122.9550896, 10.4440612], [122.9548637, 10.4439036], [122.9547933, 10.443808], [122.9547782, 10.4436146], [122.9547345, 10.4434737], [122.9546519, 10.4434093], [122.9541348, 10.4436385], [122.9539697, 10.4437674], [122.9538628, 10.4437388], [122.9535812, 10.4438057], [122.9535253, 10.443734], [122.9533408, 10.4437674], [122.9532606, 10.4437006], [122.9532242, 10.4434976], [122.9531198, 10.4434308], [122.9530154, 10.4434379], [122.9529523, 10.4434355], [122.9529061, 10.4435788], [122.9528479, 10.4436098], [122.9526585, 10.4436409], [122.9525298, 10.4436815], [122.9522991, 10.4438224], [122.9521704, 10.4439203], [122.9521316, 10.4440253], [122.9521704, 10.4441447], [122.952219, 10.4442498], [122.9521656, 10.4444026], [122.952049, 10.4445005], [122.9519519, 10.444534], [122.9518986, 10.4445268], [122.9518282, 10.4443382], [122.9517262, 10.4440731], [122.9516461, 10.4439728], [122.9515466, 10.4439513], [122.9514421, 10.4440086], [122.9514106, 10.4439991], [122.9512285, 10.4441614], [122.9510367, 10.4443931], [122.950942, 10.4447895], [122.9509274, 10.4448659], [122.950978, 10.444949], [122.9509319, 10.4450063], [122.9508444, 10.445066], [122.9507765, 10.4450684], [122.9506963, 10.4449443], [122.9505871, 10.4449347], [122.9505166, 10.4449944], [122.9504729, 10.4450804], [122.9504122, 10.4451448], [122.9502034, 10.4452308], [122.9501694, 10.4453311], [122.9501986, 10.4454457], [122.9502568, 10.4455054], [122.9503807, 10.4454935], [122.9504608, 10.4455603], [122.9505166, 10.4456582], [122.9505264, 10.4457394], [122.9504462, 10.4458063], [122.950371, 10.4458564], [122.9503127, 10.4458493], [122.9502301, 10.4458827], [122.9501767, 10.4458755], [122.9501209, 10.4458349], [122.9500262, 10.4457537], [122.9499096, 10.4458015], [122.9498149, 10.4457728], [122.9497397, 10.4457872], [122.9497372, 10.4458707], [122.9497931, 10.445897], [122.9497979, 10.4459495], [122.9497688, 10.4459949], [122.949645, 10.4460355], [122.9495551, 10.4460069], [122.9494604, 10.4458851], [122.949356, 10.4458994], [122.9492589, 10.4458731], [122.9491326, 10.4459304], [122.9490428, 10.445909], [122.9489699, 10.4458302], [122.948907, 10.4456773], [122.9488705, 10.4455818], [122.948788, 10.445503], [122.9486884, 10.4454982], [122.9485986, 10.4455627], [122.9484893, 10.4455842], [122.9483266, 10.445546], [122.9482781, 10.4454338], [122.9481567, 10.4453741], [122.9480693, 10.4454171], [122.948028, 10.4455341], [122.9479187, 10.4456582], [122.9477605, 10.4457466], [122.947576, 10.4458469], [122.9473348, 10.44578], [122.9472183, 10.4455126], [122.9470896, 10.4454696], [122.9468759, 10.4451878], [122.9466822, 10.4451711], [122.9465244, 10.4452738], [122.9465098, 10.4453836], [122.9465122, 10.4454744], [122.9464564, 10.4455317], [122.9463617, 10.4455723], [122.945944, 10.4455364], [122.9457425, 10.4454457], [122.9455337, 10.4455221], [122.9454293, 10.4455985], [122.945422, 10.4456964], [122.9453856, 10.4458445], [122.945218, 10.4459209], [122.9451549, 10.4460451], [122.9450748, 10.4460618], [122.9449566, 10.4459629], [122.9448477, 10.4460007], [122.9447452, 10.4461015], [122.9448156, 10.446215], [122.9448285, 10.4462969], [122.9447259, 10.4463536], [122.9444312, 10.4463977], [122.9444119, 10.446549], [122.9442966, 10.4467569], [122.9443351, 10.4471287], [122.9443479, 10.4474879], [122.9444055, 10.4476265], [122.9444055, 10.4478156], [122.944303, 10.447866], [122.9440211, 10.4477463], [122.9437327, 10.4476958], [122.9436366, 10.4476139], [122.9434636, 10.4475131], [122.9432585, 10.4470972], [122.943297, 10.4469586], [122.9433098, 10.4467758], [122.9432457, 10.4465364], [122.9430474, 10.4463931], [122.9428423, 10.4464987], [122.9427082, 10.4465303], [122.9426266, 10.4464901], [122.94258, 10.4463869], [122.9425508, 10.4462379], [122.942478, 10.4460602], [122.9423089, 10.445742], [122.9422098, 10.4455499], [122.9421165, 10.4454295], [122.9419679, 10.4453665], [122.9418046, 10.4453321], [122.9416298, 10.4453435], [122.9414986, 10.4454123], [122.9414374, 10.4455184], [122.9414374, 10.4456732], [122.9413936, 10.4458308], [122.941312, 10.4459942], [122.9411605, 10.4461404], [122.9410089, 10.4462637], [122.9408661, 10.4463267], [122.9407582, 10.4463411], [122.940627, 10.446407], [122.9404259, 10.4464156], [122.9401315, 10.4463439], [122.9399304, 10.4463353], [122.9397642, 10.4463611], [122.9396389, 10.4464127], [122.9394553, 10.446493], [122.9393678, 10.4465131], [122.93926, 10.4465331], [122.9391317, 10.4466392], [122.939021, 10.4468227], [122.9389452, 10.4470061], [122.9389189, 10.4472612], [122.9388956, 10.4476396], [122.938881, 10.4478374], [122.9388111, 10.4480381], [122.9387091, 10.4482875], [122.9385662, 10.4485139], [122.9384467, 10.4486744], [122.9383243, 10.4488579], [122.9381669, 10.4490327], [122.9380445, 10.4491531], [122.9379454, 10.4492019], [122.9377588, 10.4492535], [122.937651, 10.4493251], [122.937479, 10.4495373], [122.9372866, 10.4497809], [122.937103, 10.4500561], [122.9368815, 10.4504689], [122.9366745, 10.4506839], [122.9364763, 10.450939], [122.9362723, 10.4512715], [122.9361761, 10.4515897], [122.9360915, 10.4518247], [122.9360332, 10.4520569], [122.935972, 10.4523779], [122.9359516, 10.4525643], [122.9359924, 10.452742], [122.9360332, 10.4529254], [122.9360303, 10.4530946], [122.9359808, 10.4532924], [122.9359458, 10.4535188], [122.9358992, 10.4537051], [122.9357855, 10.4538255], [122.9356805, 10.4538943], [122.9355231, 10.4539], [122.9353978, 10.4539201], [122.935255, 10.4540061], [122.9350684, 10.4541752], [122.9348994, 10.4543357], [122.9347099, 10.4545479], [122.9345991, 10.4547485], [122.9345, 10.454975], [122.9344971, 10.4550782], [122.9345583, 10.4551986], [122.9346312, 10.4553419], [122.934739, 10.4555311], [122.9347944, 10.4556543], [122.9348119, 10.4558005], [122.9347973, 10.4559295], [122.9347449, 10.4560126], [122.9346312, 10.4560986], [122.9344767, 10.4562161], [122.9343193, 10.4563853], [122.9341328, 10.4565486], [122.9340191, 10.4566174], [122.9339141, 10.4566404], [122.9336606, 10.4566662], [122.933439, 10.4566547], [122.9332146, 10.4566891], [122.9329843, 10.4567178], [122.9328036, 10.4566948], [122.9326083, 10.456735], [122.9324392, 10.4568066], [122.932311, 10.4569242], [122.9322177, 10.4570646], [122.9322294, 10.4572309], [122.9322847, 10.4573799], [122.9323809, 10.4574946], [122.9325004, 10.4576207], [122.9326374, 10.4578242], [122.9326928, 10.4579274], [122.9326957, 10.4580593], [122.9326345, 10.4582398], [122.9325361, 10.4584161], [122.9324954, 10.45852], [122.9325645, 10.458664], [122.932593, 10.4588559], [122.9325767, 10.4591397], [122.9325605, 10.4594715], [122.9325401, 10.4597474], [122.9324873, 10.4599233], [122.93241, 10.4601112], [122.9322799, 10.4602591], [122.9321173, 10.460495], [122.9319872, 10.4607589], [122.9318246, 10.4609987], [122.9316742, 10.4611986], [122.9315766, 10.4612786], [122.9314506, 10.4613426], [122.9312961, 10.4615225], [122.9311416, 10.4617663], [122.930979, 10.4621142], [122.9309018, 10.46245], [122.9307961, 10.4628338], [122.9307269, 10.4629737], [122.9305887, 10.4630337], [122.9304342, 10.4630337], [122.9302553, 10.4629737], [122.9300358, 10.4629137], [122.9298691, 10.4629137], [122.9296496, 10.4629697], [122.9294138, 10.4631056], [122.9292186, 10.4632376], [122.9291048, 10.4634015], [122.9290072, 10.4636214], [122.9289422, 10.4638932], [122.928869, 10.464221], [122.9286983, 10.4644729], [122.9284584, 10.4647008], [122.9281494, 10.4650086], [122.9279462, 10.4651565], [122.9277795, 10.4651925], [122.9276738, 10.4652005], [122.9275721, 10.4651445], [122.9274827, 10.4650166], [122.9273201, 10.4647967], [122.9271778, 10.4646048], [122.9270802, 10.4645568], [122.9268932, 10.4645728], [122.9267387, 10.4645688], [122.9264989, 10.4644769], [122.9262874, 10.4643889], [122.9260964, 10.4643889], [122.9258931, 10.4645329], [122.9256166, 10.4647527], [122.925454, 10.4648127], [122.9252955, 10.4648127], [122.9250719, 10.4647368], [122.9246775, 10.4645169], [122.924332, 10.464353], [122.9241246, 10.4641731], [122.9238644, 10.4640651], [122.9237303, 10.4640811], [122.923588, 10.464185], [122.9234863, 10.4643769], [122.9234538, 10.4646528], [122.9233725, 10.4648487], [122.923214, 10.4649766], [122.9230269, 10.4650246], [122.9226732, 10.4649886], [122.9222504, 10.4648727], [122.9219008, 10.4647527], [122.9216691, 10.4647088], [122.9215105, 10.4646488], [122.9214008, 10.4645489], [122.9213479, 10.4644009], [122.9213154, 10.464209], [122.9212341, 10.4639732], [122.9210958, 10.4637653], [122.920856, 10.4635574], [122.9205023, 10.4634015], [122.9202868, 10.4633575], [122.9200876, 10.4633895], [122.9199087, 10.4635134], [122.919677, 10.4637733], [122.9193843, 10.4640531], [122.9191444, 10.464233], [122.9187948, 10.4644929], [122.9185956, 10.4645888], [122.918437, 10.4646128], [122.9182907, 10.4645369], [122.9181037, 10.4644569], [122.9179817, 10.464317], [122.9179085, 10.464245], [122.9177866, 10.464249], [122.9176239, 10.464205], [122.9174125, 10.4640971], [122.9172906, 10.4639212], [122.9172052, 10.4636933], [122.9171279, 10.4634974], [122.9170507, 10.4634215], [122.9169003, 10.4634055], [122.9167661, 10.4634374], [122.9166238, 10.4635374], [122.9164246, 10.4637173], [122.9161482, 10.4641571], [122.9159368, 10.4645089], [122.9158107, 10.4647288], [122.915579, 10.4650046], [122.9153391, 10.4651925], [122.9151765, 10.4652685], [122.9150627, 10.4652965], [122.9148757, 10.4652925], [122.9146196, 10.4652605], [122.9144447, 10.4652725], [122.9142171, 10.4653364], [122.9140666, 10.4654444], [122.9140016, 10.4656083], [122.9139894, 10.4658801], [122.9139447, 10.466128], [122.9138268, 10.466208], [122.9136276, 10.466216], [122.9134894, 10.4662719], [122.9133836, 10.4662319], [122.9132292, 10.466188], [122.9131072, 10.466188], [122.9130137, 10.4662759], [122.9129364, 10.4663039], [122.9127738, 10.4662439], [122.9126397, 10.466168], [122.9124364, 10.46606], [122.9122494, 10.4659881], [122.9121152, 10.4659921], [122.9118835, 10.466036], [122.9116518, 10.466072], [122.911542, 10.4660201], [122.9114607, 10.4659001], [122.9113306, 10.4656323], [122.9111273, 10.4654404], [122.9109688, 10.4653844], [122.910798, 10.4654604], [122.9105866, 10.4655443], [122.9104118, 10.4655643], [122.9101841, 10.4655043], [122.9099524, 10.4655003], [122.9096759, 10.4655043], [122.9095296, 10.4654883], [122.9092653, 10.4653844], [122.9090011, 10.4652405], [122.9088507, 10.4650966], [122.9087165, 10.4649406], [122.9085783, 10.4647927], [122.9083709, 10.4647368], [122.9081229, 10.4647248], [122.9078546, 10.4646648], [122.9076432, 10.4645848], [122.9075416, 10.4645209], [122.9074562, 10.4643729], [122.9073342, 10.464285], [122.9072041, 10.464257], [122.9071025, 10.464313], [122.907009, 10.464289], [122.9067244, 10.4640851], [122.9063626, 10.4638572], [122.9061309, 10.4637213], [122.906013, 10.4635694], [122.9059357, 10.4633895], [122.9058585, 10.4631696], [122.9057324, 10.4630457], [122.9055536, 10.4629857], [122.9053503, 10.4630177], [122.9049925, 10.4631456], [122.9047323, 10.4632296], [122.9045616, 10.4632336], [122.904399, 10.4632016], [122.904342, 10.4630696], [122.9043664, 10.4629337], [122.9045047, 10.4626898], [122.9047974, 10.4621421], [122.9049356, 10.4617663], [122.9050657, 10.4616184], [122.9051348, 10.4614665], [122.9051145, 10.4613346], [122.9049681, 10.4612386], [122.9047201, 10.4612186], [122.9044437, 10.4612466], [122.9041591, 10.4613066], [122.9038501, 10.4614065], [122.9036184, 10.4614705], [122.9035168, 10.4614625], [122.9034213, 10.4613772], [122.9033904, 10.4611854], [122.9033638, 10.4608671], [122.9033198, 10.460717], [122.9032493, 10.4605869], [122.9031503, 10.4605185], [122.9030376, 10.4605062], [122.902887, 10.4605067], [122.9027302, 10.4605199], [122.9025708, 10.4605219], [122.9024135, 10.4604948], [122.902287, 10.4605102], [122.9022066, 10.4605755], [122.9021548, 10.4606469], [122.9020767, 10.4607975], [122.9019965, 10.4609112], [122.9018784, 10.4610147], [122.9017286, 10.461054], [122.9015767, 10.4610311], [122.9013694, 10.4609771], [122.9012805, 10.4609758], [122.901212, 10.4609973], [122.9011223, 10.4610797], [122.9010063, 10.461188], [122.9009067, 10.4612386], [122.900797, 10.4612306], [122.9006669, 10.4611786], [122.9006064, 10.4610566], [122.900633, 10.4608713], [122.9006574, 10.4607394], [122.9006292, 10.4605932], [122.9004883, 10.4604598], [122.9003344, 10.4603667], [122.900178, 10.4602939], [122.9000176, 10.4601564], [122.8999331, 10.4600363], [122.8998532, 10.4599562], [122.8997658, 10.4598672], [122.8996658, 10.4598424], [122.8995355, 10.4599142], [122.8994658, 10.4600041], [122.8993687, 10.460177], [122.899257, 10.4604054], [122.8991202, 10.4606447], [122.8990161, 10.4608026], [122.8989183, 10.460953], [122.8987903, 10.4610149], [122.898683, 10.4610032], [122.8986302, 10.4609386], [122.8985181, 10.4608472], [122.8983821, 10.4607948], [122.8981259, 10.4508628], [122.8961609, 10.4522752], [122.8940076, 10.4542721], [122.8620042, 10.4796473], [122.8558225, 10.4854778], [122.8465693, 10.4941354], [122.847056, 10.4945043], [122.8467817, 10.4948048], [122.8466791, 10.4951634], [122.8460218, 10.4949465], [122.845528, 10.4950614], [122.8440266, 10.4963607], [122.8317311, 10.5078977], [122.8317567, 10.5079533], [122.8319506, 10.508445], [122.8323265, 10.5093891], [122.8324037, 10.5095789], [122.8327234, 10.5103294], [122.8335802, 10.5124682], [122.8337673, 10.5129281], [122.8343725, 10.5142552], [122.8350633, 10.5156477], [122.8351184, 10.5157588], [122.8349309, 10.5158594], [122.8345124, 10.5160941]]]}}, {"type": "Feature", "properties": {"name": "Talisay", "osm_id": 11347735, "admin_level": "6", "region": "bacolod", "franchise": "CENECO"}, "geometry": {"type": "Polygon", "coordinates": [[[123.2357928, 10.6371665], [123.1364471, 10.6567511], [123.1366069, 10.6570525], [123.1371035, 10.6572938], [123.1376034, 10.6573969], [123.1377791, 10.6578095], [123.1376283, 10.6587104], [123.1381001, 10.6588013], [123.1383563, 10.6591073], [123.1393546, 10.6595498], [123.1394029, 10.6597897], [123.1391052, 10.6601508], [123.1388289, 10.6603933], [123.1383729, 10.6606885], [123.1382073, 10.6608598], [123.1382018, 10.6609683], [123.1381931, 10.661021], [123.1380507, 10.6610825], [123.1378341, 10.6611694], [123.1374268, 10.6613859], [123.1363056, 10.661971], [123.1359621, 10.6621401], [123.135758, 10.6622106], [123.1356029, 10.6622373], [123.1355663, 10.6622449], [123.1354087, 10.6623198], [123.1353167, 10.6625042], [123.1352848, 10.6626607], [123.1353167, 10.6627998], [123.1354123, 10.6628833], [123.1355927, 10.6630607], [123.1355326, 10.6631685], [123.1354052, 10.6632728], [123.1353415, 10.6633632], [123.1352247, 10.6635128], [123.1350689, 10.6636589], [123.1348849, 10.6637493], [123.1346726, 10.6637702], [123.1345805, 10.6638119], [123.1333739, 10.6643162], [123.1331531, 10.664438], [123.1326223, 10.664598], [123.1322577, 10.6645527], [123.1321197, 10.6646188], [123.1318613, 10.6645319], [123.1315923, 10.6645667], [123.1312915, 10.6647093], [123.1310508, 10.6646084], [123.1309022, 10.6646501], [123.1307288, 10.6645423], [123.1306403, 10.664671], [123.1304492, 10.6647649], [123.1303395, 10.6647823], [123.130027, 10.6648727], [123.1298606, 10.6647788], [123.1297049, 10.6647788], [123.1296695, 10.6650188], [123.1293404, 10.6649632], [123.1289794, 10.6651266], [123.1285724, 10.665071], [123.128084, 10.6651614], [123.1276026, 10.6644449], [123.1271638, 10.6644345], [123.1267203, 10.6647197], [123.1266302, 10.6647224], [123.12562, 10.6647525], [123.1255524, 10.6647545], [123.1252055, 10.6644832], [123.1251243, 10.6644834], [123.1250901, 10.6644835], [123.1238808, 10.6644864], [123.1237894, 10.6646102], [123.1235698, 10.6647061], [123.1231682, 10.6646342], [123.1223409, 10.664806], [123.1210279, 10.664907], [123.1195914, 10.6652819], [123.1193989, 10.6653685], [123.1187341, 10.6654791], [123.1177752, 10.6655845], [123.1165481, 10.6657796], [123.1153837, 10.6660395], [123.1008836, 10.6686399], [123.0790043, 10.6697094], [123.076316, 10.6702529], [123.0746488, 10.6706214], [123.0675124, 10.6745525], [123.0672593, 10.6744204], [123.0666582, 10.6747857], [123.0662375, 10.6751102], [123.0661172, 10.6755276], [123.064291, 10.6763414], [123.0640645, 10.6766405], [123.0636405, 10.6769868], [123.063039, 10.6774316], [123.0608509, 10.677983], [123.060314, 10.6778791], [123.0597854, 10.6781028], [123.0590373, 10.6784584], [123.0587242, 10.6785403], [123.0584539, 10.6790726], [123.0579609, 10.6792469], [123.0578008, 10.6791516], [123.0576705, 10.6792058], [123.0576131, 10.6795501], [123.0572694, 10.679764], [123.0570639, 10.6798396], [123.0568497, 10.6799905], [123.0567762, 10.6801702], [123.056582, 10.6802097], [123.0563929, 10.680179], [123.0561302, 10.680228], [123.0559312, 10.6801483], [123.0557442, 10.680404], [123.0556466, 10.6806277], [123.0555003, 10.6807955], [123.0553621, 10.6807955], [123.0552401, 10.6810272], [123.0550287, 10.6810751], [123.0547766, 10.6810032], [123.0546628, 10.6811311], [123.0546791, 10.6813388], [123.054801, 10.6818741], [123.0545408, 10.6821618], [123.0541018, 10.6823376], [123.0539147, 10.6823136], [123.0537277, 10.6823535], [123.0535163, 10.6823615], [123.0533015, 10.6824543], [123.0532431, 10.6825162], [123.0532361, 10.6826447], [123.0533015, 10.6827893], [123.0531917, 10.6829109], [123.0530703, 10.682904], [123.0528999, 10.6828994], [123.0527995, 10.6831289], [123.0527154, 10.6831702], [123.0526127, 10.6832551], [123.0524842, 10.6832918], [123.0522601, 10.6830738], [123.0521013, 10.6829958], [123.0519915, 10.6830417], [123.0519238, 10.683138], [123.0519238, 10.6833285], [123.0519104, 10.6836788], [123.0517727, 10.6837844], [123.0516092, 10.6838624], [123.0514808, 10.683922], [123.0514598, 10.683984], [123.0514761, 10.6840712], [123.0514364, 10.6841423], [123.0513033, 10.6842708], [123.0512496, 10.6844131], [123.0511726, 10.6844865], [123.0510255, 10.6844406], [123.0509204, 10.6843029], [123.0509321, 10.6841675], [123.0507873, 10.6841744], [123.0506612, 10.6843832], [123.05043, 10.6845347], [123.0502993, 10.6845484], [123.0499957, 10.6848602], [123.0499584, 10.6849749], [123.0498416, 10.6850805], [123.0497179, 10.6851057], [123.0495498, 10.6850621], [123.0492976, 10.6850529], [123.0489637, 10.6851745], [123.0486971, 10.685315], [123.0484593, 10.6852241], [123.0482347, 10.6850943], [123.0479837, 10.6850554], [123.0477327, 10.6850943], [123.0474685, 10.6850943], [123.0472043, 10.6850684], [123.0470326, 10.6848607], [123.0467816, 10.6847828], [123.046557, 10.6848866], [123.046306, 10.6849645], [123.0460682, 10.6848736], [123.0455134, 10.6848736], [123.0451567, 10.6848736], [123.0446547, 10.6846789], [123.0443773, 10.6846659], [123.0441263, 10.6846789], [123.0438885, 10.6847828], [123.0436507, 10.6848607], [123.0433865, 10.6847828], [123.0431223, 10.6846659], [123.042858, 10.684588], [123.0426467, 10.6844453], [123.0425674, 10.6841986], [123.0425014, 10.683939], [123.0422504, 10.6838741], [123.0419994, 10.6838741], [123.0414974, 10.6839649], [123.0412596, 10.6838351], [123.0412596, 10.6835755], [123.041286, 10.6833159], [123.0412067, 10.6830692], [123.0410086, 10.6828875], [123.0409425, 10.6826278], [123.0409425, 10.6823682], [123.0407576, 10.6821865], [123.0404802, 10.6821735], [123.0402424, 10.6822773], [123.0400838, 10.682498], [123.0398593, 10.6826408], [123.0395818, 10.6825499], [123.0394762, 10.6823033], [123.0392912, 10.6821086], [123.039027, 10.6819917], [123.0387628, 10.6819398], [123.038525, 10.6820307], [123.038274, 10.6820696], [123.0380098, 10.6821475], [123.0377324, 10.6821735], [123.0374814, 10.6822124], [123.0372172, 10.6822773], [123.0370058, 10.6821216], [123.0367284, 10.6820696], [123.0364906, 10.6819528], [123.0363585, 10.6817321], [123.036266, 10.6814855], [123.0360943, 10.6812778], [123.0355923, 10.6811869], [123.0353281, 10.6811869], [123.0350771, 10.6812388], [123.0345486, 10.6814206], [123.0340863, 10.6816412], [123.0334125, 10.6819917], [123.0331615, 10.6820826], [123.0328841, 10.6821345], [123.0326331, 10.6821475], [123.0323689, 10.6820567], [123.0321179, 10.6820047], [123.0318669, 10.6819139], [123.0313649, 10.6816672], [123.0311535, 10.6814855], [123.0309554, 10.6813037], [123.0304402, 10.6813167], [123.0301892, 10.6813556], [123.0298274, 10.6815693], [123.0296462, 10.6815604], [123.0294832, 10.6814713], [123.029302, 10.6814535], [123.0291299, 10.6814713], [123.0285955, 10.6814891], [123.0284234, 10.6815159], [123.0282422, 10.6815248], [123.0280611, 10.6815693], [123.027898, 10.6816316], [123.0277259, 10.6817117], [123.027273, 10.6819787], [123.0269922, 10.6822458], [123.0268291, 10.6825662], [123.0267295, 10.6827264], [123.0265755, 10.6828065], [123.0263944, 10.6828065], [123.0262313, 10.6827442], [123.0260683, 10.6826107], [123.0260954, 10.6822725], [123.0259777, 10.6819253], [123.0258056, 10.6819164], [123.0256335, 10.6819698], [123.0254795, 10.6820766], [123.025398, 10.6822279], [123.0252893, 10.682584], [123.025253, 10.6828065], [123.025244, 10.6829846], [123.0251534, 10.6831448], [123.0249994, 10.6832338], [123.0248092, 10.6832516], [123.0244468, 10.6832427], [123.0242747, 10.6831893], [123.0241117, 10.6831092], [123.0239577, 10.6830024], [123.0238128, 10.6828777], [123.0236497, 10.6827976], [123.0233689, 10.6826819], [123.0231968, 10.6826641], [123.0230247, 10.6826107], [123.0228707, 10.682495], [123.0227892, 10.6823259], [123.022762, 10.6821478], [123.0226533, 10.6819965], [123.0221189, 10.6819965], [123.0219558, 10.6820677], [123.02182, 10.6821834], [123.0214848, 10.6825128], [123.0214124, 10.6826641], [123.0212946, 10.6827887], [123.0211768, 10.6829222], [123.0210047, 10.6829757], [123.0206696, 10.6831003], [123.0202982, 10.6831003], [123.0199359, 10.6830113], [123.0197004, 10.6829133], [123.0195101, 10.6828154], [123.0191659, 10.6826997], [123.0189848, 10.6827264], [123.0188308, 10.6828065], [123.018713, 10.6829489], [123.0186224, 10.6831092], [123.0185137, 10.6832516], [123.0183507, 10.6833139], [123.0181786, 10.6832427], [123.0180065, 10.683127], [123.017925, 10.6829578], [123.0178163, 10.6828065], [123.0176713, 10.6826997], [123.0174992, 10.6826285], [123.0173271, 10.6826196], [123.017146, 10.6826374], [123.0169648, 10.682673], [123.0168108, 10.6827709], [123.0166387, 10.6828065], [123.0164575, 10.6827976], [123.0162854, 10.6827709], [123.0159231, 10.6827442], [123.0155698, 10.6826997], [123.0153796, 10.6826463], [123.0150173, 10.6826107], [123.0148542, 10.6825484], [123.0147002, 10.6824683], [123.0145553, 10.6823615], [123.0143832, 10.6822903], [123.014202, 10.6822547], [123.0138578, 10.6820944], [123.0137038, 10.6822012], [123.0136042, 10.6823526], [123.0135317, 10.6825128], [123.0134955, 10.6826908], [123.0134774, 10.6831003], [123.0134593, 10.6832783], [123.013414, 10.6834563], [123.0132781, 10.6835631], [123.0130969, 10.6835453], [123.0127618, 10.6834207], [123.0125897, 10.6833851], [123.0124176, 10.6833762], [123.0122455, 10.6834207], [123.0121549, 10.6835631], [123.0121005, 10.6837412], [123.0120915, 10.6839281], [123.0120462, 10.6841061], [123.0119194, 10.6842307], [123.0116978, 10.6843485], [123.0111132, 10.6846224], [123.0104429, 10.6849072], [123.010334, 10.6849764], [123.0101162, 10.6851527], [123.0098216, 10.685417], [123.0097191, 10.6854925], [123.0096038, 10.6855492], [123.0094757, 10.6855492], [123.0093476, 10.6855366], [123.0092195, 10.68548], [123.0091555, 10.685373], [123.0090978, 10.6852534], [123.0090594, 10.6851275], [123.009021, 10.6850016], [123.0089953, 10.6847499], [123.0089313, 10.6846366], [123.0088012, 10.6845826], [123.0081735, 10.6850192], [123.0074778, 10.6857272], [123.0071367, 10.6862727], [123.0064785, 10.6870754], [123.0062644, 10.6871689], [123.0059234, 10.6872078], [123.0055665, 10.6873793], [123.0053366, 10.68773], [123.0046704, 10.6886573], [123.0040819, 10.6892005], [123.0035205, 10.6894366], [123.0031925, 10.6897237], [123.0029526, 10.6904142], [123.0029257, 10.6910341], [123.0028575, 10.6914449], [123.0029683, 10.6919117], [123.0031772, 10.6921391], [123.0031811, 10.6924051], [123.002937, 10.6926952], [123.0029122, 10.6928678], [123.0033853, 10.6933161], [123.0033772, 10.6935208], [123.0030759, 10.6941035], [123.0026691, 10.6942666], [123.0024396, 10.6942234], [123.0020717, 10.6939406], [123.0018155, 10.6940031], [123.0013862, 10.6940618], [123.0010404, 10.6942632], [123.0009209, 10.6945071], [123.0009425, 10.6948311], [123.0010218, 10.6953389], [123.001334, 10.695733], [123.0015198, 10.6960608], [123.00176, 10.696372], [123.0020931, 10.6967382], [123.0023944, 10.6969409], [123.00232, 10.6972008], [123.0021792, 10.6974006], [123.0020296, 10.6975487], [123.0016886, 10.6977357], [123.0013, 10.6978526], [122.9995421, 10.6988527], [122.9993121, 10.6991488], [122.9992963, 10.6997254], [122.9993102, 10.699907], [122.9823242, 10.7057029], [122.9810313, 10.7061431], [122.9724736, 10.7090569], [122.9686668, 10.7102625], [122.9618242, 10.7126603], [122.9617091, 10.7126987], [122.9616576, 10.7127124], [122.9586407, 10.7134628], [122.9539622, 10.7146548], [122.949635, 10.7159708], [122.9494325, 10.7160019], [122.9489968, 10.7160594], [122.9489128, 10.7160705], [122.837746, 10.7305943], [122.8626229, 10.7765345], [122.8697792, 10.7763252], [122.8788104, 10.7777886], [122.8869897, 10.7806199], [122.8970663, 10.7822559], [122.9083101, 10.7838488], [122.9168628, 10.783632], [122.9192231, 10.7832948], [122.9253118, 10.7801329], [122.9312127, 10.7775824], [122.9374354, 10.7768867], [122.9636688, 10.7757796], [122.9660476, 10.7746071], [122.9661327, 10.7745658], [122.9661923, 10.7745296], [122.9662092, 10.7745193], [122.9664131, 10.7743935], [122.9684413, 10.7729617], [122.9695195, 10.7726508], [122.9710057, 10.7721218], [122.977498, 10.7698108], [122.9839048, 10.7666369], [122.9870254, 10.7647395], [122.9930636, 10.7598155], [123.0013715, 10.7575476], [123.0176798, 10.7532817], [123.0241296, 10.7700963], [123.0246904, 10.7706139], [123.025907, 10.769868], [123.0331169, 10.765448], [123.0340887, 10.7644282], [123.0345599, 10.76377], [123.0348949, 10.7631625], [123.0350495, 10.7630178], [123.034923, 10.7620227], [123.0345994, 10.7614829], [123.034691, 10.7605172], [123.0350756, 10.7600554], [123.036083, 10.7596595], [123.0371881, 10.7589517], [123.0382382, 10.75816], [123.0395387, 10.758034], [123.0401187, 10.758022], [123.0421823, 10.7561986], [123.0423206, 10.7554844], [123.0421762, 10.754801], [123.0423044, 10.7542672], [123.0426823, 10.7538887], [123.0427193, 10.7534881], [123.0556218, 10.7488508], [123.0736012, 10.7437484], [123.0884604, 10.7296356], [123.1183655, 10.7247658], [123.1360986, 10.7193264], [123.1458404, 10.7163536], [123.1830043, 10.6586787], [123.2588101, 10.6601822], [123.2357928, 10.6371665]]]}}, {"type": "Feature", "properties": {"name": "Silay", "osm_id": 19399111, "admin_level": "6", "region": "bacolod", "franchise": "CENECO"}, "geometry": {"type": "Polygon", "coordinates": [[[123.0331169, 10.765448], [123.025907, 10.769868], [123.0246904, 10.7706139], [123.0241296, 10.7700963], [123.0176798, 10.7532817], [123.0013715, 10.7575476], [122.9930636, 10.7598155], [122.9870254, 10.7647395], [122.9839048, 10.7666369], [122.977498, 10.7698108], [122.9710057, 10.7721218], [122.9695195, 10.7726508], [122.9684413, 10.7729617], [122.9664131, 10.7743935], [122.9662092, 10.7745193], [122.9661923, 10.7745296], [122.9661327, 10.7745658], [122.9660476, 10.7746071], [122.9636688, 10.7757796], [122.9374354, 10.7768867], [122.9312127, 10.7775824], [122.9253118, 10.7801329], [122.9192231, 10.7832948], [122.9168628, 10.783632], [122.9083101, 10.7838488], [122.8970663, 10.7822559], [122.8869897, 10.7806199], [122.8788104, 10.7777886], [122.8697792, 10.7763252], [122.8626229, 10.7765345], [122.86094, 10.8216071], [122.8671049, 10.870399], [122.8665296, 10.8722113], [122.9435324, 10.8568151], [122.9444725, 10.8562765], [122.9455071, 10.8562506], [122.9464668, 10.8558956], [122.9501253, 10.8515017], [122.9506081, 10.8509827], [122.9511553, 10.8505612], [122.9517883, 10.8502451], [122.9524535, 10.8501187], [122.953301, 10.8501081], [122.9540091, 10.8502978], [122.9546588, 10.8506455], [122.9550343, 10.8508773], [122.955442, 10.8509722], [122.9556839, 10.8507467], [122.9557719, 10.850559], [122.9560067, 10.8499559], [122.9559508, 10.8496915], [122.9557262, 10.8494385], [122.9555866, 10.8490603], [122.9555229, 10.8488368], [122.9555789, 10.8486004], [122.9557954, 10.8483588], [122.9559045, 10.8480908], [122.9558303, 10.8477071], [122.9559171, 10.8473392], [122.9556888, 10.8465586], [122.9555898, 10.8463073], [122.9556196, 10.8461614], [122.9557113, 10.8460907], [122.9558016, 10.8456849], [122.955793, 10.8454093], [122.955924, 10.845139], [122.9561434, 10.8448549], [122.9562193, 10.8445376], [122.9563841, 10.8443772], [122.9567583, 10.8441876], [122.9571266, 10.8441498], [122.9574271, 10.8443601], [122.9577636, 10.8446156], [122.9582438, 10.8448565], [122.9584519, 10.8448879], [122.9587387, 10.844886], [122.9590505, 10.8447848], [122.9592275, 10.8446588], [122.9594674, 10.8439274], [122.9597795, 10.8436579], [122.9599546, 10.8435371], [122.9602131, 10.843437], [122.9603832, 10.8434573], [122.9605697, 10.843546], [122.9607601, 10.8436414], [122.9609506, 10.8436626], [122.9611657, 10.843599], [122.9613571, 10.8434942], [122.9615211, 10.8433342], [122.961605, 10.8432044], [122.961644, 10.8430441], [122.9616183, 10.8428718], [122.9615511, 10.8426086], [122.9615133, 10.8424537], [122.9614411, 10.8423176], [122.9614481, 10.8421859], [122.9614798, 10.8420785], [122.9616076, 10.8419306], [122.9617631, 10.8418281], [122.9619539, 10.8418167], [122.9623535, 10.8415633], [122.9628516, 10.8412781], [122.9629666, 10.8412752], [122.9631073, 10.8413222], [122.9633511, 10.8416583], [122.9634924, 10.8417834], [122.9636032, 10.841846], [122.9637262, 10.8418783], [122.9642971, 10.8418699], [122.9647991, 10.8419123], [122.9654667, 10.8418614], [122.9659603, 10.8418077], [122.9661852, 10.8417153], [122.9664495, 10.8415251], [122.966861, 10.8412561], [122.9672814, 10.8410426], [122.9675511, 10.840949], [122.9677734, 10.8414423], [122.9678971, 10.841649], [122.9680578, 10.8418481], [122.9682141, 10.8419696], [122.9684778, 10.8420932], [122.9686985, 10.8421865], [122.9688611, 10.8422255], [122.9689694, 10.8422196], [122.9690757, 10.8421668], [122.9812707, 10.8393452], [122.9993093, 10.8351681], [123.0117803, 10.8320374], [123.0139629, 10.8350278], [123.0205045, 10.8500587], [123.0303648, 10.845553], [123.0307128, 10.8446517], [123.0304751, 10.8444105], [123.0300836, 10.8439605], [123.0298935, 10.8434625], [123.0298618, 10.8427311], [123.0298776, 10.841953], [123.0300995, 10.8409258], [123.0300202, 10.8401322], [123.0294498, 10.8392918], [123.028816, 10.8387004], [123.0282456, 10.8382024], [123.0280396, 10.837611], [123.0280237, 10.8369107], [123.0282139, 10.8359769], [123.0290061, 10.8351521], [123.030147, 10.8346229], [123.0306005, 10.8343769], [123.0312086, 10.8340471], [123.032213, 10.8333787], [123.0331846, 10.8327379], [123.0349672, 10.8318243], [123.036417, 10.8309633], [123.0390805, 10.830599], [123.0406314, 10.8303672], [123.0420812, 10.8299699], [123.0432949, 10.8293076], [123.0446099, 10.8283472], [123.0460775, 10.8274747], [123.0462165, 10.8273922], [123.0468571, 10.8271935], [123.0477675, 10.8269451], [123.0491498, 10.8268623], [123.0504647, 10.8267133], [123.0517459, 10.8264153], [123.0520466, 10.8261709], [123.0531114, 10.8253059], [123.0540044, 10.8238657], [123.0542409, 10.8234845], [123.0549657, 10.8222924], [123.0546475, 10.8207148], [123.0543931, 10.819121], [123.05493, 10.8180449], [123.0550294, 10.8178458], [123.055162, 10.8175802], [123.0553171, 10.8172431], [123.0559037, 10.8170006], [123.0566623, 10.8167854], [123.0585335, 10.8162058], [123.0592853, 10.815864], [123.0605733, 10.8152786], [123.0608863, 10.8150856], [123.0611384, 10.8149329], [123.0613214, 10.8147735], [123.0615217, 10.8145327], [123.0618048, 10.8141697], [123.0621571, 10.8138611], [123.0623086, 10.8137623], [123.0636604, 10.8133829], [123.0652268, 10.8130878], [123.0666227, 10.8130811], [123.0675108, 10.8133855], [123.0682643, 10.8136885], [123.0685742, 10.8138255], [123.0689127, 10.8142206], [123.0689562, 10.8144249], [123.0689928, 10.8145973], [123.0689114, 10.8149065], [123.068822, 10.8151253], [123.0687758, 10.8152167], [123.0685255, 10.8155679], [123.0680963, 10.8160363], [123.0678341, 10.8164461], [123.0679414, 10.8169261], [123.0684778, 10.8172422], [123.0689784, 10.8178042], [123.069789, 10.8179682], [123.0703061, 10.8176648], [123.0707069, 10.8174296], [123.0715413, 10.8169729], [123.0727214, 10.8165397], [123.0735558, 10.8157435], [123.0744052, 10.8150226], [123.0744977, 10.8149139], [123.0745578, 10.8148594], [123.0751079, 10.8144167], [123.0753922, 10.8143271], [123.0760038, 10.8141611], [123.0772071, 10.8141856], [123.0782172, 10.8144872], [123.0791782, 10.8148916], [123.0813874, 10.8157201], [123.0830682, 10.8160831], [123.0850827, 10.8161885], [123.0870972, 10.8158255], [123.0882094, 10.8148611], [123.0896636, 10.8141523], [123.0907045, 10.8137011], [123.0913409, 10.8134486], [123.0917961, 10.813403], [123.0921122, 10.8133285], [123.0925114, 10.8130585], [123.0935849, 10.8102512], [123.0950767, 10.8084436], [123.0956762, 10.8084488], [123.096666, 10.8084573], [123.0985062, 10.8077315], [123.1010941, 10.8053969], [123.1016728, 10.8048748], [123.1020471, 10.8049446], [123.1022874, 10.8054538], [123.1024989, 10.8059018], [123.105958, 10.8064786], [123.1096921, 10.8047104], [123.1098052, 10.8042023], [123.1095703, 10.8036081], [123.1091587, 10.802567], [123.1092959, 10.8014095], [123.1093234, 10.8011776], [123.110783, 10.8005654], [123.1119951, 10.8000569], [123.1128342, 10.799705], [123.1131415, 10.7995918], [123.1137955, 10.7993509], [123.1142492, 10.7998657], [123.1147911, 10.8004806], [123.1155064, 10.8010905], [123.1162296, 10.801707], [123.1166074, 10.8019611], [123.117263, 10.8021837], [123.1183102, 10.8025884], [123.1188423, 10.8031617], [123.1197693, 10.8034483], [123.1205761, 10.803128], [123.1212971, 10.8027233], [123.1215044, 10.8019285], [123.1219509, 10.8012225], [123.1223592, 10.8008093], [123.122813, 10.8004805], [123.1228249, 10.800254], [123.1227416, 10.7999879], [123.122682, 10.7997293], [123.1225841, 10.7995315], [123.12229, 10.7992648], [123.1221587, 10.7990914], [123.1220682, 10.7988647], [123.1220094, 10.798598], [123.1219551, 10.7978824], [123.1219642, 10.7976201], [123.122023, 10.7973179], [123.122118, 10.7970423], [123.1222311, 10.7968067], [123.1224226, 10.7965713], [123.1237578, 10.7947574], [123.1240148, 10.794836], [123.1245977, 10.7949057], [123.12483, 10.7948306], [123.1254213, 10.7945664], [123.1257471, 10.7943086], [123.1262178, 10.7938107], [123.1270504, 10.7929173], [123.1271318, 10.7927439], [123.127236, 10.792588], [123.1286005, 10.7911238], [123.1297763, 10.7895236], [123.1298687, 10.7893488], [123.1304532, 10.7884449], [123.1306653, 10.7880435], [123.1308562, 10.787726], [123.1312032, 10.7872982], [123.1323218, 10.7868374], [123.1331639, 10.7869482], [123.1335967, 10.7867552], [123.1341977, 10.7863438], [123.1344683, 10.7860523], [123.1350933, 10.7848745], [123.1352779, 10.7843018], [123.1356071, 10.7826469], [123.1359198, 10.7816119], [123.1363747, 10.7810889], [123.1368913, 10.7806495], [123.1373368, 10.7802065], [123.1382746, 10.7792071], [123.1384181, 10.7788923], [123.1385643, 10.7786363], [123.1388219, 10.7782762], [123.13765, 10.7771564], [123.1373985, 10.776639], [123.1371748, 10.7761115], [123.1365974, 10.7744855], [123.1366115, 10.773245], [123.1371172, 10.7717171], [123.1377427, 10.7706525], [123.1385222, 10.7700172], [123.1394694, 10.7694656], [123.1407535, 10.7690194], [123.1416404, 10.7686308], [123.1422454, 10.7682761], [123.1429754, 10.767625], [123.1436536, 10.7670556], [123.1449329, 10.7666733], [123.1452869, 10.7663586], [123.1453687, 10.7661876], [123.145519, 10.7658736], [123.1454534, 10.7656234], [123.14484, 10.7653484], [123.1444993, 10.7651957], [123.1443851, 10.7651445], [123.1442735, 10.7647335], [123.144274, 10.7641305], [123.1446614, 10.7637222], [123.1453664, 10.7630152], [123.1446882, 10.7625249], [123.1442424, 10.7618906], [123.144379, 10.7613059], [123.1449711, 10.7606506], [123.1461933, 10.7597749], [123.1473523, 10.758674], [123.1481332, 10.7581461], [123.149307, 10.757794], [123.1501908, 10.7570468], [123.1502018, 10.7561118], [123.1504341, 10.7558422], [123.1511739, 10.7556366], [123.1517629, 10.7555196], [123.151985, 10.7555315], [123.1521788, 10.755599], [123.1523258, 10.7557896], [123.1522976, 10.7563707], [123.1523968, 10.7567571], [123.1525669, 10.7569597], [123.1531512, 10.7573998], [123.1539139, 10.7574841], [123.1542611, 10.7573166], [123.1544913, 10.7571564], [123.1546791, 10.7569544], [123.1556415, 10.7559681], [123.156578, 10.7550701], [123.1566934, 10.7549092], [123.1567672, 10.7546887], [123.1568834, 10.7535085], [123.1572299, 10.7526021], [123.157413, 10.752293], [123.1575966, 10.7520829], [123.157851, 10.7519144], [123.158816, 10.7516963], [123.1600653, 10.7513645], [123.161551, 10.7507573], [123.1616974, 10.7506146], [123.1617871, 10.7505971], [123.1618674, 10.7507429], [123.1619432, 10.7510345], [123.1621613, 10.7516166], [123.1622722, 10.751792], [123.1625175, 10.7518074], [123.1626685, 10.7517549], [123.1627863, 10.7516359], [123.1633445, 10.7511312], [123.1639671, 10.7502482], [123.1640165, 10.7499912], [123.1639883, 10.7497527], [123.1637796, 10.7495233], [123.1635001, 10.7493704], [123.1622926, 10.7491525], [123.1619859, 10.7487502], [123.16191, 10.7485679], [123.1619544, 10.74833], [123.1627787, 10.7475906], [123.1635525, 10.7472297], [123.1639142, 10.7471094], [123.1641578, 10.7472212], [123.1647552, 10.7478615], [123.1655227, 10.748343], [123.1658157, 10.7484269], [123.1661654, 10.7484413], [123.1664946, 10.7482857], [123.1668199, 10.748015], [123.167046, 10.7477164], [123.1672082, 10.7466087], [123.1673833, 10.7461434], [123.1675434, 10.7458923], [123.1676518, 10.7457528], [123.1678168, 10.7456968], [123.1681244, 10.7457304], [123.1683894, 10.7459448], [123.1685515, 10.7461511], [123.1686134, 10.7465059], [123.1687908, 10.7470976], [123.1688762, 10.7472651], [123.1690611, 10.7474333], [123.1694217, 10.747463], [123.1697257, 10.7473676], [123.1699514, 10.7472741], [123.1707766, 10.746765], [123.1710343, 10.7464913], [123.1712925, 10.7454677], [123.1713846, 10.7453539], [123.1714767, 10.7453279], [123.1715987, 10.7453754], [123.1718058, 10.745446], [123.1719487, 10.7455147], [123.1733252, 10.7468486], [123.1742964, 10.7472863], [123.1748587, 10.7473825], [123.1754532, 10.7474049], [123.1763993, 10.7470983], [123.1767704, 10.7468858], [123.1771008, 10.7466004], [123.1773024, 10.7463307], [123.177903, 10.7453714], [123.1785764, 10.7445805], [123.1797074, 10.7439639], [123.1802944, 10.7432969], [123.1804643, 10.7430751], [123.1805439, 10.7429325], [123.2681785, 10.6867349], [123.2588101, 10.6601822], [123.1830043, 10.6586787], [123.1458404, 10.7163536], [123.1360986, 10.7193264], [123.1183655, 10.7247658], [123.0884604, 10.7296356], [123.0736012, 10.7437484], [123.0556218, 10.7488508], [123.0427193, 10.7534881], [123.0426823, 10.7538887], [123.0423044, 10.7542672], [123.0421762, 10.754801], [123.0423206, 10.7554844], [123.0421823, 10.7561986], [123.0401187, 10.758022], [123.0395387, 10.758034], [123.0382382, 10.75816], [123.0371881, 10.7589517], [123.036083, 10.7596595], [123.0350756, 10.7600554], [123.034691, 10.7605172], [123.0345994, 10.7614829], [123.034923, 10.7620227], [123.0350495, 10.7630178], [123.0348949, 10.7631625], [123.0345599, 10.76377], [123.0340887, 10.7644282], [123.0331169, 10.765448]]]}}, {"type": "Feature", "properties": {"name": "Murcia", "osm_id": 11366415, "admin_level": "6", "region": "bacolod", "franchise": "CENECO"}, "geometry": {"type": "Polygon", "coordinates": [[[123.1364471, 10.6567511], [123.2357928, 10.6371665], [123.2113911, 10.6277223], [123.2081432, 10.6231701], [123.206813, 10.6207541], [123.2062751, 10.6189475], [123.205332, 10.6149755], [123.2051786, 10.6146237], [123.2048548, 10.6144394], [123.2046162, 10.613719], [123.2043775, 10.6130321], [123.2042923, 10.612362], [123.20419, 10.6118762], [123.2039514, 10.6114741], [123.2036105, 10.6112563], [123.2032867, 10.6111893], [123.2028605, 10.611273], [123.2024003, 10.6112898], [123.2018208, 10.6110553], [123.2011902, 10.611005], [123.2006788, 10.6109547], [123.2001504, 10.6108542], [123.1998607, 10.6109547], [123.1995539, 10.6110385], [123.1991959, 10.6106867], [123.1990766, 10.6102511], [123.1990513, 10.6097985], [123.1990142, 10.6094777], [123.1988287, 10.609237], [123.198569, 10.6089818], [123.1983168, 10.6089016], [123.1979681, 10.6089234], [123.1977603, 10.6089891], [123.1975378, 10.608938], [123.197382, 10.6087047], [123.1973523, 10.6083546], [123.1973968, 10.6080192], [123.1972929, 10.6078806], [123.1972039, 10.6076619], [123.1973523, 10.607341], [123.1975155, 10.6072535], [123.1975229, 10.6071368], [123.1974487, 10.6069472], [123.1971965, 10.6068451], [123.1969294, 10.6068524], [123.1967068, 10.6069618], [123.1964768, 10.6070566], [123.196143, 10.6070566], [123.1958685, 10.6069545], [123.1956459, 10.6066993], [123.1955198, 10.6064076], [123.1953506, 10.6062929], [123.1950721, 10.606162], [123.1947936, 10.6060311], [123.1941846, 10.6060537], [123.193915, 10.6058966], [123.1937258, 10.6055971], [123.1939626, 10.6046763], [123.1940287, 10.603968], [123.1937744, 10.6036443], [123.1932405, 10.6038012], [123.1929382, 10.6040029], [123.1926508, 10.6040589], [123.1924172, 10.6039373], [123.1923644, 10.6036983], [123.1930832, 10.6027811], [123.193433, 10.6023698], [123.193549, 10.6019804], [123.193438, 10.6015001], [123.1930576, 10.6008125], [123.19264, 10.6002975], [123.1922505, 10.600049], [123.1920094, 10.5996839], [123.1919752, 10.5993283], [123.1921117, 10.5990529], [123.1921989, 10.5986998], [123.1921353, 10.598321], [123.191767, 10.5971979], [123.1914893, 10.5967128], [123.1912857, 10.5965339], [123.1912644, 10.5962492], [123.1913756, 10.5953803], [123.1914123, 10.594802], [123.1913178, 10.5946043], [123.1915844, 10.5938332], [123.1915341, 10.5933274], [123.1913222, 10.5932093], [123.1910435, 10.5932799], [123.1905793, 10.5936648], [123.1898779, 10.59385], [123.189412, 10.5938745], [123.1890085, 10.5939152], [123.1884983, 10.5940954], [123.1882419, 10.5939238], [123.1878198, 10.5931775], [123.1876005, 10.5924244], [123.1873432, 10.5918393], [123.1867684, 10.5912622], [123.1862786, 10.5909648], [123.1860777, 10.5904593], [123.1858448, 10.5901411], [123.1852668, 10.5900973], [123.1849022, 10.5898658], [123.1847498, 10.5895816], [123.1848163, 10.5892241], [123.1847682, 10.5888061], [123.1845631, 10.588554], [123.1841666, 10.5885825], [123.1836188, 10.5885139], [123.182712, 10.5879557], [123.1821946, 10.5874915], [123.1819577, 10.5868828], [123.1819953, 10.5863193], [123.1814815, 10.5855979], [123.1813491, 10.5850164], [123.181725, 10.5844361], [123.1819965, 10.5837348], [123.181911, 10.5836421], [123.1817132, 10.583287], [123.1815727, 10.5829579], [123.1812372, 10.582893], [123.1806534, 10.5830874], [123.180112, 10.5829937], [123.1797391, 10.582649], [123.1794145, 10.5821829], [123.1791713, 10.5820766], [123.1788615, 10.5820004], [123.1785518, 10.5819663], [123.1782313, 10.5820215], [123.1778455, 10.5822673], [123.177263, 10.5824195], [123.1767546, 10.5822307], [123.1763743, 10.5818778], [123.1761892, 10.581194], [123.1759886, 10.5809143], [123.175435, 10.5804436], [123.1747714, 10.5798492], [123.1741333, 10.5792699], [123.1738685, 10.5785826], [123.173569, 10.5779395], [123.1733898, 10.5778677], [123.172839, 10.5780435], [123.1723515, 10.5781654], [123.1718959, 10.5780302], [123.171543, 10.5775816], [123.1714274, 10.5769865], [123.1709767, 10.5762795], [123.1705489, 10.5757658], [123.1705028, 10.5753978], [123.1702875, 10.5752803], [123.1697457, 10.5753477], [123.1693316, 10.5752738], [123.1690041, 10.5753816], [123.1685349, 10.5759789], [123.1682678, 10.5762642], [123.1679571, 10.5761911], [123.1674812, 10.5756971], [123.1673493, 10.5752365], [123.167521, 10.5746531], [123.1674779, 10.5743373], [123.1672275, 10.5740457], [123.166816, 10.5738076], [123.1666253, 10.5734934], [123.1665427, 10.5730476], [123.166218, 10.5724252], [123.165842, 10.5720686], [123.165109, 10.571698], [123.1647456, 10.5713965], [123.1646738, 10.5710279], [123.1646743, 10.5705852], [123.1646763, 10.5700676], [123.1645189, 10.5696261], [123.1641446, 10.5694491], [123.1638293, 10.5696752], [123.163554, 10.5702558], [123.1631767, 10.5709154], [123.1628499, 10.5709545], [123.1624083, 10.5707273], [123.1620354, 10.5700397], [123.1618685, 10.5693236], [123.1618295, 10.5689782], [123.1613244, 10.5686644], [123.1605438, 10.5683814], [123.1600998, 10.5683053], [123.1597353, 10.5685032], [123.1592811, 10.5687121], [123.1589372, 10.5685797], [123.1584675, 10.5680826], [123.1581943, 10.5678142], [123.1581646, 10.5674369], [123.1583408, 10.5669141], [123.1585486, 10.5665567], [123.1584536, 10.566219], [123.1582, 10.5660526], [123.1578867, 10.5661666], [123.1575368, 10.5661995], [123.1570239, 10.5664434], [123.1564477, 10.5664688], [123.1563186, 10.5662689], [123.1565922, 10.566017], [123.1570061, 10.5656936], [123.1571195, 10.5653651], [123.1569938, 10.5649212], [123.1565893, 10.5646044], [123.1563117, 10.5645618], [123.1558436, 10.5648159], [123.1552697, 10.5648183], [123.1548262, 10.564433], [123.1545065, 10.5643963], [123.1539536, 10.5646392], [123.1536381, 10.5645927], [123.1532813, 10.5642255], [123.1531263, 10.5635691], [123.1528705, 10.5630193], [123.1525617, 10.5627953], [123.1522558, 10.5628296], [123.151758, 10.5629651], [123.1511821, 10.5627418], [123.1509986, 10.5623235], [123.1511961, 10.5618359], [123.1511882, 10.5612586], [123.1509246, 10.5609244], [123.1506487, 10.5608397], [123.1503697, 10.5609992], [123.1499593, 10.5612405], [123.1494849, 10.5611842], [123.1489129, 10.5607262], [123.1485518, 10.5603543], [123.1481927, 10.5603746], [123.1476605, 10.5605901], [123.1472162, 10.5604502], [123.1469131, 10.5600674], [123.1463504, 10.5595844], [123.1457499, 10.5592894], [123.1454998, 10.5591665], [123.1454138, 10.559063], [123.1452217, 10.558832], [123.1450029, 10.5584479], [123.1448668, 10.5583002], [123.1454744, 10.5581575], [123.1459886, 10.5581404], [123.1464566, 10.5579587], [123.1473753, 10.5573225], [123.1480514, 10.5569022], [123.1486003, 10.5567431], [123.1487967, 10.5564307], [123.1487852, 10.5558513], [123.1487714, 10.5557073], [123.1487101, 10.5550675], [123.1490914, 10.5542097], [123.1494496, 10.5536985], [123.1504435, 10.5533634], [123.1511773, 10.5533123], [123.1517493, 10.5532441], [123.1527199, 10.553777], [123.1533036, 10.5541643], [123.1536965, 10.554312], [123.1545921, 10.5535168], [123.1546441, 10.5528238], [123.1547481, 10.5522103], [123.1547134, 10.5510856], [123.1549041, 10.5506766], [123.1552796, 10.5501143], [123.1557823, 10.5496882], [123.1564121, 10.5495917], [123.1568281, 10.5495121], [123.1574695, 10.5494213], [123.1579317, 10.5495349], [123.1585327, 10.5503017], [123.1589776, 10.5507164], [123.1594802, 10.5507164], [123.1603123, 10.5495349], [123.1608439, 10.5490236], [123.1616248, 10.5487986], [123.1622421, 10.5486999], [123.1627621, 10.5482511], [123.1633457, 10.5477285], [123.1637486, 10.5478574], [123.1639073, 10.5482445], [123.1639986, 10.548467], [123.1640564, 10.5493758], [123.1640795, 10.5498075], [123.1645302, 10.5500802], [123.1654027, 10.5502051], [123.1661738, 10.5501487], [123.1669248, 10.5499799], [123.1676272, 10.54987], [123.1686095, 10.5492736], [123.1687085, 10.5491944], [123.1693837, 10.5486544], [123.1698229, 10.5482852], [123.1700655, 10.5479785], [123.1703487, 10.5473707], [123.1705029, 10.5469436], [123.1706318, 10.5465868], [123.1710247, 10.5461096], [123.1714696, 10.5454848], [123.1717527, 10.5450928], [123.1721398, 10.5446611], [123.1727465, 10.5441442], [123.1730412, 10.5438658], [123.1736537, 10.5436614], [123.1741217, 10.5434569], [123.1749715, 10.5433982], [123.1761266, 10.5434512], [123.1766861, 10.5433305], [123.1772591, 10.5432069], [123.1779814, 10.5434341], [123.1782756, 10.5438337], [123.1784205, 10.5440306], [123.1787036, 10.5443657], [123.1790307, 10.5443153], [123.179293, 10.5442748], [123.1799575, 10.543792], [123.1807632, 10.5429075], [123.181747, 10.5422471], [123.182744, 10.5418633], [123.1836023, 10.5416945], [123.184002, 10.5414119], [123.1841521, 10.5412545], [123.1845221, 10.5408666], [123.1851172, 10.5402531], [123.1858279, 10.5394862], [123.1865097, 10.5388784], [123.1871973, 10.5380604], [123.1875844, 10.5379525], [123.1876782, 10.5379739], [123.187908, 10.5380263], [123.1881564, 10.5383728], [123.1885031, 10.5387648], [123.1888151, 10.5389352], [123.1891676, 10.5388613], [123.18952, 10.5385432], [123.1899014, 10.5380149], [123.1904503, 10.53764], [123.1906525, 10.537339], [123.1906467, 10.5365891], [123.1905832, 10.5358904], [123.1897974, 10.5353848], [123.189156, 10.5348168], [123.1888435, 10.5342432], [123.1887328, 10.5337921], [123.1891534, 10.5336128], [123.1907475, 10.5341151], [123.1921126, 10.5343471], [123.1935895, 10.5342583], [123.1558602, 10.4584392], [123.153262, 10.4600665], [123.1152646, 10.4838632], [123.1151777, 10.4839498], [123.1151267, 10.4840599], [123.1151183, 10.4842378], [123.1151342, 10.4843578], [123.1151148, 10.4844848], [123.1150416, 10.4846118], [123.1148708, 10.484679], [123.1147193, 10.4847101], [123.1145679, 10.4846995], [123.1142961, 10.48478], [123.1138723, 10.4849699], [123.113309, 10.48526], [123.1125741, 10.4857611], [123.1121974, 10.4861989], [123.1121062, 10.4864626], [123.1119614, 10.4867053], [123.1118112, 10.4868213], [123.1115054, 10.4869373], [123.1107666, 10.4871566], [123.1104662, 10.4872041], [123.1103589, 10.487241], [123.1102731, 10.4873306], [123.1101765, 10.4874678], [123.1101121, 10.487626], [123.1101014, 10.4877315], [123.1100692, 10.4878318], [123.109978, 10.4879214], [123.1099083, 10.4879742], [123.1097849, 10.4880744], [123.109631, 10.4882854], [123.1095452, 10.4884541], [123.1093574, 10.4886177], [123.1091268, 10.488644], [123.1089122, 10.4886546], [123.108703, 10.4887495], [123.1085367, 10.4888656], [123.1084723, 10.4889658], [123.1080932, 10.4894716], [123.1078679, 10.4896614], [123.1076211, 10.4898408], [123.1073958, 10.4899252], [123.107149, 10.4900043], [123.1068755, 10.4900518], [123.1061566, 10.490036], [123.1058723, 10.4900159], [123.1056792, 10.4900211], [123.1054914, 10.4901161], [123.1053627, 10.4902374], [123.105234, 10.4904115], [123.1051267, 10.4905117], [123.1048832, 10.4907686], [123.1047758, 10.4910377], [123.1045861, 10.4914548], [123.1044471, 10.4916314], [123.1041671, 10.4916978], [123.1036801, 10.4916677], [123.1029866, 10.492168], [123.1026451, 10.4921808], [123.1023144, 10.492248], [123.1017189, 10.4927913], [123.1013814, 10.4934099], [123.1008576, 10.4940224], [123.1002489, 10.4949272], [123.0999516, 10.495484], [123.0993428, 10.496166], [123.0990693, 10.496377], [123.0988113, 10.4964648], [123.0986663, 10.4964669], [123.0982134, 10.4963553], [123.0979445, 10.4962857], [123.0976755, 10.4963971], [123.0973973, 10.4965817], [123.0971954, 10.4967021], [123.0969471, 10.4967672], [123.0967519, 10.4967411], [123.0965963, 10.4967314], [123.0963977, 10.4967574], [123.0961858, 10.496829], [123.09607, 10.4969397], [123.0960402, 10.4971154], [123.0959475, 10.4972586], [123.0958283, 10.497366], [123.0955867, 10.4974214], [123.0954311, 10.4973758], [123.0952789, 10.4972326], [123.0951035, 10.4969755], [123.0949446, 10.4968453], [123.0946202, 10.4967542], [123.0944315, 10.4967672], [123.0942594, 10.4968616], [123.0942131, 10.4969852], [123.0941568, 10.497161], [123.0939416, 10.4972586], [123.0937629, 10.4972651], [123.0936239, 10.4971838], [123.0934054, 10.4969917], [123.0931538, 10.496803], [123.0930181, 10.4967607], [123.092899, 10.4968225], [123.0928129, 10.4969755], [123.0926275, 10.4970536], [123.0924554, 10.496982], [123.0923429, 10.496842], [123.0922237, 10.4966467], [123.0919688, 10.4965719], [123.0914988, 10.4965491], [123.0910023, 10.4966175], [123.0907474, 10.4966435], [123.0905124, 10.4966142], [123.0902013, 10.4967118], [123.0899133, 10.4968681], [123.0894267, 10.4969527], [123.0892281, 10.4969397], [123.0890064, 10.4968681], [123.0888409, 10.4967607], [123.0885065, 10.4968095], [123.0882848, 10.4969787], [123.0881688, 10.4971713], [123.0881828, 10.4973509], [123.0882437, 10.4974935], [123.0884075, 10.497627], [123.0885573, 10.4977973], [123.0886977, 10.4980597], [123.088768, 10.4982668], [123.0887399, 10.4984555], [123.0885573, 10.498658], [123.0884122, 10.4988928], [123.0882203, 10.4990953], [123.088136, 10.4991873], [123.0881372, 10.4992742], [123.0881749, 10.4995404], [123.088176, 10.4996725], [123.0880596, 10.4998021], [123.0879108, 10.4999293], [123.0877944, 10.5000502], [123.0876585, 10.5001774], [123.0876003, 10.5003555], [123.0876003, 10.5005145], [123.0875679, 10.5006735], [123.087466, 10.5009346], [123.0872953, 10.5011824], [123.0879051, 10.5064589], [123.0860715, 10.5081433], [123.0859658, 10.5084071], [123.0859658, 10.5086549], [123.0860715, 10.5090147], [123.0861202, 10.5092225], [123.0860672, 10.509699], [123.0861189, 10.510087], [123.0862095, 10.5103605], [123.0864359, 10.5105831], [123.0868176, 10.5108566], [123.0870634, 10.511092], [123.0872057, 10.5114227], [123.0873092, 10.5116008], [123.087445, 10.5119188], [123.087458, 10.5122686], [123.0875223, 10.5125555], [123.087643, 10.5127489], [123.087853, 10.5128543], [123.0881033, 10.5128587], [123.0882911, 10.5128543], [123.0883984, 10.5129027], [123.0884207, 10.5131004], [123.0883849, 10.5133158], [123.0882151, 10.5137816], [123.088005, 10.5139838], [123.0878128, 10.5143222], [123.0877726, 10.5146562], [123.0878173, 10.5148715], [123.0879782, 10.5150957], [123.0880587, 10.5154297], [123.088081, 10.5160273], [123.0880542, 10.5165151], [123.087938, 10.5168887], [123.0879246, 10.5171875], [123.0880408, 10.5175303], [123.0881161, 10.5178588], [123.0883722, 10.5182994], [123.0884832, 10.5187736], [123.0884149, 10.5193275], [123.088321, 10.5196213], [123.0883295, 10.5198269], [123.0884533, 10.5199779], [123.0887137, 10.5201038], [123.0888033, 10.5201794], [123.0889271, 10.5201878], [123.0890892, 10.5201038], [123.0892258, 10.5200954], [123.0893368, 10.5201961], [123.0893368, 10.5204018], [123.0892514, 10.5206997], [123.0891319, 10.5209767], [123.0891405, 10.52122], [123.0893581, 10.5216187], [123.0895673, 10.5220383], [123.0895801, 10.5222859], [123.0894435, 10.5227475], [123.0891618, 10.5234315], [123.0888374, 10.5244805], [123.0886326, 10.5252652], [123.0887265, 10.5255296], [123.0889527, 10.5256974], [123.0892088, 10.5257394], [123.0893239, 10.5258843], [123.0892485, 10.5263323], [123.0888984, 10.5267833], [123.0883974, 10.5273055], [123.0877093, 10.5279643], [123.0871661, 10.5286645], [123.0870273, 10.5291036], [123.0870333, 10.5293113], [123.0872144, 10.5294597], [123.0873834, 10.5296674], [123.0873713, 10.5300531], [123.0872566, 10.5305397], [123.0870514, 10.530967], [123.0867617, 10.5313171], [123.0863694, 10.5316316], [123.0858985, 10.5318453], [123.0855183, 10.5320233], [123.0853372, 10.5322844], [123.0852708, 10.5324387], [123.0853251, 10.5326523], [123.085464, 10.5328125], [123.0855304, 10.5330618], [123.0855726, 10.5335899], [123.0854821, 10.5340646], [123.0853915, 10.5343732], [123.0853734, 10.5346581], [123.0854556, 10.5349201], [123.0856266, 10.5352332], [123.085655, 10.5354022], [123.0855798, 10.5355248], [123.0854073, 10.535584], [123.0852119, 10.5356341], [123.0848658, 10.5356681], [123.0846652, 10.5358363], [123.0844883, 10.5360102], [123.0841108, 10.5361784], [123.0837628, 10.5364046], [123.083462, 10.5367989], [123.0830315, 10.537228], [123.0824181, 10.5375701], [123.0816749, 10.5378078], [123.0812044, 10.5378671], [123.0808161, 10.5378675], [123.0807577, 10.5379249], [123.0808079, 10.5383877], [123.0806604, 10.5385268], [123.0802771, 10.538695], [123.0800706, 10.5386892], [123.0797285, 10.5385326], [123.0793688, 10.5385616], [123.0791093, 10.5387472], [123.079009, 10.5390081], [123.0790031, 10.5392981], [123.0791269, 10.5396518], [123.0793629, 10.5401098], [123.0795103, 10.540394], [123.0794454, 10.5406955], [123.0791918, 10.5409158], [123.0787613, 10.5411536], [123.0782599, 10.5412812], [123.0776878, 10.5413971], [123.0773398, 10.5415827], [123.0772691, 10.5417682], [123.0773811, 10.5419306], [123.0775934, 10.5420118], [123.0778117, 10.542035], [123.0781184, 10.5421509], [123.0782127, 10.5422785], [123.0782186, 10.5424525], [123.0780594, 10.5426496], [123.0778648, 10.5427772], [123.0777763, 10.5429685], [123.0777704, 10.5433396], [123.0777999, 10.5436527], [123.0777409, 10.5438673], [123.0775168, 10.5442268], [123.0773457, 10.5444123], [123.0771511, 10.5444297], [123.07698, 10.5444645], [123.0767323, 10.5445921], [123.0764669, 10.54494], [123.0758518, 10.5453342], [123.0755982, 10.545543], [123.0753564, 10.5455256], [123.0751735, 10.5453806], [123.0753345, 10.5449748], [123.0751634, 10.544824], [123.0748685, 10.5448472], [123.0743242, 10.5450443], [123.0741591, 10.5454038], [123.074106, 10.5460416], [123.0741001, 10.5465461], [123.0740234, 10.5469926], [123.073758, 10.5474043], [123.0735457, 10.5477348], [123.0734218, 10.5481406], [123.0732685, 10.5484712], [123.073062, 10.5488075], [123.0726904, 10.549051], [123.072425, 10.5493119], [123.072313, 10.5495728], [123.0723366, 10.5497758], [123.0724427, 10.5499961], [123.0726668, 10.5502049], [123.0729323, 10.550373], [123.0731682, 10.5505818], [123.0732272, 10.5508021], [123.0731328, 10.551005], [123.0728556, 10.5511442], [123.0725548, 10.551208], [123.0719709, 10.5514631], [123.0716406, 10.5516255], [123.0714518, 10.5519502], [123.0711746, 10.5523039], [123.0709387, 10.5528953], [123.0709269, 10.5534229], [123.0709918, 10.5539506], [123.0713774, 10.5546819], [123.0700741, 10.5550717], [123.0689005, 10.5556263], [123.0666868, 10.5576261], [123.0648458, 10.5593595], [123.0637305, 10.5601179], [123.0624162, 10.5607374], [123.0610841, 10.5609907], [123.0604691, 10.5608682], [123.0600004, 10.5604762], [123.059752, 10.5599786], [123.0586053, 10.5574022], [123.0581461, 10.555899], [123.0572262, 10.5548454], [123.056457, 10.5535989], [123.0557761, 10.5535192], [123.0549924, 10.553123], [123.0547668, 10.5531485], [123.0544226, 10.5535269], [123.0537726, 10.5538193], [123.0532351, 10.5540021], [123.0527625, 10.5538087], [123.0518274, 10.5527967], [123.0503902, 10.55201], [123.0480347, 10.550984], [123.0452063, 10.5503411], [123.0421992, 10.5495277], [123.0410135, 10.5493572], [123.0392301, 10.5501368], [123.0393223, 10.5507287], [123.0398639, 10.5530514], [123.039967, 10.5535735], [123.0402401, 10.5549567], [123.0398976, 10.5566079], [123.0393474, 10.5567896], [123.038829, 10.5569912], [123.0369403, 10.5553412], [123.0361517, 10.5544783], [123.0358152, 10.552854], [123.0355725, 10.5519153], [123.0348617, 10.5491657], [123.0344376, 10.5488041], [123.0330725, 10.5488307], [123.0314104, 10.549307], [123.0309611, 10.5492184], [123.0299105, 10.548773], [123.0283083, 10.5476773], [123.0273306, 10.5464539], [123.0262811, 10.5456421], [123.0253983, 10.5446871], [123.025302, 10.5427371], [123.0253138, 10.5418325], [123.025263, 10.5407705], [123.0252286, 10.5401225], [123.0246613, 10.5398097], [123.0239883, 10.5396112], [123.0232135, 10.5398688], [123.0225515, 10.5403751], [123.0217654, 10.540367], [123.02162, 10.5404339], [123.0216729, 10.5407123], [123.0217458, 10.5408055], [123.0216861, 10.5411317], [123.0206302, 10.5415123], [123.0201737, 10.5414409], [123.0193358, 10.5418809], [123.0191052, 10.5419791], [123.0179243, 10.5412768], [123.0171494, 10.5409769], [123.0168111, 10.5405652], [123.0163398, 10.5401229], [123.0160667, 10.5396768], [123.0156364, 10.5392541], [123.0152322, 10.5386213], [123.0150151, 10.5378624], [123.0123326, 10.5374606], [123.0093845, 10.5379229], [123.0084833, 10.5384678], [123.004634, 10.5398675], [123.0004718, 10.54193], [123.0004424, 10.5419613], [123.000391, 10.5419877], [123.0003151, 10.5419973], [123.0002344, 10.5420046], [123.000156, 10.542019], [123.0000924, 10.5420671], [123.0000435, 10.542096], [122.9999774, 10.5421393], [122.9999211, 10.5421465], [122.9998477, 10.5421537], [122.9997767, 10.5422019], [122.9997253, 10.5422355], [122.9996837, 10.542238], [122.9996641, 10.5422115], [122.9996568, 10.542161], [122.9996298, 10.5421345], [122.9995809, 10.5421369], [122.999532, 10.5421682], [122.999483, 10.5422187], [122.9994585, 10.5422813], [122.999483, 10.5423029], [122.9995222, 10.5423125], [122.9995417, 10.5423342], [122.9995417, 10.5423992], [122.999505, 10.5424449], [122.9994634, 10.5424545], [122.9994292, 10.5424569], [122.9993802, 10.5424713], [122.999319, 10.5425195], [122.999297, 10.5425652], [122.9992358, 10.5426157], [122.9991795, 10.5426494], [122.9991281, 10.5426686], [122.9990865, 10.5426807], [122.9990694, 10.542724], [122.9990278, 10.5427673], [122.9989764, 10.5427601], [122.9989201, 10.5427288], [122.9988687, 10.5427047], [122.99881, 10.5427071], [122.9987586, 10.5427432], [122.9987219, 10.5427865], [122.998717, 10.5428323], [122.9986754, 10.5428828], [122.9986019, 10.542902], [122.9985677, 10.542902], [122.9985261, 10.5428852], [122.9984845, 10.542902], [122.9984575, 10.5429742], [122.9984037, 10.5430127], [122.9982985, 10.5430344], [122.9982471, 10.5430392], [122.9981908, 10.5430536], [122.9981785, 10.5431114], [122.9981908, 10.5431739], [122.998159, 10.5432341], [122.9980904, 10.5432678], [122.9980072, 10.5432822], [122.9979314, 10.5433327], [122.9978628, 10.5433905], [122.9977576, 10.5434314], [122.9976695, 10.5434578], [122.9975936, 10.543518], [122.9974859, 10.5435517], [122.9973489, 10.5435613], [122.9972436, 10.5435661], [122.9971384, 10.5435204], [122.9970405, 10.5435252], [122.9969915, 10.5435926], [122.9968667, 10.5436551], [122.9967003, 10.5436936], [122.9965779, 10.543749], [122.9964776, 10.5438332], [122.9964189, 10.5439102], [122.9964066, 10.5440064], [122.9964384, 10.5441003], [122.9964703, 10.5442013], [122.9964678, 10.544312], [122.9964091, 10.544389], [122.996321, 10.5444347], [122.9962329, 10.5444588], [122.9961154, 10.5444515], [122.996015, 10.5444275], [122.9959612, 10.5444515], [122.9958927, 10.5445502], [122.9958192, 10.5445935], [122.9957703, 10.5446561], [122.995692, 10.5446609], [122.9956259, 10.5446488], [122.9955843, 10.5446657], [122.9955451, 10.5446464], [122.9954791, 10.5446513], [122.9954203, 10.5446873], [122.9953591, 10.5447547], [122.9953493, 10.5448197], [122.9953322, 10.5448943], [122.995293, 10.5449472], [122.9952514, 10.5449616], [122.9951756, 10.5449568], [122.9951046, 10.5449087], [122.9950263, 10.5449063], [122.9949308, 10.5449472], [122.9948892, 10.5450338], [122.9948843, 10.5451325], [122.9948648, 10.5451782], [122.9948305, 10.5452095], [122.9947424, 10.5451998], [122.9946812, 10.5450819], [122.9946176, 10.5450194], [122.994527, 10.5449977], [122.9944144, 10.5449953], [122.9942798, 10.5450314], [122.9942015, 10.5450699], [122.9941061, 10.5451373], [122.9939739, 10.5451998], [122.9939054, 10.5452143], [122.9938001, 10.5452624], [122.9937781, 10.5452985], [122.9937977, 10.545361], [122.9938246, 10.545414], [122.9938417, 10.5454741], [122.9938148, 10.5455271], [122.9937463, 10.5455487], [122.9935725, 10.5455487], [122.9934648, 10.5455174], [122.9933058, 10.5455247], [122.9931442, 10.5455728], [122.9929607, 10.5457147], [122.9928261, 10.5458591], [122.9927967, 10.5459265], [122.992711, 10.5460323], [122.9923332, 10.5461476], [122.9919872, 10.546398], [122.9918499, 10.5465053], [122.9917581, 10.5465344], [122.9916475, 10.546549], [122.9915207, 10.5465252], [122.9914222, 10.5464536], [122.9912752, 10.5463806], [122.9911175, 10.5463607], [122.9910002, 10.5463196], [122.990903, 10.5462732], [122.9906521, 10.5462825], [122.990586, 10.5462679], [122.990528, 10.5461989], [122.9905172, 10.5461193], [122.990443, 10.5459072], [122.9903881, 10.5458597], [122.9902965, 10.5458366], [122.990165, 10.5458205], [122.9900405, 10.5457558], [122.9899982, 10.5456819], [122.9898597, 10.5456727], [122.9897822, 10.5456173], [122.9896812, 10.5455919], [122.9895755, 10.5456265], [122.9894768, 10.545645], [122.9893476, 10.5456404], [122.9892795, 10.5455849], [122.9892138, 10.5454533], [122.9891933, 10.5453448], [122.9890108, 10.5453079], [122.9889232, 10.5453379], [122.9888316, 10.5454025], [122.9887212, 10.5454949], [122.988592, 10.5455295], [122.9884886, 10.545481], [122.9883548, 10.5453794], [122.9882773, 10.5452317], [122.9881739, 10.5451555], [122.9879954, 10.5451023], [122.9878921, 10.5451347], [122.9877347, 10.5451601], [122.9875773, 10.545137], [122.9873965, 10.5452109], [122.9873636, 10.5452778], [122.9872791, 10.545324], [122.9872086, 10.5453055], [122.9871499, 10.5452432], [122.9870395, 10.5452571], [122.9868892, 10.5453356], [122.9866778, 10.5453841], [122.9865322, 10.5455411], [122.9863959, 10.5455619], [122.9862738, 10.5455388], [122.9861916, 10.5454626], [122.9860496, 10.5454533], [122.9858876, 10.5455064], [122.9858101, 10.5456127], [122.9855681, 10.5456127], [122.9853849, 10.5456381], [122.9852605, 10.5457397], [122.9851219, 10.5457258], [122.9850256, 10.5456611], [122.9849363, 10.5456496], [122.9848183, 10.5457535], [122.9846516, 10.5459867], [122.9844237, 10.5460329], [122.9842476, 10.5460491], [122.9840433, 10.5460537], [122.9839647, 10.5460952], [122.9837345, 10.5461368], [122.9835302, 10.5460583], [122.9833892, 10.5459013], [122.9832882, 10.5457466], [122.9831943, 10.5456173], [122.9830909, 10.5454579], [122.9829876, 10.5453125], [122.9828067, 10.5451601], [122.9826635, 10.5450816], [122.9825085, 10.5450492], [122.9822968, 10.5450631], [122.9821347, 10.5450793], [122.982029, 10.5450354], [122.981881, 10.5451093], [122.9816697, 10.5451], [122.9814818, 10.54498], [122.9813289, 10.5449396], [122.9811864, 10.5450675], [122.9811492, 10.5452442], [122.9809818, 10.5453235], [122.9806285, 10.545232], [122.9800645, 10.5449761], [122.9798661, 10.5447324], [122.9797956, 10.5445424], [122.9794268, 10.544491], [122.979227, 10.5444119], [122.9791103, 10.5444132], [122.9790325, 10.5444541], [122.9789843, 10.5445226], [122.9789923, 10.5446307], [122.9790607, 10.5450091], [122.9790634, 10.5451027], [122.9790151, 10.5453177], [122.9789615, 10.5455326], [122.9789078, 10.5456301], [122.9788193, 10.5456763], [122.9786423, 10.545704], [122.9784465, 10.5456736], [122.9782842, 10.5455629], [122.9780996, 10.545555], [122.9780004, 10.5458109], [122.9780562, 10.5460181], [122.9780872, 10.546207], [122.9780004, 10.5462923], [122.9778082, 10.5461217], [122.9776533, 10.5458536], [122.977424, 10.5458963], [122.9772008, 10.5461156], [122.977176, 10.546463], [122.977083, 10.5466153], [122.9769706, 10.5468187], [122.9773231, 10.5469573], [122.977752, 10.5473154], [122.9780928, 10.5475956], [122.9784436, 10.547927], [122.983595, 10.5689013], [122.9845551, 10.5720474], [122.9854532, 10.5750792], [122.9881559, 10.5849398], [123.0050443, 10.6051237], [123.0170961, 10.6195264], [123.0171212, 10.6196192], [123.0186444, 10.6248847], [123.0200839, 10.6298711], [123.0201074, 10.6299496], [123.0213967, 10.6344094], [123.0297153, 10.6333912], [123.0324065, 10.6330745], [123.0325199, 10.6330606], [123.0429318, 10.6317734], [123.0762538, 10.6459501], [123.0763006, 10.64597], [123.0771919, 10.6463492], [123.0787585, 10.6466037], [123.1120396, 10.6520097], [123.1125582, 10.6522044], [123.1129284, 10.6521322], [123.1131012, 10.6522657], [123.1136473, 10.6522096], [123.114172, 10.6527018], [123.114406, 10.6525474], [123.1146165, 10.6525971], [123.1149517, 10.6529285], [123.1152357, 10.6528953], [123.1155035, 10.6526814], [123.1159858, 10.6523832], [123.1168922, 10.6526242], [123.1177745, 10.6532086], [123.1186891, 10.6532236], [123.1193759, 10.6535996], [123.1204852, 10.6533776], [123.1206617, 10.6535449], [123.1205031, 10.6538289], [123.1212244, 10.6541551], [123.1215699, 10.6538269], [123.1219125, 10.6540315], [123.1223825, 10.6539161], [123.1230005, 10.6544488], [123.1235285, 10.6541873], [123.1248988, 10.6550598], [123.1256247, 10.6550856], [123.1260925, 10.6548322], [123.1270163, 10.6547241], [123.1276847, 10.6549424], [123.1283677, 10.655457], [123.1287333, 10.6554458], [123.1289387, 10.6557011], [123.1288089, 10.6560918], [123.128901, 10.6563856], [123.1292911, 10.6562988], [123.1297115, 10.6563213], [123.130892, 10.6565226], [123.1320634, 10.6564208], [123.1334329, 10.6565137], [123.1347136, 10.6564701], [123.1351349, 10.6568414], [123.1364471, 10.6567511]]]}}, {"type": "Feature", "properties": {"name": "Don Salvador Benedicto", "osm_id": 12717917, "admin_level": "6", "region": "bacolod", "franchise": "CENECO"}, "geometry": {"type": "Polygon", "coordinates": [[[123.2357928, 10.6371665], [123.3304517, 10.6191386], [123.345547, 10.6161593], [123.3364475, 10.5954703], [123.3339495, 10.5762364], [123.2977007, 10.5479672], [123.2918765, 10.5451286], [123.2918519, 10.5447903], [123.2916748, 10.5438357], [123.2916266, 10.5429444], [123.2914442, 10.5424118], [123.291294, 10.5420953], [123.2909775, 10.5419002], [123.2907683, 10.5418738], [123.2903606, 10.5419002], [123.2891482, 10.5421955], [123.2888478, 10.5421059], [123.2884669, 10.5418897], [123.2882845, 10.5414678], [123.2881933, 10.5411249], [123.2881021, 10.540529], [123.2880109, 10.5401704], [123.2879198, 10.5398117], [123.2877642, 10.5396061], [123.2875282, 10.5395586], [123.2872599, 10.5397115], [123.2871205, 10.5398961], [123.2868683, 10.5402706], [123.2863694, 10.5412568], [123.2860905, 10.5415996], [123.2858974, 10.5417578], [123.285597, 10.5417736], [123.2852322, 10.5415521], [123.2848084, 10.5411935], [123.2839233, 10.5406239], [123.2823354, 10.539875], [123.2818741, 10.5395744], [123.2816541, 10.5393055], [123.2815576, 10.5390681], [123.2816005, 10.538815], [123.2817185, 10.5385671], [123.2817373, 10.5383641], [123.2811472, 10.5372671], [123.2806912, 10.5364021], [123.2806054, 10.5361595], [123.2806322, 10.5358747], [123.2807314, 10.5356928], [123.2808843, 10.5354212], [123.2809326, 10.5350599], [123.2808736, 10.5348041], [123.280769, 10.5346565], [123.2805169, 10.534522], [123.2802647, 10.5344745], [123.279916, 10.5345114], [123.2796961, 10.5345483], [123.2793662, 10.5345246], [123.2792777, 10.5344086], [123.2792133, 10.5341686], [123.2790792, 10.5338944], [123.2788002, 10.533657], [123.2782709, 10.5335048], [123.2772804, 10.5335892], [123.2765507, 10.5338315], [123.2758037, 10.5344364], [123.2753473, 10.5347212], [123.2748909, 10.535006], [123.2743907, 10.5351865], [123.274101, 10.5351021], [123.2738972, 10.5349017], [123.2736911, 10.5342986], [123.2738006, 10.5337942], [123.2742816, 10.5330146], [123.2744821, 10.5321746], [123.2743748, 10.531518], [123.2738864, 10.5311044], [123.2733504, 10.5308131], [123.2723865, 10.530657], [123.2699786, 10.5309719], [123.2694018, 10.5311044], [123.269037, 10.5310095], [123.2688769, 10.5304984], [123.2691036, 10.5296086], [123.2692168, 10.5285367], [123.2691373, 10.5281627], [123.2686537, 10.5278303], [123.2682268, 10.5274653], [123.2679126, 10.5268236], [123.2675093, 10.5264421], [123.2668582, 10.5261612], [123.2661074, 10.5259368], [123.2655088, 10.5254046], [123.2648801, 10.5248553], [123.2645402, 10.5247961], [123.2638979, 10.5248177], [123.2632001, 10.5250311], [123.2620234, 10.5262912], [123.2598516, 10.5282292], [123.2582214, 10.5290161], [123.2577288, 10.5291319], [123.2574822, 10.5289994], [123.2571736, 10.5283319], [123.2563782, 10.5270387], [123.2556025, 10.5262122], [123.2545926, 10.5260666], [123.2533392, 10.5257866], [123.2524801, 10.5259833], [123.251946, 10.5270434], [123.2516365, 10.5272706], [123.2506605, 10.5272127], [123.2495042, 10.5271543], [123.2486813, 10.5275439], [123.2483731, 10.5273759], [123.2483038, 10.5266676], [123.2486897, 10.5255863], [123.2488561, 10.5250286], [123.2488814, 10.524608], [123.2487166, 10.5243324], [123.2482052, 10.5240262], [123.2471964, 10.5240388], [123.2455508, 10.5240423], [123.2439587, 10.5244841], [123.2423097, 10.5243779], [123.2406033, 10.5239104], [123.2403159, 10.523573], [123.2402914, 10.523104], [123.2403374, 10.5227291], [123.2405892, 10.5225623], [123.2437075, 10.5214215], [123.2440495, 10.5212101], [123.2441461, 10.520862], [123.2441139, 10.5205139], [123.2438788, 10.5201414], [123.2429287, 10.5188726], [123.2418453, 10.5181876], [123.2412732, 10.5179706], [123.2407635, 10.5181842], [123.2403919, 10.5184538], [123.2392207, 10.5193032], [123.2388792, 10.5194315], [123.2385591, 10.5196125], [123.2378653, 10.5197689], [123.2375674, 10.5200522], [123.237248, 10.5207786], [123.2365989, 10.5211847], [123.2358149, 10.5213256], [123.2342451, 10.520711], [123.2331683, 10.5207867], [123.2326042, 10.5214169], [123.2323922, 10.5223368], [123.2318948, 10.523406], [123.2310096, 10.5247819], [123.2303605, 10.5252378], [123.2292055, 10.5252875], [123.2275532, 10.5250223], [123.2263055, 10.5249228], [123.225766, 10.5251798], [123.2249061, 10.5256025], [123.2245773, 10.5261164], [123.2240799, 10.5266634], [123.223886, 10.5276663], [123.2239282, 10.52852], [123.2246447, 10.5295726], [123.2251813, 10.5309752], [123.2252264, 10.5315204], [123.2250157, 10.5320757], [123.2242715, 10.5323317], [123.2221948, 10.5323317], [123.2214188, 10.5322329], [123.2199995, 10.5320929], [123.2183742, 10.5320963], [123.2171395, 10.5317929], [123.2162682, 10.5310905], [123.2157435, 10.5300736], [123.2155122, 10.5287822], [123.2150767, 10.5279837], [123.2143679, 10.5276682], [123.2137189, 10.5277056], [123.2124177, 10.5278137], [123.2117156, 10.5283419], [123.2112837, 10.5286668], [123.2098856, 10.5298396], [123.208512, 10.5311803], [123.2073361, 10.5323869], [123.2065204, 10.5330695], [123.205966, 10.5335334], [123.205112, 10.5350241], [123.2048333, 10.5361161], [123.2043844, 10.5369308], [123.2039168, 10.5374054], [123.2028225, 10.5371424], [123.2024164, 10.5370448], [123.2014388, 10.5364716], [123.200584, 10.5355825], [123.2008315, 10.5351507], [123.201435, 10.5347116], [123.2015864, 10.5342023], [123.2017175, 10.5337612], [123.2017132, 10.5336575], [123.2016891, 10.5330694], [123.2015487, 10.5329171], [123.2012252, 10.5325664], [123.2005278, 10.5323201], [123.2000843, 10.5326635], [123.199369, 10.5333634], [123.1983857, 10.5337752], [123.1977933, 10.5336303], [123.197338, 10.5330135], [123.1971484, 10.5329266], [123.196966, 10.5329213], [123.1965285, 10.5332922], [123.196282, 10.5335589], [123.1961876, 10.533661], [123.1952672, 10.5340302], [123.1935895, 10.5342583], [123.1921126, 10.5343471], [123.1907475, 10.5341151], [123.1891534, 10.5336128], [123.1887328, 10.5337921], [123.1888435, 10.5342432], [123.189156, 10.5348168], [123.1897974, 10.5353848], [123.1905832, 10.5358904], [123.1906467, 10.5365891], [123.1906525, 10.537339], [123.1904503, 10.53764], [123.1899014, 10.5380149], [123.18952, 10.5385432], [123.1891676, 10.5388613], [123.1888151, 10.5389352], [123.1885031, 10.5387648], [123.1881564, 10.5383728], [123.187908, 10.5380263], [123.1876782, 10.5379739], [123.1875844, 10.5379525], [123.1871973, 10.5380604], [123.1865097, 10.5388784], [123.1858279, 10.5394862], [123.1851172, 10.5402531], [123.1845221, 10.5408666], [123.1841521, 10.5412545], [123.184002, 10.5414119], [123.1836023, 10.5416945], [123.182744, 10.5418633], [123.181747, 10.5422471], [123.1807632, 10.5429075], [123.1799575, 10.543792], [123.179293, 10.5442748], [123.1790307, 10.5443153], [123.1787036, 10.5443657], [123.1784205, 10.5440306], [123.1782756, 10.5438337], [123.1779814, 10.5434341], [123.1772591, 10.5432069], [123.1766861, 10.5433305], [123.1761266, 10.5434512], [123.1749715, 10.5433982], [123.1741217, 10.5434569], [123.1736537, 10.5436614], [123.1730412, 10.5438658], [123.1727465, 10.5441442], [123.1721398, 10.5446611], [123.1717527, 10.5450928], [123.1714696, 10.5454848], [123.1710247, 10.5461096], [123.1706318, 10.5465868], [123.1705029, 10.5469436], [123.1703487, 10.5473707], [123.1700655, 10.5479785], [123.1698229, 10.5482852], [123.1693837, 10.5486544], [123.1687085, 10.5491944], [123.1686095, 10.5492736], [123.1676272, 10.54987], [123.1669248, 10.5499799], [123.1661738, 10.5501487], [123.1654027, 10.5502051], [123.1645302, 10.5500802], [123.1640795, 10.5498075], [123.1640564, 10.5493758], [123.1639986, 10.548467], [123.1639073, 10.5482445], [123.1637486, 10.5478574], [123.1633457, 10.5477285], [123.1627621, 10.5482511], [123.1622421, 10.5486999], [123.1616248, 10.5487986], [123.1608439, 10.5490236], [123.1603123, 10.5495349], [123.1594802, 10.5507164], [123.1589776, 10.5507164], [123.1585327, 10.5503017], [123.1579317, 10.5495349], [123.1574695, 10.5494213], [123.1568281, 10.5495121], [123.1564121, 10.5495917], [123.1557823, 10.5496882], [123.1552796, 10.5501143], [123.1549041, 10.5506766], [123.1547134, 10.5510856], [123.1547481, 10.5522103], [123.1546441, 10.5528238], [123.1545921, 10.5535168], [123.1536965, 10.554312], [123.1533036, 10.5541643], [123.1527199, 10.553777], [123.1517493, 10.5532441], [123.1511773, 10.5533123], [123.1504435, 10.5533634], [123.1494496, 10.5536985], [123.1490914, 10.5542097], [123.1487101, 10.5550675], [123.1487714, 10.5557073], [123.1487852, 10.5558513], [123.1487967, 10.5564307], [123.1486003, 10.5567431], [123.1480514, 10.5569022], [123.1473753, 10.5573225], [123.1464566, 10.5579587], [123.1459886, 10.5581404], [123.1454744, 10.5581575], [123.1448668, 10.5583002], [123.1450029, 10.5584479], [123.1452217, 10.558832], [123.1454138, 10.559063], [123.1454998, 10.5591665], [123.1457499, 10.5592894], [123.1463504, 10.5595844], [123.1469131, 10.5600674], [123.1472162, 10.5604502], [123.1476605, 10.5605901], [123.1481927, 10.5603746], [123.1485518, 10.5603543], [123.1489129, 10.5607262], [123.1494849, 10.5611842], [123.1499593, 10.5612405], [123.1503697, 10.5609992], [123.1506487, 10.5608397], [123.1509246, 10.5609244], [123.1511882, 10.5612586], [123.1511961, 10.5618359], [123.1509986, 10.5623235], [123.1511821, 10.5627418], [123.151758, 10.5629651], [123.1522558, 10.5628296], [123.1525617, 10.5627953], [123.1528705, 10.5630193], [123.1531263, 10.5635691], [123.1532813, 10.5642255], [123.1536381, 10.5645927], [123.1539536, 10.5646392], [123.1545065, 10.5643963], [123.1548262, 10.564433], [123.1552697, 10.5648183], [123.1558436, 10.5648159], [123.1563117, 10.5645618], [123.1565893, 10.5646044], [123.1569938, 10.5649212], [123.1571195, 10.5653651], [123.1570061, 10.5656936], [123.1565922, 10.566017], [123.1563186, 10.5662689], [123.1564477, 10.5664688], [123.1570239, 10.5664434], [123.1575368, 10.5661995], [123.1578867, 10.5661666], [123.1582, 10.5660526], [123.1584536, 10.566219], [123.1585486, 10.5665567], [123.1583408, 10.5669141], [123.1581646, 10.5674369], [123.1581943, 10.5678142], [123.1584675, 10.5680826], [123.1589372, 10.5685797], [123.1592811, 10.5687121], [123.1597353, 10.5685032], [123.1600998, 10.5683053], [123.1605438, 10.5683814], [123.1613244, 10.5686644], [123.1618295, 10.5689782], [123.1618685, 10.5693236], [123.1620354, 10.5700397], [123.1624083, 10.5707273], [123.1628499, 10.5709545], [123.1631767, 10.5709154], [123.163554, 10.5702558], [123.1638293, 10.5696752], [123.1641446, 10.5694491], [123.1645189, 10.5696261], [123.1646763, 10.5700676], [123.1646743, 10.5705852], [123.1646738, 10.5710279], [123.1647456, 10.5713965], [123.165109, 10.571698], [123.165842, 10.5720686], [123.166218, 10.5724252], [123.1665427, 10.5730476], [123.1666253, 10.5734934], [123.166816, 10.5738076], [123.1672275, 10.5740457], [123.1674779, 10.5743373], [123.167521, 10.5746531], [123.1673493, 10.5752365], [123.1674812, 10.5756971], [123.1679571, 10.5761911], [123.1682678, 10.5762642], [123.1685349, 10.5759789], [123.1690041, 10.5753816], [123.1693316, 10.5752738], [123.1697457, 10.5753477], [123.1702875, 10.5752803], [123.1705028, 10.5753978], [123.1705489, 10.5757658], [123.1709767, 10.5762795], [123.1714274, 10.5769865], [123.171543, 10.5775816], [123.1718959, 10.5780302], [123.1723515, 10.5781654], [123.172839, 10.5780435], [123.1733898, 10.5778677], [123.173569, 10.5779395], [123.1738685, 10.5785826], [123.1741333, 10.5792699], [123.1747714, 10.5798492], [123.175435, 10.5804436], [123.1759886, 10.5809143], [123.1761892, 10.581194], [123.1763743, 10.5818778], [123.1767546, 10.5822307], [123.177263, 10.5824195], [123.1778455, 10.5822673], [123.1782313, 10.5820215], [123.1785518, 10.5819663], [123.1788615, 10.5820004], [123.1791713, 10.5820766], [123.1794145, 10.5821829], [123.1797391, 10.582649], [123.180112, 10.5829937], [123.1806534, 10.5830874], [123.1812372, 10.582893], [123.1815727, 10.5829579], [123.1817132, 10.583287], [123.181911, 10.5836421], [123.1819965, 10.5837348], [123.181725, 10.5844361], [123.1813491, 10.5850164], [123.1814815, 10.5855979], [123.1819953, 10.5863193], [123.1819577, 10.5868828], [123.1821946, 10.5874915], [123.182712, 10.5879557], [123.1836188, 10.5885139], [123.1841666, 10.5885825], [123.1845631, 10.588554], [123.1847682, 10.5888061], [123.1848163, 10.5892241], [123.1847498, 10.5895816], [123.1849022, 10.5898658], [123.1852668, 10.5900973], [123.1858448, 10.5901411], [123.1860777, 10.5904593], [123.1862786, 10.5909648], [123.1867684, 10.5912622], [123.1873432, 10.5918393], [123.1876005, 10.5924244], [123.1878198, 10.5931775], [123.1882419, 10.5939238], [123.1884983, 10.5940954], [123.1890085, 10.5939152], [123.189412, 10.5938745], [123.1898779, 10.59385], [123.1905793, 10.5936648], [123.1910435, 10.5932799], [123.1913222, 10.5932093], [123.1915341, 10.5933274], [123.1915844, 10.5938332], [123.1913178, 10.5946043], [123.1914123, 10.594802], [123.1913756, 10.5953803], [123.1912644, 10.5962492], [123.1912857, 10.5965339], [123.1914893, 10.5967128], [123.191767, 10.5971979], [123.1921353, 10.598321], [123.1921989, 10.5986998], [123.1921117, 10.5990529], [123.1919752, 10.5993283], [123.1920094, 10.5996839], [123.1922505, 10.600049], [123.19264, 10.6002975], [123.1930576, 10.6008125], [123.193438, 10.6015001], [123.193549, 10.6019804], [123.193433, 10.6023698], [123.1930832, 10.6027811], [123.1923644, 10.6036983], [123.1924172, 10.6039373], [123.1926508, 10.6040589], [123.1929382, 10.6040029], [123.1932405, 10.6038012], [123.1937744, 10.6036443], [123.1940287, 10.603968], [123.1939626, 10.6046763], [123.1937258, 10.6055971], [123.193915, 10.6058966], [123.1941846, 10.6060537], [123.1947936, 10.6060311], [123.1950721, 10.606162], [123.1953506, 10.6062929], [123.1955198, 10.6064076], [123.1956459, 10.6066993], [123.1958685, 10.6069545], [123.196143, 10.6070566], [123.1964768, 10.6070566], [123.1967068, 10.6069618], [123.1969294, 10.6068524], [123.1971965, 10.6068451], [123.1974487, 10.6069472], [123.1975229, 10.6071368], [123.1975155, 10.6072535], [123.1973523, 10.607341], [123.1972039, 10.6076619], [123.1972929, 10.6078806], [123.1973968, 10.6080192], [123.1973523, 10.6083546], [123.197382, 10.6087047], [123.1975378, 10.608938], [123.1977603, 10.6089891], [123.1979681, 10.6089234], [123.1983168, 10.6089016], [123.198569, 10.6089818], [123.1988287, 10.609237], [123.1990142, 10.6094777], [123.1990513, 10.6097985], [123.1990766, 10.6102511], [123.1991959, 10.6106867], [123.1995539, 10.6110385], [123.1998607, 10.6109547], [123.2001504, 10.6108542], [123.2006788, 10.6109547], [123.2011902, 10.611005], [123.2018208, 10.6110553], [123.2024003, 10.6112898], [123.2028605, 10.611273], [123.2032867, 10.6111893], [123.2036105, 10.6112563], [123.2039514, 10.6114741], [123.20419, 10.6118762], [123.2042923, 10.612362], [123.2043775, 10.6130321], [123.2046162, 10.613719], [123.2048548, 10.6144394], [123.2051786, 10.6146237], [123.205332, 10.6149755], [123.2062751, 10.6189475], [123.206813, 10.6207541], [123.2081432, 10.6231701], [123.2113911, 10.6277223], [123.2357928, 10.6371665]]]}}, {"type": "Feature", "properties": {"name": "EB Magalona", "osm_id": 13279611, "admin_level": null, "region": "bacolod", "franchise": "CENECO"}, "geometry": {"type": "Polygon", "coordinates": [[[122.8665296, 10.8722113], [122.9435324, 10.8568151], [122.9444725, 10.8562765], [122.9455071, 10.8562506], [122.9464668, 10.8558956], [122.9501253, 10.8515017], [122.9506081, 10.8509827], [122.9511553, 10.8505612], [122.9517883, 10.8502451], [122.9524535, 10.8501187], [122.953301, 10.8501081], [122.9540091, 10.8502978], [122.9546588, 10.8506455], [122.9550343, 10.8508773], [122.955442, 10.8509722], [122.9556839, 10.8507467], [122.9557719, 10.850559], [122.9560067, 10.8499559], [122.9559508, 10.8496915], [122.9557262, 10.8494385], [122.9555866, 10.8490603], [122.9555229, 10.8488368], [122.9555789, 10.8486004], [122.9557954, 10.8483588], [122.9559045, 10.8480908], [122.9558303, 10.8477071], [122.9559171, 10.8473392], [122.9556888, 10.8465586], [122.9555898, 10.8463073], [122.9556196, 10.8461614], [122.9557113, 10.8460907], [122.9558016, 10.8456849], [122.955793, 10.8454093], [122.955924, 10.845139], [122.9561434, 10.8448549], [122.9562193, 10.8445376], [122.9563841, 10.8443772], [122.9567583, 10.8441876], [122.9571266, 10.8441498], [122.9574271, 10.8443601], [122.9577636, 10.8446156], [122.9582438, 10.8448565], [122.9584519, 10.8448879], [122.9587387, 10.844886], [122.9590505, 10.8447848], [122.9592275, 10.8446588], [122.9594674, 10.8439274], [122.9597795, 10.8436579], [122.9599546, 10.8435371], [122.9602131, 10.843437], [122.9603832, 10.8434573], [122.9605697, 10.843546], [122.9607601, 10.8436414], [122.9609506, 10.8436626], [122.9611657, 10.843599], [122.9613571, 10.8434942], [122.9615211, 10.8433342], [122.961605, 10.8432044], [122.961644, 10.8430441], [122.9616183, 10.8428718], [122.9615511, 10.8426086], [122.9615133, 10.8424537], [122.9614411, 10.8423176], [122.9614481, 10.8421859], [122.9614798, 10.8420785], [122.9616076, 10.8419306], [122.9617631, 10.8418281], [122.9619539, 10.8418167], [122.9623535, 10.8415633], [122.9628516, 10.8412781], [122.9629666, 10.8412752], [122.9631073, 10.8413222], [122.9633511, 10.8416583], [122.9634924, 10.8417834], [122.9636032, 10.841846], [122.9637262, 10.8418783], [122.9642971, 10.8418699], [122.9647991, 10.8419123], [122.9654667, 10.8418614], [122.9659603, 10.8418077], [122.9661852, 10.8417153], [122.9664495, 10.8415251], [122.966861, 10.8412561], [122.9672814, 10.8410426], [122.9675511, 10.840949], [122.9677734, 10.8414423], [122.9678971, 10.841649], [122.9680578, 10.8418481], [122.9682141, 10.8419696], [122.9684778, 10.8420932], [122.9686985, 10.8421865], [122.9688611, 10.8422255], [122.9689694, 10.8422196], [122.9690757, 10.8421668], [122.9812707, 10.8393452], [122.9993093, 10.8351681], [123.0117803, 10.8320374], [123.0139629, 10.8350278], [123.0205045, 10.8500587], [123.0303648, 10.845553], [123.0307128, 10.8446517], [123.0304751, 10.8444105], [123.0300836, 10.8439605], [123.0298935, 10.8434625], [123.0298618, 10.8427311], [123.0298776, 10.841953], [123.0300995, 10.8409258], [123.0300202, 10.8401322], [123.0294498, 10.8392918], [123.028816, 10.8387004], [123.0282456, 10.8382024], [123.0280396, 10.837611], [123.0280237, 10.8369107], [123.0282139, 10.8359769], [123.0290061, 10.8351521], [123.030147, 10.8346229], [123.0306005, 10.8343769], [123.0312086, 10.8340471], [123.032213, 10.8333787], [123.0331846, 10.8327379], [123.0349672, 10.8318243], [123.036417, 10.8309633], [123.0390805, 10.830599], [123.0406314, 10.8303672], [123.0420812, 10.8299699], [123.0432949, 10.8293076], [123.0446099, 10.8283472], [123.0460775, 10.8274747], [123.0462165, 10.8273922], [123.0468571, 10.8271935], [123.0477675, 10.8269451], [123.0491498, 10.8268623], [123.0504647, 10.8267133], [123.0517459, 10.8264153], [123.0520466, 10.8261709], [123.0531114, 10.8253059], [123.0540044, 10.8238657], [123.0542409, 10.8234845], [123.0549657, 10.8222924], [123.0546475, 10.8207148], [123.0543931, 10.819121], [123.05493, 10.8180449], [123.0550294, 10.8178458], [123.055162, 10.8175802], [123.0553171, 10.8172431], [123.0559037, 10.8170006], [123.0566623, 10.8167854], [123.0585335, 10.8162058], [123.0592853, 10.815864], [123.0605733, 10.8152786], [123.0608863, 10.8150856], [123.0611384, 10.8149329], [123.0613214, 10.8147735], [123.0615217, 10.8145327], [123.0618048, 10.8141697], [123.0621571, 10.8138611], [123.0623086, 10.8137623], [123.0636604, 10.8133829], [123.0652268, 10.8130878], [123.0666227, 10.8130811], [123.0675108, 10.8133855], [123.0682643, 10.8136885], [123.0685742, 10.8138255], [123.0689127, 10.8142206], [123.0689562, 10.8144249], [123.0689928, 10.8145973], [123.0689114, 10.8149065], [123.068822, 10.8151253], [123.0687758, 10.8152167], [123.0685255, 10.8155679], [123.0680963, 10.8160363], [123.0678341, 10.8164461], [123.0679414, 10.8169261], [123.0684778, 10.8172422], [123.0689784, 10.8178042], [123.069789, 10.8179682], [123.0703061, 10.8176648], [123.0707069, 10.8174296], [123.0715413, 10.8169729], [123.0727214, 10.8165397], [123.0735558, 10.8157435], [123.0744052, 10.8150226], [123.0744977, 10.8149139], [123.0745578, 10.8148594], [123.0751079, 10.8144167], [123.0753922, 10.8143271], [123.0760038, 10.8141611], [123.0772071, 10.8141856], [123.0782172, 10.8144872], [123.0791782, 10.8148916], [123.0813874, 10.8157201], [123.0830682, 10.8160831], [123.0850827, 10.8161885], [123.0870972, 10.8158255], [123.0882094, 10.8148611], [123.0896636, 10.8141523], [123.0907045, 10.8137011], [123.0913409, 10.8134486], [123.0917961, 10.813403], [123.0921122, 10.8133285], [123.0925114, 10.8130585], [123.0935849, 10.8102512], [123.0950767, 10.8084436], [123.0956762, 10.8084488], [123.096666, 10.8084573], [123.0985062, 10.8077315], [123.1010941, 10.8053969], [123.1016728, 10.8048748], [123.1020471, 10.8049446], [123.1022874, 10.8054538], [123.1024989, 10.8059018], [123.105958, 10.8064786], [123.1096921, 10.8047104], [123.1098052, 10.8042023], [123.1095703, 10.8036081], [123.1091587, 10.802567], [123.1092959, 10.8014095], [123.1093234, 10.8011776], [123.110783, 10.8005654], [123.1119951, 10.8000569], [123.1128342, 10.799705], [123.1131415, 10.7995918], [123.1137955, 10.7993509], [123.1142492, 10.7998657], [123.1147911, 10.8004806], [123.1155064, 10.8010905], [123.1162296, 10.801707], [123.1166074, 10.8019611], [123.117263, 10.8021837], [123.1183102, 10.8025884], [123.1188423, 10.8031617], [123.1197693, 10.8034483], [123.1205761, 10.803128], [123.1212971, 10.8027233], [123.1215044, 10.8019285], [123.1219509, 10.8012225], [123.1223592, 10.8008093], [123.122813, 10.8004805], [123.1228249, 10.800254], [123.1227416, 10.7999879], [123.122682, 10.7997293], [123.1225841, 10.7995315], [123.12229, 10.7992648], [123.1221587, 10.7990914], [123.1220682, 10.7988647], [123.1220094, 10.798598], [123.1219551, 10.7978824], [123.1219642, 10.7976201], [123.122023, 10.7973179], [123.122118, 10.7970423], [123.1222311, 10.7968067], [123.1224226, 10.7965713], [123.1237578, 10.7947574], [123.1240148, 10.794836], [123.1245977, 10.7949057], [123.12483, 10.7948306], [123.1254213, 10.7945664], [123.1257471, 10.7943086], [123.1262178, 10.7938107], [123.1270504, 10.7929173], [123.1271318, 10.7927439], [123.127236, 10.792588], [123.1286005, 10.7911238], [123.1297763, 10.7895236], [123.1298687, 10.7893488], [123.1304532, 10.7884449], [123.1306653, 10.7880435], [123.1308562, 10.787726], [123.1312032, 10.7872982], [123.1323218, 10.7868374], [123.1331639, 10.7869482], [123.1335967, 10.7867552], [123.1341977, 10.7863438], [123.1344683, 10.7860523], [123.1350933, 10.7848745], [123.1352779, 10.7843018], [123.1356071, 10.7826469], [123.1359198, 10.7816119], [123.1363747, 10.7810889], [123.1368913, 10.7806495], [123.1373368, 10.7802065], [123.1382746, 10.7792071], [123.1384181, 10.7788923], [123.1385643, 10.7786363], [123.1388219, 10.7782762], [123.13765, 10.7771564], [123.1373985, 10.776639], [123.1371748, 10.7761115], [123.1365974, 10.7744855], [123.1366115, 10.773245], [123.1371172, 10.7717171], [123.1377427, 10.7706525], [123.1385222, 10.7700172], [123.1394694, 10.7694656], [123.1407535, 10.7690194], [123.1416404, 10.7686308], [123.1422454, 10.7682761], [123.1429754, 10.767625], [123.1436536, 10.7670556], [123.1449329, 10.7666733], [123.1452869, 10.7663586], [123.1453687, 10.7661876], [123.145519, 10.7658736], [123.1454534, 10.7656234], [123.14484, 10.7653484], [123.1444993, 10.7651957], [123.1443851, 10.7651445], [123.1442735, 10.7647335], [123.144274, 10.7641305], [123.1446614, 10.7637222], [123.1453664, 10.7630152], [123.1446882, 10.7625249], [123.1442424, 10.7618906], [123.144379, 10.7613059], [123.1449711, 10.7606506], [123.1461933, 10.7597749], [123.1473523, 10.758674], [123.1481332, 10.7581461], [123.149307, 10.757794], [123.1501908, 10.7570468], [123.1502018, 10.7561118], [123.1504341, 10.7558422], [123.1511739, 10.7556366], [123.1517629, 10.7555196], [123.151985, 10.7555315], [123.1521788, 10.755599], [123.1523258, 10.7557896], [123.1522976, 10.7563707], [123.1523968, 10.7567571], [123.1525669, 10.7569597], [123.1531512, 10.7573998], [123.1539139, 10.7574841], [123.1542611, 10.7573166], [123.1544913, 10.7571564], [123.1546791, 10.7569544], [123.1556415, 10.7559681], [123.156578, 10.7550701], [123.1566934, 10.7549092], [123.1567672, 10.7546887], [123.1568834, 10.7535085], [123.1572299, 10.7526021], [123.157413, 10.752293], [123.1575966, 10.7520829], [123.157851, 10.7519144], [123.158816, 10.7516963], [123.1600653, 10.7513645], [123.161551, 10.7507573], [123.1616974, 10.7506146], [123.1617871, 10.7505971], [123.1618674, 10.7507429], [123.1619432, 10.7510345], [123.1621613, 10.7516166], [123.1622722, 10.751792], [123.1625175, 10.7518074], [123.1626685, 10.7517549], [123.1627863, 10.7516359], [123.1633445, 10.7511312], [123.1639671, 10.7502482], [123.1640165, 10.7499912], [123.1639883, 10.7497527], [123.1637796, 10.7495233], [123.1635001, 10.7493704], [123.1622926, 10.7491525], [123.1619859, 10.7487502], [123.16191, 10.7485679], [123.1619544, 10.74833], [123.1627787, 10.7475906], [123.1635525, 10.7472297], [123.1639142, 10.7471094], [123.1641578, 10.7472212], [123.1647552, 10.7478615], [123.1655227, 10.748343], [123.1658157, 10.7484269], [123.1661654, 10.7484413], [123.1664946, 10.7482857], [123.1668199, 10.748015], [123.167046, 10.7477164], [123.1672082, 10.7466087], [123.1673833, 10.7461434], [123.1675434, 10.7458923], [123.1676518, 10.7457528], [123.1678168, 10.7456968], [123.1681244, 10.7457304], [123.1683894, 10.7459448], [123.1685515, 10.7461511], [123.1686134, 10.7465059], [123.1687908, 10.7470976], [123.1688762, 10.7472651], [123.1690611, 10.7474333], [123.1694217, 10.747463], [123.1697257, 10.7473676], [123.1699514, 10.7472741], [123.1707766, 10.746765], [123.1710343, 10.7464913], [123.1712925, 10.7454677], [123.1713846, 10.7453539], [123.1714767, 10.7453279], [123.1715987, 10.7453754], [123.1718058, 10.745446], [123.1719487, 10.7455147], [123.1733252, 10.7468486], [123.1742964, 10.7472863], [123.1748587, 10.7473825], [123.1754532, 10.7474049], [123.1763993, 10.7470983], [123.1767704, 10.7468858], [123.1771008, 10.7466004], [123.1773024, 10.7463307], [123.177903, 10.7453714], [123.1785764, 10.7445805], [123.1797074, 10.7439639], [123.1802944, 10.7432969], [123.1804643, 10.7430751], [123.1805439, 10.7429325], [123.2681785, 10.6867349], [123.2222753, 10.729508], [123.156174, 10.7950973], [123.1558614, 10.7950154], [123.1552986, 10.7953702], [123.1547645, 10.7952758], [123.1544791, 10.7951312], [123.1539678, 10.7946101], [123.153816, 10.794077], [123.1535349, 10.7937149], [123.1531611, 10.7936443], [123.1518746, 10.7941199], [123.1513681, 10.7946522], [123.1507724, 10.7952661], [123.1503885, 10.7957213], [123.1499359, 10.795968], [123.149199, 10.7961466], [123.1485837, 10.7964087], [123.1483423, 10.7964725], [123.1479156, 10.7967647], [123.1478423, 10.7968168], [123.1477496, 10.7968864], [123.1476846, 10.7969693], [123.1476858, 10.7970302], [123.1476964, 10.7970819], [123.1476966, 10.7971739], [123.1475318, 10.7974532], [123.1473252, 10.7976931], [123.1471401, 10.797868], [123.1470765, 10.7979512], [123.1470261, 10.7980823], [123.1470271, 10.7981813], [123.1470525, 10.7982555], [123.1470471, 10.7984037], [123.1469974, 10.7985451], [123.1469469, 10.7986708], [123.1469477, 10.798792], [123.1469771, 10.7988263], [123.1470969, 10.7988641], [123.147254, 10.798879], [123.1473559, 10.7989166], [123.1474204, 10.7990047], [123.1474638, 10.7991639], [123.1474797, 10.7992504], [123.1474676, 10.7993369], [123.1474327, 10.7993958], [123.1474235, 10.7994685], [123.1474471, 10.7995176], [123.1475224, 10.7998727], [123.1475364, 10.8000412], [123.1483131, 10.8010131], [123.1484465, 10.8011255], [123.1486183, 10.801184], [123.1488046, 10.8011399], [123.1489468, 10.8011476], [123.1490516, 10.8012104], [123.149172, 10.8012867], [123.1492433, 10.8013768], [123.1492494, 10.801447], [123.1492252, 10.8014921], [123.1491768, 10.8015731], [123.149164, 10.8017442], [123.149157, 10.8019258], [123.1494327, 10.8023804], [123.1495517, 10.8028102], [123.1494887, 10.8031408], [123.1490718, 10.8031728], [123.1487334, 10.8033906], [123.1486499, 10.8038493], [123.1485975, 10.8049383], [123.1487374, 10.8057538], [123.1485415, 10.8059066], [123.1481464, 10.8060553], [123.1475148, 10.8067452], [123.1470296, 10.8071833], [123.1466497, 10.807338], [123.1461578, 10.8072472], [123.1460019, 10.8073767], [123.145879, 10.8078207], [123.1459214, 10.8081564], [123.1462823, 10.8083697], [123.1461189, 10.8091223], [123.1461322, 10.8092541], [123.1464137, 10.80981], [123.1463592, 10.8100236], [123.1461371, 10.8102544], [123.1459101, 10.8103405], [123.1453907, 10.8109028], [123.145265, 10.8111758], [123.14528, 10.8114673], [123.1456985, 10.8117672], [123.1459959, 10.8117748], [123.146222, 10.8119451], [123.145959, 10.81246], [123.1461016, 10.8128068], [123.1463421, 10.8129975], [123.1464324, 10.8130583], [123.146482, 10.8131131], [123.1465037, 10.813148], [123.1465161, 10.8131828], [123.1465184, 10.8132226], [123.1465113, 10.8132623], [123.146502, 10.8133017], [123.146478, 10.8133478], [123.1464142, 10.8134026], [123.1463731, 10.8134292], [123.1463302, 10.8134454], [123.1462699, 10.81346], [123.146206, 10.813466], [123.1461438, 10.8134692], [123.1460476, 10.8134674], [123.1459635, 10.8134856], [123.1458706, 10.8135359], [123.1454755, 10.8139381], [123.1454312, 10.8140816], [123.1454199, 10.8141702], [123.1454153, 10.8143013], [123.145435, 10.8144325], [123.1454409, 10.8145324], [123.1454061, 10.8146636], [123.145034, 10.8154928], [123.1449568, 10.8157491], [123.1449059, 10.8158416], [123.1448388, 10.8159141], [123.1447452, 10.8159527], [123.1446229, 10.815958], [123.144476, 10.8159208], [123.144353, 10.8158542], [123.1442858, 10.815805], [123.1442307, 10.8157418], [123.1439499, 10.8150674], [123.1439061, 10.8150072], [123.1438297, 10.8149813], [123.1437608, 10.8149779], [123.1436837, 10.8149847], [123.1436369, 10.8150007], [123.143176, 10.815282], [123.1431585, 10.815302], [123.1431456, 10.8153346], [123.1431454, 10.8153704], [123.1431578, 10.8154377], [123.1431572, 10.8156408], [123.1431467, 10.8159467], [123.1431483, 10.8160089], [123.1431636, 10.8160543], [123.1432021, 10.816091], [123.1433216, 10.8161455], [123.143374, 10.8161727], [123.143421, 10.8162079], [123.1435876, 10.8163406], [123.1438808, 10.8166007], [123.1455594, 10.8180174], [123.1464093, 10.8185717], [123.1467259, 10.8187341], [123.1467771, 10.8187434], [123.1468391, 10.8187376], [123.1468934, 10.8187205], [123.1469524, 10.8186942], [123.1470144, 10.8186574], [123.1470809, 10.8186074], [123.1471304, 10.8185574], [123.1471802, 10.8184877], [123.147443, 10.8180517], [123.1475068, 10.8179867], [123.1475911, 10.8179451], [123.1476718, 10.8179198], [123.1477537, 10.8179041], [123.1478325, 10.8179096], [123.1484196, 10.8181962], [123.1484504, 10.8182313], [123.1484628, 10.8182701], [123.1484674, 10.8183149], [123.148449, 10.81837], [123.1484137, 10.8184342], [123.1481967, 10.8188129], [123.1472512, 10.8193009], [123.1471517, 10.8195903], [123.1473468, 10.8198885], [123.147626, 10.8200395], [123.1479812, 10.8198524], [123.1481334, 10.8199458], [123.1481527, 10.8202102], [123.1478935, 10.8206133], [123.1466895, 10.8212532], [123.1465439, 10.8214334], [123.1463599, 10.8220283], [123.1465056, 10.8227891], [123.1465202, 10.823413], [123.145834, 10.8249873], [123.1456371, 10.8253006], [123.1447786, 10.8256768], [123.1445205, 10.8259927], [123.1443191, 10.826697], [123.1439899, 10.8273273], [123.1439346, 10.8273878], [123.1438676, 10.8274414], [123.1435048, 10.8276563], [123.1424997, 10.8282478], [123.1424134, 10.8283172], [123.1423368, 10.8284205], [123.1422802, 10.8285297], [123.1422349, 10.8286648], [123.1420821, 10.8297274], [123.1325955, 10.8295709], [123.1294486, 10.8333208], [123.1191833, 10.827259], [123.1052261, 10.8300007], [123.1048085, 10.8303322], [123.1005451, 10.8320359], [123.0822967, 10.8396475], [123.045996, 10.8553886], [123.0436025, 10.8567351], [123.0354659, 10.8626518], [123.0353881, 10.8628186], [123.035381, 10.8629855], [123.0354518, 10.8635972], [123.0354518, 10.8638648], [123.0353952, 10.8642576], [123.03515, 10.8652255], [123.0350856, 10.8659791], [123.0349252, 10.8670569], [123.0348609, 10.8674135], [123.0347825, 10.8689727], [123.0348917, 10.8699271], [123.0349655, 10.8701795], [123.03538, 10.8710966], [123.0355518, 10.8713153], [123.0357378, 10.8714645], [123.0359685, 10.871587], [123.0362806, 10.8716056], [123.0382059, 10.8713184], [123.0385647, 10.8713277], [123.0392877, 10.8715572], [123.0395192, 10.8715953], [123.0403298, 10.8715555], [123.0405934, 10.8715337], [123.0408851, 10.871567], [123.0422695, 10.8719717], [123.0427387, 10.8722113], [123.0437092, 10.8731725], [123.0449014, 10.8747199], [123.0450385, 10.8749513], [123.0452495, 10.8754854], [123.0452849, 10.8758136], [123.0453019, 10.876154], [123.0452772, 10.8782478], [123.0452403, 10.8785443], [123.045191, 10.878741], [123.0450801, 10.8788772], [123.0449075, 10.8790406], [123.043367, 10.8796094], [123.043065, 10.879688], [123.0425382, 10.8797395], [123.0420113, 10.8796941], [123.0417402, 10.8795972], [123.0415184, 10.8794097], [123.0396115, 10.8772561], [123.0393247, 10.8771043], [123.0391215, 10.8770506], [123.0388807, 10.8770075], [123.0386721, 10.8770013], [123.0384689, 10.8770372], [123.0382609, 10.8770958], [123.0380636, 10.8772282], [123.036739, 10.8784208], [123.0365695, 10.8786439], [123.0364537, 10.8789038], [123.0363829, 10.8791708], [123.036338, 10.8795047], [123.0363769, 10.8798036], [123.0367892, 10.8817279], [123.0368602, 10.8819603], [123.0369741, 10.8821769], [123.0380149, 10.8837312], [123.0382211, 10.8839473], [123.0395957, 10.8853542], [123.0397241, 10.885523], [123.0398016, 10.8857008], [123.0399797, 10.8874845], [123.0399498, 10.8878602], [123.039879, 10.8891635], [123.0397728, 10.8898932], [123.0390442, 10.8920318], [123.0388406, 10.8926834], [123.0387561, 10.8931485], [123.0387303, 10.8936859], [123.038765, 10.8943419], [123.0388634, 10.8949403], [123.0390154, 10.8955386], [123.0392278, 10.8961304], [123.0394938, 10.8966958], [123.0405595, 10.8984733], [123.040994, 10.898992], [123.0414619, 10.8994843], [123.0426235, 10.9005313], [123.0429549, 10.9011032], [123.0430099, 10.9015473], [123.0428761, 10.9018887], [123.0426934, 10.9020561], [123.0424789, 10.9020903], [123.0423528, 10.9020851], [123.0422066, 10.9020535], [123.0419518, 10.9020008], [123.0416621, 10.9019507], [123.0415495, 10.9019468], [123.0413121, 10.9019188], [123.0411994, 10.9018994], [123.0409835, 10.901877], [123.0406617, 10.9017993], [123.0403478, 10.9016808], [123.0400836, 10.9015728], [123.0396961, 10.901395], [123.0393152, 10.9012462], [123.0391207, 10.9011606], [123.0388217, 10.9010526], [123.0386715, 10.9010092], [123.0384475, 10.9009183], [123.0376804, 10.900805], [123.0360147, 10.9012643], [123.0353883, 10.9020378], [123.0354057, 10.9025584], [123.0361029, 10.9039492], [123.036709, 10.9048131], [123.0376075, 10.9055085], [123.0382606, 10.9056349], [123.0407161, 10.9055085], [123.0412261, 10.9056795], [123.0414489, 10.9059862], [123.0417642, 10.9062028], [123.0424904, 10.9066166], [123.0429163, 10.9069567], [123.0429353, 10.9072634], [123.0426538, 10.9075069], [123.0398232, 10.9082387], [123.0371861, 10.9090778], [123.0356411, 10.910932], [123.0339283, 10.9134463], [123.0336047, 10.9135628], [123.0340234, 10.9144122], [123.0341012, 10.9147072], [123.0341119, 10.9150917], [123.0342111, 10.9153735], [123.0343882, 10.9155262], [123.0351097, 10.9156737], [123.0351358, 10.915734], [123.0350424, 10.920915], [123.0318848, 10.9220442], [123.0306232, 10.9516398], [123.0313098, 10.9613806], [123.0318248, 10.9908443], [123.0315974, 11.0011026], [123.0024084, 10.9894095], [122.9861981, 10.982219], [122.9347454, 10.9632991], [122.9083892, 10.9545828], [122.905737, 10.9515055], [122.8697895, 10.9159729], [122.869561, 10.8910612], [122.8665296, 10.8722113]]]}}]}