{
 "type": "FeatureCollection",
 "properties": {
  "region": "calabarzon",
  "franchise": "Multiple (BATELEC, FLECO, QUEZELCO et al)",
  "source": "OpenStreetMap via Overpass API",
  "license": "ODbL"
 },
 "features": [
  {
   "type": "Feature",
   "properties": {
    "name": "Lipa",
    "osm_id": 6209763,
    "admin_level": "6",
    "region": "calabarzon",
    "franchise": "Multiple (BATELEC, FLECO, QUEZELCO et al)"
   },
   "geometry": {
    "type": "Polygon",
    "coordinates": [
     [
      [
       121.0879934,
       13.9271528
      ],
      [
       121.0763311,
       13.9290792
      ],
      [
       121.0752521,
       13.9290334
      ],
      [
       121.0741234,
       13.9294041
      ],
      [
       121.0734013,
       13.929295
      ],
      [
       121.0732726,
       13.9292439
      ],
      [
       121.073286,
       13.929485
      ],
      [
       121.0733692,
       13.9309829
      ],
      [
       121.0730206,
       13.9352028
      ],
      [
       121.0746406,
       13.9366294
      ],
      [
       121.0759639,
       13.9377176
      ],
      [
       121.0761194,
       13.9441423
      ],
      [
       121.0759511,
       13.9506703
      ],
      [
       121.0707,
       13.9505607
      ],
      [
       121.022644,
       13.969581
      ],
      [
       121.0334058,
       13.9780567
      ],
      [
       121.083046,
       13.9612673
      ],
      [
       121.0851663,
       13.9589584
      ],
      [
       121.0853326,
       13.9589818
      ],
      [
       121.0854185,
       13.9590131
      ],
      [
       121.085515,
       13.9590677
      ],
      [
       121.0855767,
       13.9591172
      ],
      [
       121.0856491,
       13.9591719
      ],
      [
       121.0857162,
       13.9592083
      ],
      [
       121.0858101,
       13.9592421
      ],
      [
       121.0859603,
       13.9592526
      ],
      [
       121.0861132,
       13.9592421
      ],
      [
       121.0862017,
       13.95925
      ],
      [
       121.0863867,
       13.9592421
      ],
      [
       121.0866094,
       13.9592994
      ],
      [
       121.0867193,
       13.9593385
      ],
      [
       121.0868481,
       13.959328
      ],
      [
       121.0869956,
       13.9593254
      ],
      [
       121.0872075,
       13.9593385
      ],
      [
       121.087406,
       13.9593072
      ],
      [
       121.0875857,
       13.9592656
      ],
      [
       121.0876715,
       13.9592786
      ],
      [
       121.0877869,
       13.9592994
      ],
      [
       121.0879183,
       13.9592942
      ],
      [
       121.0880926,
       13.9592656
      ],
      [
       121.0882241,
       13.959263
      ],
      [
       121.0883152,
       13.9592786
      ],
      [
       121.0884118,
       13.9592812
      ],
      [
       121.0884923,
       13.9592708
      ],
      [
       121.0886183,
       13.9592578
      ],
      [
       121.0887122,
       13.9592604
      ],
      [
       121.0891038,
       13.9593098
      ],
      [
       121.0892031,
       13.9593124
      ],
      [
       121.0892862,
       13.9593124
      ],
      [
       121.0894525,
       13.9592838
      ],
      [
       121.0895517,
       13.9592838
      ],
      [
       121.0896537,
       13.9592916
      ],
      [
       121.089761,
       13.9592734
      ],
      [
       121.089828,
       13.9592447
      ],
      [
       121.0899112,
       13.9592135
      ],
      [
       121.0900265,
       13.9591875
      ],
      [
       121.0901338,
       13.9591901
      ],
      [
       121.0902652,
       13.9591953
      ],
      [
       121.0903618,
       13.9592005
      ],
      [
       121.0904771,
       13.9591797
      ],
      [
       121.0905549,
       13.9591484
      ],
      [
       121.0906219,
       13.959099
      ],
      [
       121.0906461,
       13.9590469
      ],
      [
       121.0906702,
       13.9590027
      ],
      [
       121.0907614,
       13.958909
      ],
      [
       121.0908499,
       13.9588413
      ],
      [
       121.0909358,
       13.958784
      ],
      [
       121.0910162,
       13.9587372
      ],
      [
       121.0911638,
       13.9586591
      ],
      [
       121.0912442,
       13.9586044
      ],
      [
       121.0913381,
       13.9585159
      ],
      [
       121.0914078,
       13.9584326
      ],
      [
       121.091432,
       13.9583467
      ],
      [
       121.0914534,
       13.9582894
      ],
      [
       121.0915178,
       13.9582374
      ],
      [
       121.0915849,
       13.9582244
      ],
      [
       121.0916975,
       13.958266
      ],
      [
       121.0917753,
       13.9582816
      ],
      [
       121.0919148,
       13.9582973
      ],
      [
       121.0919926,
       13.9582946
      ],
      [
       121.0920811,
       13.958266
      ],
      [
       121.0921964,
       13.9581931
      ],
      [
       121.0922769,
       13.9581359
      ],
      [
       121.0924137,
       13.9580604
      ],
      [
       121.0925317,
       13.9580057
      ],
      [
       121.0926014,
       13.9579589
      ],
      [
       121.0926712,
       13.957873
      ],
      [
       121.0926953,
       13.9578157
      ],
      [
       121.0927436,
       13.9577766
      ],
      [
       121.0927919,
       13.9577636
      ],
      [
       121.0930949,
       13.9576881
      ],
      [
       121.0931647,
       13.9577064
      ],
      [
       121.0932532,
       13.957748
      ],
      [
       121.0933202,
       13.9577897
      ],
      [
       121.0933793,
       13.9578053
      ],
      [
       121.0935831,
       13.957735
      ],
      [
       121.0936421,
       13.9576751
      ],
      [
       121.0937548,
       13.9576049
      ],
      [
       121.0938701,
       13.9575658
      ],
      [
       121.0939693,
       13.9575346
      ],
      [
       121.0940739,
       13.9574747
      ],
      [
       121.0941383,
       13.9573992
      ],
      [
       121.0942268,
       13.9573654
      ],
      [
       121.0943583,
       13.9573419
      ],
      [
       121.0944575,
       13.9573602
      ],
      [
       121.0945353,
       13.9573862
      ],
      [
       121.094597,
       13.957394
      ],
      [
       121.094656,
       13.957394
      ],
      [
       121.0947418,
       13.9573758
      ],
      [
       121.0948357,
       13.9573315
      ],
      [
       121.0949323,
       13.9572717
      ],
      [
       121.0950047,
       13.9572326
      ],
      [
       121.0951227,
       13.9571832
      ],
      [
       121.0952193,
       13.9571285
      ],
      [
       121.0953185,
       13.9570608
      ],
      [
       121.0954177,
       13.9569671
      ],
      [
       121.0954794,
       13.9568994
      ],
      [
       121.0955384,
       13.9568213
      ],
      [
       121.0956082,
       13.9567511
      ],
      [
       121.0957074,
       13.9566704
      ],
      [
       121.0957745,
       13.9566287
      ],
      [
       121.0960373,
       13.9564543
      ],
      [
       121.0960937,
       13.9564205
      ],
      [
       121.0963377,
       13.9563059
      ],
      [
       121.0964289,
       13.9562825
      ],
      [
       121.0965764,
       13.9562435
      ],
      [
       121.0967025,
       13.9562122
      ],
      [
       121.0967669,
       13.9562096
      ],
      [
       121.0968259,
       13.9562044
      ],
      [
       121.0969037,
       13.9561446
      ],
      [
       121.09696,
       13.9560847
      ],
      [
       121.0969976,
       13.9560508
      ],
      [
       121.0970432,
       13.9560144
      ],
      [
       121.0971397,
       13.955991
      ],
      [
       121.0972202,
       13.9560014
      ],
      [
       121.0973087,
       13.9560248
      ],
      [
       121.0974026,
       13.9560482
      ],
      [
       121.097483,
       13.956043
      ],
      [
       121.097585,
       13.9560014
      ],
      [
       121.0976708,
       13.9559441
      ],
      [
       121.0977459,
       13.955827
      ],
      [
       121.0978505,
       13.9557489
      ],
      [
       121.0979658,
       13.9556682
      ],
      [
       121.0981107,
       13.9555875
      ],
      [
       121.0982636,
       13.9554756
      ],
      [
       121.0984004,
       13.9553688
      ],
      [
       121.0985559,
       13.9552257
      ],
      [
       121.0986873,
       13.9551268
      ],
      [
       121.0987705,
       13.9550565
      ],
      [
       121.0988456,
       13.9549446
      ],
      [
       121.0988912,
       13.95483
      ],
      [
       121.0989368,
       13.9547597
      ],
      [
       121.099028,
       13.9546608
      ],
      [
       121.0991299,
       13.9546244
      ],
      [
       121.0992023,
       13.9546322
      ],
      [
       121.0993257,
       13.954627
      ],
      [
       121.0994813,
       13.9546296
      ],
      [
       121.0996744,
       13.95464
      ],
      [
       121.0998353,
       13.9546478
      ],
      [
       121.0999721,
       13.9546895
      ],
      [
       121.1000714,
       13.9547311
      ],
      [
       121.1002243,
       13.9547363
      ],
      [
       121.1003691,
       13.9547051
      ],
      [
       121.1005193,
       13.9547051
      ],
      [
       121.1007822,
       13.9545905
      ],
      [
       121.1009645,
       13.9545281
      ],
      [
       121.1011255,
       13.954476
      ],
      [
       121.1012489,
       13.9544708
      ],
      [
       121.1014312,
       13.9544656
      ],
      [
       121.1016136,
       13.9544187
      ],
      [
       121.1017531,
       13.9543615
      ],
      [
       121.1019194,
       13.9542782
      ],
      [
       121.102075,
       13.9541897
      ],
      [
       121.1022359,
       13.9541116
      ],
      [
       121.1023593,
       13.9539918
      ],
      [
       121.1024451,
       13.9538929
      ],
      [
       121.1025149,
       13.9538617
      ],
      [
       121.102649,
       13.9537628
      ],
      [
       121.1027563,
       13.9536534
      ],
      [
       121.1027985,
       13.9536195
      ],
      [
       121.1028796,
       13.9535545
      ],
      [
       121.1029869,
       13.9534452
      ],
      [
       121.1031693,
       13.953315
      ],
      [
       121.1031961,
       13.9532578
      ],
      [
       121.1032309,
       13.9532205
      ],
      [
       121.1032981,
       13.9531484
      ],
      [
       121.1034536,
       13.9530495
      ],
      [
       121.1035824,
       13.9530287
      ],
      [
       121.1036628,
       13.9529766
      ],
      [
       121.1037326,
       13.952909
      ],
      [
       121.1038291,
       13.9528673
      ],
      [
       121.1039364,
       13.9528621
      ],
      [
       121.1040491,
       13.9528465
      ],
      [
       121.1041456,
       13.9528829
      ],
      [
       121.1042958,
       13.9528725
      ],
      [
       121.1043817,
       13.9528205
      ],
      [
       121.1045211,
       13.952758
      ],
      [
       121.1046767,
       13.9526851
      ],
      [
       121.1047894,
       13.9526695
      ],
      [
       121.1052024,
       13.9525758
      ],
      [
       121.1053365,
       13.9525341
      ],
      [
       121.1054653,
       13.952456
      ],
      [
       121.1056209,
       13.9524352
      ],
      [
       121.1057657,
       13.9523884
      ],
      [
       121.1059052,
       13.9523936
      ],
      [
       121.1060111,
       13.9523735
      ],
      [
       121.1061412,
       13.9523675
      ],
      [
       121.1062753,
       13.9522634
      ],
      [
       121.1063826,
       13.952227
      ],
      [
       121.1065221,
       13.9521541
      ],
      [
       121.1066186,
       13.952076
      ],
      [
       121.1067259,
       13.9520031
      ],
      [
       121.1068439,
       13.9519875
      ],
      [
       121.1069727,
       13.9519354
      ],
      [
       121.1070853,
       13.9518729
      ],
      [
       121.1071712,
       13.9518313
      ],
      [
       121.1073911,
       13.951774
      ],
      [
       121.107654,
       13.9516178
      ],
      [
       121.1077291,
       13.9515892
      ],
      [
       121.1078337,
       13.9515423
      ],
      [
       121.1079946,
       13.9514929
      ],
      [
       121.1080885,
       13.9514304
      ],
      [
       121.1081448,
       13.9513836
      ],
      [
       121.1083031,
       13.9512768
      ],
      [
       121.108346,
       13.9512586
      ],
      [
       121.1084452,
       13.9512013
      ],
      [
       121.108515,
       13.9512066
      ],
      [
       121.1086223,
       13.9511909
      ],
      [
       121.1086893,
       13.9511285
      ],
      [
       121.1087725,
       13.9510894
      ],
      [
       121.1088824,
       13.9510816
      ],
      [
       121.1089629,
       13.9510452
      ],
      [
       121.1090273,
       13.9510009
      ],
      [
       121.1091399,
       13.9509827
      ],
      [
       121.1092338,
       13.9509541
      ],
      [
       121.1093518,
       13.9509176
      ],
      [
       121.1095208,
       13.9509046
      ],
      [
       121.1097676,
       13.9508786
      ],
      [
       121.1098963,
       13.9509098
      ],
      [
       121.1100572,
       13.9509619
      ],
      [
       121.1102664,
       13.9510504
      ],
      [
       121.1103523,
       13.9511337
      ],
      [
       121.11054,
       13.9511857
      ],
      [
       121.1107063,
       13.951217
      ],
      [
       121.1108243,
       13.951243
      ],
      [
       121.1109477,
       13.9512586
      ],
      [
       121.1110657,
       13.9513003
      ],
      [
       121.1111623,
       13.9514148
      ],
      [
       121.1112857,
       13.9514825
      ],
      [
       121.1113715,
       13.9515554
      ],
      [
       121.1114037,
       13.9517011
      ],
      [
       121.1114319,
       13.9517865
      ],
      [
       121.1129326,
       13.95224
      ],
      [
       121.1131686,
       13.951446
      ],
      [
       121.114507,
       13.9519146
      ],
      [
       121.1148236,
       13.9511287
      ],
      [
       121.1151212,
       13.9502931
      ],
      [
       121.1152741,
       13.9498662
      ],
      [
       121.1155819,
       13.9490909
      ],
      [
       121.1161729,
       13.9493221
      ],
      [
       121.1178983,
       13.9499757
      ],
      [
       121.1184774,
       13.9501925
      ],
      [
       121.1162246,
       13.9555322
      ],
      [
       121.1178599,
       13.957298
      ],
      [
       121.1250034,
       13.9606593
      ],
      [
       121.1146071,
       13.9917159
      ],
      [
       121.114502,
       13.9920299
      ],
      [
       121.1144212,
       13.9922302
      ],
      [
       121.1142898,
       13.9923629
      ],
      [
       121.1141396,
       13.992441
      ],
      [
       121.1139759,
       13.9924826
      ],
      [
       121.1135146,
       13.9925529
      ],
      [
       121.1133671,
       13.9925945
      ],
      [
       121.113241,
       13.992657
      ],
      [
       121.1131578,
       13.9927507
      ],
      [
       121.1130988,
       13.9928626
      ],
      [
       121.113013,
       13.9931229
      ],
      [
       121.1129433,
       13.9932816
      ],
      [
       121.1128253,
       13.9934404
      ],
      [
       121.1124143,
       13.9937466
      ],
      [
       121.1179019,
       13.998712
      ],
      [
       121.1258982,
       14.0059474
      ],
      [
       121.1260968,
       14.005766
      ],
      [
       121.1262953,
       14.0055682
      ],
      [
       121.1270624,
       14.004876
      ],
      [
       121.1271483,
       14.0046365
      ],
      [
       121.1271322,
       14.0043867
      ],
      [
       121.1271268,
       14.0040536
      ],
      [
       121.127218,
       14.0038402
      ],
      [
       121.1273682,
       14.003658
      ],
      [
       121.1289024,
       14.0024661
      ],
      [
       121.1290955,
       14.0023255
      ],
      [
       121.1292243,
       14.002185
      ],
      [
       121.1299699,
       14.0013314
      ],
      [
       121.1302113,
       14.0011804
      ],
      [
       121.130442,
       14.0011232
      ],
      [
       121.130839,
       14.0011284
      ],
      [
       121.1310428,
       14.0010815
      ],
      [
       121.1311823,
       14.000967
      ],
      [
       121.1312091,
       14.0008629
      ],
      [
       121.1311233,
       14.0006859
      ],
      [
       121.1309248,
       14.0005142
      ],
      [
       121.130898,
       14.000384
      ],
      [
       121.1309463,
       14.0002383
      ],
      [
       121.1311126,
       14.0002383
      ],
      [
       121.1313593,
       14.0003164
      ],
      [
       121.1315364,
       14.0002799
      ],
      [
       121.1317295,
       14.000181
      ],
      [
       121.1322861,
       13.9995582
      ],
      [
       121.137146,
       14.0027391
      ],
      [
       121.1371905,
       14.0024973
      ],
      [
       121.1372307,
       14.0023489
      ],
      [
       121.1373058,
       14.0021798
      ],
      [
       121.1377376,
       14.0012897
      ],
      [
       121.1377618,
       14.001209
      ],
      [
       121.1377403,
       14.001118
      ],
      [
       121.1374882,
       14.0009228
      ],
      [
       121.137456,
       14.0008733
      ],
      [
       121.137456,
       14.0008213
      ],
      [
       121.1375016,
       14.0007926
      ],
      [
       121.137574,
       14.0007926
      ],
      [
       121.1377993,
       14.0008681
      ],
      [
       121.1378771,
       14.0008473
      ],
      [
       121.1379442,
       14.0007588
      ],
      [
       121.1380327,
       14.0003997
      ],
      [
       121.1381534,
       14.000103
      ],
      [
       121.1382955,
       13.9998375
      ],
      [
       121.1387274,
       13.999356
      ],
      [
       121.1388749,
       13.9991739
      ],
      [
       121.1389849,
       13.9989683
      ],
      [
       121.1391726,
       13.9982786
      ],
      [
       121.1392879,
       13.998073
      ],
      [
       121.1394677,
       13.9978596
      ],
      [
       121.1400014,
       13.9974614
      ],
      [
       121.1401114,
       13.997326
      ],
      [
       121.140157,
       13.9971933
      ],
      [
       121.1402026,
       13.9968342
      ],
      [
       121.1402374,
       13.9966988
      ],
      [
       121.1403045,
       13.9965427
      ],
      [
       121.1404037,
       13.9964047
      ],
      [
       121.1409509,
       13.9959961
      ],
      [
       121.1410408,
       13.9958972
      ],
      [
       121.1411065,
       13.9957957
      ],
      [
       121.1411105,
       13.9956708
      ],
      [
       121.1410678,
       13.9955856
      ],
      [
       121.1408973,
       13.9952453
      ],
      [
       121.1408704,
       13.9951139
      ],
      [
       121.1409107,
       13.9949421
      ],
      [
       121.1413801,
       13.9943149
      ],
      [
       121.141482,
       13.9941951
      ],
      [
       121.1415785,
       13.9940494
      ],
      [
       121.1420318,
       13.9932166
      ],
      [
       121.1430549,
       13.9914261
      ],
      [
       121.1482444,
       13.9936674
      ],
      [
       121.1489959,
       13.9939924
      ],
      [
       121.149001,
       13.9939946
      ],
      [
       121.150287,
       13.9945501
      ],
      [
       121.1514353,
       13.9950461
      ],
      [
       121.1524988,
       13.9955055
      ],
      [
       121.1534416,
       13.9959128
      ],
      [
       121.1556511,
       13.9968672
      ],
      [
       121.1558004,
       13.9969316
      ],
      [
       121.1570987,
       13.9974924
      ],
      [
       121.1579724,
       13.9979202
      ],
      [
       121.158059,
       13.9979588
      ],
      [
       121.1579054,
       13.9982125
      ],
      [
       121.1577376,
       13.9984968
      ],
      [
       121.1576572,
       13.9987675
      ],
      [
       121.1575508,
       13.9988711
      ],
      [
       121.1573568,
       13.9990746
      ],
      [
       121.1572656,
       13.9997096
      ],
      [
       121.1572694,
       14.0000576
      ],
      [
       121.1573343,
       14.0003931
      ],
      [
       121.157678,
       14.0010208
      ],
      [
       121.1579189,
       14.0011933
      ],
      [
       121.158166,
       14.0013442
      ],
      [
       121.1584469,
       14.0015759
      ],
      [
       121.1585489,
       14.0017217
      ],
      [
       121.1585851,
       14.0018232
      ],
      [
       121.1586213,
       14.0019442
      ],
      [
       121.1586361,
       14.0020171
      ],
      [
       121.1586322,
       14.0021053
      ],
      [
       121.158596,
       14.0022171
      ],
      [
       121.1585799,
       14.0023173
      ],
      [
       121.1585502,
       14.0024231
      ],
      [
       121.1584772,
       14.002577
      ],
      [
       121.1584523,
       14.002656
      ],
      [
       121.1584404,
       14.0027528
      ],
      [
       121.1584496,
       14.0028877
      ],
      [
       121.1584818,
       14.0029866
      ],
      [
       121.15851,
       14.0031102
      ],
      [
       121.1585362,
       14.0032656
      ],
      [
       121.15882,
       14.0033733
      ],
      [
       121.1592155,
       14.003438
      ],
      [
       121.1595073,
       14.0033037
      ],
      [
       121.1605976,
       14.0037969
      ],
      [
       121.1603669,
       14.0048275
      ],
      [
       121.1614961,
       14.005251
      ],
      [
       121.161582,
       14.005048
      ],
      [
       121.1619238,
       14.0052272
      ],
      [
       121.1624657,
       14.0055424
      ],
      [
       121.1630384,
       14.0059563
      ],
      [
       121.1636593,
       14.0063453
      ],
      [
       121.164122,
       14.0066193
      ],
      [
       121.1641112,
       14.0066928
      ],
      [
       121.1643399,
       14.0068268
      ],
      [
       121.1643043,
       14.0069769
      ],
      [
       121.1646329,
       14.0071297
      ],
      [
       121.1655658,
       14.0075264
      ],
      [
       121.165679,
       14.0075526
      ],
      [
       121.1655619,
       14.0081536
      ],
      [
       121.1659479,
       14.0082624
      ],
      [
       121.1678456,
       14.009385
      ],
      [
       121.1691357,
       14.0101814
      ],
      [
       121.1697331,
       14.010599
      ],
      [
       121.1700852,
       14.0106979
      ],
      [
       121.1724083,
       14.0117386
      ],
      [
       121.1754503,
       14.0130999
      ],
      [
       121.175504,
       14.0131321
      ],
      [
       121.175651,
       14.0132476
      ],
      [
       121.1758216,
       14.0132759
      ],
      [
       121.1758914,
       14.0132942
      ],
      [
       121.1759505,
       14.0133159
      ],
      [
       121.1761515,
       14.0134059
      ],
      [
       121.1799756,
       14.0151298
      ],
      [
       121.1801362,
       14.0152419
      ],
      [
       121.1808436,
       14.0155475
      ],
      [
       121.1802508,
       14.0168799
      ],
      [
       121.1798136,
       14.0171141
      ],
      [
       121.1795105,
       14.0177568
      ],
      [
       121.179304,
       14.0178323
      ],
      [
       121.1789875,
       14.0182617
      ],
      [
       121.1789445,
       14.0183294
      ],
      [
       121.1787192,
       14.0185401
      ],
      [
       121.1784912,
       14.0185219
      ],
      [
       121.1783089,
       14.0185896
      ],
      [
       121.1782418,
       14.0186286
      ],
      [
       121.1781104,
       14.0186625
      ],
      [
       121.17805,
       14.0187373
      ],
      [
       121.178042,
       14.0187461
      ],
      [
       121.1778817,
       14.0189399
      ],
      [
       121.1777778,
       14.0190375
      ],
      [
       121.1776215,
       14.0191436
      ],
      [
       121.1775484,
       14.0192125
      ],
      [
       121.1770093,
       14.0196279
      ],
      [
       121.1767719,
       14.0197697
      ],
      [
       121.1763897,
       14.0202304
      ],
      [
       121.1763918,
       14.0203761
      ],
      [
       121.1762932,
       14.0205361
      ],
      [
       121.1759311,
       14.0214014
      ],
      [
       121.1757004,
       14.0219336
      ],
      [
       121.1759002,
       14.0224943
      ],
      [
       121.1760244,
       14.0232369
      ],
      [
       121.1758707,
       14.0238905
      ],
      [
       121.1758506,
       14.0239152
      ],
      [
       121.1759847,
       14.0240115
      ],
      [
       121.1765775,
       14.0244487
      ],
      [
       121.1788594,
       14.026192
      ],
      [
       121.1788872,
       14.0262122
      ],
      [
       121.1788906,
       14.0262151
      ],
      [
       121.1802065,
       14.0272155
      ],
      [
       121.1809683,
       14.0277724
      ],
      [
       121.1815718,
       14.0282434
      ],
      [
       121.1821753,
       14.0286727
      ],
      [
       121.1836773,
       14.0298125
      ],
      [
       121.183857,
       14.0298672
      ],
      [
       121.1843951,
       14.0294903
      ],
      [
       121.1847484,
       14.0290293
      ],
      [
       121.185535,
       14.02855
      ],
      [
       121.1858469,
       14.0285027
      ],
      [
       121.1859834,
       14.0282758
      ],
      [
       121.1859736,
       14.0276989
      ],
      [
       121.1859541,
       14.0268573
      ],
      [
       121.185662,
       14.0261478
      ],
      [
       121.1856756,
       14.0258408
      ],
      [
       121.1860523,
       14.0255465
      ],
      [
       121.1864734,
       14.0253696
      ],
      [
       121.1867362,
       14.025151
      ],
      [
       121.1867389,
       14.0248856
      ],
      [
       121.1866195,
       14.024611
      ],
      [
       121.1864385,
       14.0244484
      ],
      [
       121.1863473,
       14.0243742
      ],
      [
       121.1863111,
       14.0242571
      ],
      [
       121.1863312,
       14.0240893
      ],
      [
       121.1863446,
       14.0239409
      ],
      [
       121.1864492,
       14.0238369
      ],
      [
       121.1867443,
       14.0237354
      ],
      [
       121.1869722,
       14.0237427
      ],
      [
       121.1871922,
       14.0236443
      ],
      [
       121.187329,
       14.0235623
      ],
      [
       121.1874202,
       14.0233815
      ],
      [
       121.1876188,
       14.0229318
      ],
      [
       121.1876337,
       14.0228116
      ],
      [
       121.187582,
       14.0226879
      ],
      [
       121.1873453,
       14.0223874
      ],
      [
       121.1872632,
       14.0221821
      ],
      [
       121.1873364,
       14.021888
      ],
      [
       121.1875005,
       14.0213719
      ],
      [
       121.1876923,
       14.0211699
      ],
      [
       121.1884364,
       14.0207562
      ],
      [
       121.1889946,
       14.0203987
      ],
      [
       121.1894011,
       14.0196792
      ],
      [
       121.1899489,
       14.0184601
      ],
      [
       121.1904785,
       14.0171815
      ],
      [
       121.1905749,
       14.0164667
      ],
      [
       121.1906136,
       14.0159469
      ],
      [
       121.1909169,
       14.0153458
      ],
      [
       121.1912655,
       14.015158
      ],
      [
       121.1913496,
       14.014864
      ],
      [
       121.191514,
       14.0142876
      ],
      [
       121.1914611,
       14.0139079
      ],
      [
       121.1916345,
       14.013527
      ],
      [
       121.1923427,
       14.0131243
      ],
      [
       121.1927041,
       14.012592
      ],
      [
       121.1928336,
       14.0123433
      ],
      [
       121.1926464,
       14.012049
      ],
      [
       121.1926077,
       14.0118423
      ],
      [
       121.1927691,
       14.0116294
      ],
      [
       121.193278,
       14.0111053
      ],
      [
       121.1937246,
       14.0104717
      ],
      [
       121.1941171,
       14.00945
      ],
      [
       121.1946513,
       14.0076077
      ],
      [
       121.1948262,
       14.0066568
      ],
      [
       121.1946843,
       14.0057739
      ],
      [
       121.1947165,
       14.0055547
      ],
      [
       121.1948585,
       14.0053794
      ],
      [
       121.1953038,
       14.0050976
      ],
      [
       121.1956619,
       14.00484
      ],
      [
       121.1958483,
       14.0046051
      ],
      [
       121.1958848,
       14.0044147
      ],
      [
       121.1959259,
       14.0042066
      ],
      [
       121.1962016,
       14.0038191
      ],
      [
       121.1964343,
       14.0033033
      ],
      [
       121.1967416,
       14.0027484
      ],
      [
       121.1969318,
       14.0025859
      ],
      [
       121.1971097,
       14.0025195
      ],
      [
       121.1971097,
       14.0023512
      ],
      [
       121.1969442,
       14.0021179
      ],
      [
       121.1966727,
       14.0018561
      ],
      [
       121.1963435,
       14.0013551
      ],
      [
       121.1961886,
       14.000948
      ],
      [
       121.1962467,
       14.0004533
      ],
      [
       121.1964339,
       14.0002592
      ],
      [
       121.1964661,
       13.999633
      ],
      [
       121.1965671,
       13.9991425
      ],
      [
       121.1966888,
       13.998866
      ],
      [
       121.1969745,
       13.9985936
      ],
      [
       121.197651,
       13.9979294
      ],
      [
       121.1976325,
       13.9976997
      ],
      [
       121.1975281,
       13.9973618
      ],
      [
       121.1975211,
       13.9969226
      ],
      [
       121.197542,
       13.9960442
      ],
      [
       121.197998,
       13.9957357
      ],
      [
       121.1983971,
       13.9952881
      ],
      [
       121.1988271,
       13.995116
      ],
      [
       121.1992041,
       13.9951451
      ],
      [
       121.199347,
       13.9950826
      ],
      [
       121.1994713,
       13.9949307
      ],
      [
       121.1995057,
       13.9946381
      ],
      [
       121.1994081,
       13.993985
      ],
      [
       121.1993959,
       13.9938635
      ],
      [
       121.1994452,
       13.9937947
      ],
      [
       121.1995896,
       13.9937773
      ],
      [
       121.1998421,
       13.9938212
      ],
      [
       121.2000363,
       13.9938488
      ],
      [
       121.2001738,
       13.9938034
      ],
      [
       121.2002518,
       13.9936716
      ],
      [
       121.2003016,
       13.9936226
      ],
      [
       121.2004553,
       13.9935781
      ],
      [
       121.2005895,
       13.9935376
      ],
      [
       121.2006909,
       13.9934766
      ],
      [
       121.2007723,
       13.9934553
      ],
      [
       121.2009017,
       13.9934805
      ],
      [
       121.2010262,
       13.9934103
      ],
      [
       121.2010983,
       13.9932827
      ],
      [
       121.2009996,
       13.9928637
      ],
      [
       121.2009648,
       13.9926576
      ],
      [
       121.2009697,
       13.9925656
      ],
      [
       121.2009926,
       13.9924962
      ],
      [
       121.2010646,
       13.9924652
      ],
      [
       121.2012025,
       13.9925488
      ],
      [
       121.2013847,
       13.9926587
      ],
      [
       121.2015078,
       13.9927136
      ],
      [
       121.2016605,
       13.9926539
      ],
      [
       121.2017984,
       13.9925105
      ],
      [
       121.2019313,
       13.9922382
      ],
      [
       121.2019412,
       13.9918655
      ],
      [
       121.2018919,
       13.9915406
      ],
      [
       121.2019777,
       13.9913119
      ],
      [
       121.2026358,
       13.9911463
      ],
      [
       121.2032695,
       13.9909909
      ],
      [
       121.2035411,
       13.990822
      ],
      [
       121.2036177,
       13.9906395
      ],
      [
       121.2035481,
       13.9902814
      ],
      [
       121.2034158,
       13.9899908
      ],
      [
       121.2033493,
       13.9896793
      ],
      [
       121.203382,
       13.9895703
      ],
      [
       121.2034544,
       13.9894896
      ],
      [
       121.2036467,
       13.9893852
      ],
      [
       121.2042715,
       13.989152
      ],
      [
       121.2044522,
       13.9890289
      ],
      [
       121.2044852,
       13.9888858
      ],
      [
       121.2043909,
       13.9883919
      ],
      [
       121.2043127,
       13.9881804
      ],
      [
       121.204297,
       13.987962
      ],
      [
       121.204394,
       13.9878083
      ],
      [
       121.2045354,
       13.9877796
      ],
      [
       121.2047214,
       13.9878333
      ],
      [
       121.2049028,
       13.987941
      ],
      [
       121.2051575,
       13.9879783
      ],
      [
       121.2057585,
       13.988049
      ],
      [
       121.2064174,
       13.9881014
      ],
      [
       121.2068631,
       13.9880405
      ],
      [
       121.2071695,
       13.9878716
      ],
      [
       121.2072264,
       13.9874804
      ],
      [
       121.2073491,
       13.9872162
      ],
      [
       121.2079485,
       13.9869332
      ],
      [
       121.2090189,
       13.9865937
      ],
      [
       121.2098511,
       13.9860777
      ],
      [
       121.2102549,
       13.9861064
      ],
      [
       121.2105786,
       13.9860068
      ],
      [
       121.2108411,
       13.9857155
      ],
      [
       121.2110251,
       13.9853563
      ],
      [
       121.2116185,
       13.9848804
      ],
      [
       121.2118947,
       13.9845392
      ],
      [
       121.2120238,
       13.9844869
      ],
      [
       121.2121496,
       13.9845003
      ],
      [
       121.2121955,
       13.9846796
      ],
      [
       121.2122463,
       13.9848697
      ],
      [
       121.2124019,
       13.9849918
      ],
      [
       121.212748,
       13.9849607
      ],
      [
       121.2128851,
       13.9847031
      ],
      [
       121.2128955,
       13.9844953
      ],
      [
       121.2128306,
       13.9842815
      ],
      [
       121.2128149,
       13.9840007
      ],
      [
       121.2129816,
       13.9838026
      ],
      [
       121.2133159,
       13.9837361
      ],
      [
       121.2136138,
       13.9837662
      ],
      [
       121.2138512,
       13.9837732
      ],
      [
       121.2142324,
       13.9835778
      ],
      [
       121.2148142,
       13.9831339
      ],
      [
       121.2155544,
       13.9827403
      ],
      [
       121.2161881,
       13.9824608
      ],
      [
       121.2163254,
       13.9823571
      ],
      [
       121.2163763,
       13.9822436
      ],
      [
       121.2164068,
       13.9820856
      ],
      [
       121.2164831,
       13.9819277
      ],
      [
       121.2165442,
       13.9817994
      ],
      [
       121.216651,
       13.9816809
      ],
      [
       121.216768,
       13.9815723
      ],
      [
       121.2169155,
       13.9815082
      ],
      [
       121.2170477,
       13.9815279
      ],
      [
       121.2171698,
       13.9815921
      ],
      [
       121.2173955,
       13.9816882
      ],
      [
       121.2176568,
       13.9816762
      ],
      [
       121.2181985,
       13.9812546
      ],
      [
       121.2185097,
       13.9809787
      ],
      [
       121.2185311,
       13.9807966
      ],
      [
       121.2184238,
       13.9805935
      ],
      [
       121.2184989,
       13.9803176
      ],
      [
       121.2191695,
       13.9798023
      ],
      [
       121.2199688,
       13.9796305
      ],
      [
       121.225065,
       13.9820874
      ],
      [
       121.2319705,
       13.9841391
      ],
      [
       121.2332475,
       13.9821561
      ],
      [
       121.2346015,
       13.9819451
      ],
      [
       121.2367745,
       13.9820441
      ],
      [
       121.2372095,
       13.9821981
      ],
      [
       121.2379915,
       13.9839881
      ],
      [
       121.2380388,
       13.9865954
      ],
      [
       121.2395385,
       13.9892651
      ],
      [
       121.24021,
       13.9901215
      ],
      [
       121.2418215,
       13.9903721
      ],
      [
       121.2433525,
       13.9901611
      ],
      [
       121.2438885,
       13.9907151
      ],
      [
       121.2444995,
       13.9925211
      ],
      [
       121.2457843,
       13.9917338
      ],
      [
       121.2459225,
       13.9916491
      ],
      [
       121.2508675,
       13.9891371
      ],
      [
       121.2518645,
       13.9887531
      ],
      [
       121.2534665,
       13.9884721
      ],
      [
       121.2546349,
       13.9884276
      ],
      [
       121.2555526,
       13.9890759
      ],
      [
       121.2561664,
       13.9896525
      ],
      [
       121.2571659,
       13.9898343
      ],
      [
       121.2578092,
       13.989951
      ],
      [
       121.2599205,
       13.9903341
      ],
      [
       121.2602898,
       13.9854018
      ],
      [
       121.2600508,
       13.9810571
      ],
      [
       121.2562701,
       13.9739803
      ],
      [
       121.2568171,
       13.9673424
      ],
      [
       121.2590725,
       13.9584177
      ],
      [
       121.2623531,
       13.9548561
      ],
      [
       121.2635922,
       13.953414
      ],
      [
       121.2601832,
       13.9443708
      ],
      [
       121.2581849,
       13.943418
      ],
      [
       121.2526274,
       13.941981
      ],
      [
       121.2407794,
       13.9340874
      ],
      [
       121.2407653,
       13.9340242
      ],
      [
       121.2407599,
       13.9339585
      ],
      [
       121.240772,
       13.9338843
      ],
      [
       121.2407968,
       13.9337984
      ],
      [
       121.2408317,
       13.9337418
      ],
      [
       121.2408545,
       13.9336891
      ],
      [
       121.2409363,
       13.9335875
      ],
      [
       121.240998,
       13.9335355
      ],
      [
       121.2410758,
       13.9334691
      ],
      [
       121.2411837,
       13.933419
      ],
      [
       121.2413386,
       13.9332947
      ],
      [
       121.2413869,
       13.9332341
      ],
      [
       121.2414325,
       13.9331762
      ],
      [
       121.2414365,
       13.9330988
      ],
      [
       121.2414372,
       13.9330382
      ],
      [
       121.2414171,
       13.9329725
      ],
      [
       121.2413581,
       13.9328612
      ],
      [
       121.24134,
       13.9327974
      ],
      [
       121.2413031,
       13.9327206
      ],
      [
       121.2412588,
       13.932651
      ],
      [
       121.2412146,
       13.9326015
      ],
      [
       121.2411965,
       13.9325501
      ],
      [
       121.2412005,
       13.932487
      ],
      [
       121.2412186,
       13.932416
      ],
      [
       121.2412313,
       13.9323366
      ],
      [
       121.2412387,
       13.932267
      ],
      [
       121.2412541,
       13.9321791
      ],
      [
       121.2412709,
       13.9321076
      ],
      [
       121.2413017,
       13.9320425
      ],
      [
       121.241346,
       13.931954
      ],
      [
       121.2413641,
       13.9319156
      ],
      [
       121.2413903,
       13.9318837
      ],
      [
       121.2413956,
       13.9318498
      ],
      [
       121.2414023,
       13.9317763
      ],
      [
       121.2413789,
       13.9316904
      ],
      [
       121.2413802,
       13.9315967
      ],
      [
       121.2413688,
       13.9315544
      ],
      [
       121.2413587,
       13.9315134
      ],
      [
       121.2413876,
       13.9313526
      ],
      [
       121.2414211,
       13.931281
      ],
      [
       121.2414419,
       13.9312237
      ],
      [
       121.2414566,
       13.931173
      ],
      [
       121.241464,
       13.9311111
      ],
      [
       121.2414513,
       13.9310675
      ],
      [
       121.2414466,
       13.9310174
      ],
      [
       121.2414412,
       13.9309758
      ],
      [
       121.2414499,
       13.9308944
      ],
      [
       121.2414741,
       13.9308326
      ],
      [
       121.2414996,
       13.9307682
      ],
      [
       121.241517,
       13.9307063
      ],
      [
       121.2415512,
       13.9306139
      ],
      [
       121.2415633,
       13.9305716
      ],
      [
       121.2415847,
       13.9305
      ],
      [
       121.2416075,
       13.9304362
      ],
      [
       121.2416384,
       13.9303835
      ],
      [
       121.2416779,
       13.930334
      ],
      [
       121.2417161,
       13.9302937
      ],
      [
       121.2417527,
       13.9302563
      ],
      [
       121.2417855,
       13.9302185
      ],
      [
       121.241808,
       13.9301834
      ],
      [
       121.2418322,
       13.9301512
      ],
      [
       121.2418697,
       13.9301196
      ],
      [
       121.2418922,
       13.9300864
      ],
      [
       121.2419083,
       13.9300321
      ],
      [
       121.2419183,
       13.9299823
      ],
      [
       121.2419099,
       13.9299549
      ],
      [
       121.2419069,
       13.9299191
      ],
      [
       121.2419029,
       13.9298869
      ],
      [
       121.2419079,
       13.9298378
      ],
      [
       121.241927,
       13.929788
      ],
      [
       121.2419297,
       13.9297519
      ],
      [
       121.2419324,
       13.9296988
      ],
      [
       121.2419294,
       13.9296103
      ],
      [
       121.2419207,
       13.9295615
      ],
      [
       121.2419126,
       13.9295179
      ],
      [
       121.2419106,
       13.9294795
      ],
      [
       121.2419119,
       13.92943
      ],
      [
       121.24192,
       13.9293949
      ],
      [
       121.2419207,
       13.9293415
      ],
      [
       121.2419301,
       13.9293168
      ],
      [
       121.2419468,
       13.929294
      ],
      [
       121.2419555,
       13.9292589
      ],
      [
       121.2419723,
       13.9292309
      ],
      [
       121.2420119,
       13.9291944
      ],
      [
       121.24204,
       13.9291515
      ],
      [
       121.2420568,
       13.9291385
      ],
      [
       121.2420816,
       13.9291176
      ],
      [
       121.2421225,
       13.9290877
      ],
      [
       121.2421567,
       13.9290708
      ],
      [
       121.2421755,
       13.9290578
      ],
      [
       121.2422117,
       13.9290304
      ],
      [
       121.2422164,
       13.9290148
      ],
      [
       121.2422271,
       13.9289888
      ],
      [
       121.2422398,
       13.9289569
      ],
      [
       121.2422378,
       13.9289126
      ],
      [
       121.2422157,
       13.9288807
      ],
      [
       121.2422016,
       13.9288397
      ],
      [
       121.2422016,
       13.928817
      ],
      [
       121.2422023,
       13.9287662
      ],
      [
       121.242209,
       13.9287408
      ],
      [
       121.2422305,
       13.9287193
      ],
      [
       121.2422774,
       13.9287141
      ],
      [
       121.2422901,
       13.9287037
      ],
      [
       121.2423002,
       13.9286803
      ],
      [
       121.2423116,
       13.9286386
      ],
      [
       121.2423103,
       13.9286211
      ],
      [
       121.2423109,
       13.9285853
      ],
      [
       121.2423351,
       13.9285625
      ],
      [
       121.2423458,
       13.9285488
      ],
      [
       121.2423753,
       13.9285215
      ],
      [
       121.242386,
       13.9285033
      ],
      [
       121.2423981,
       13.9284701
      ],
      [
       121.2424283,
       13.9284089
      ],
      [
       121.2424477,
       13.9283458
      ],
      [
       121.2424611,
       13.9283002
      ],
      [
       121.2424846,
       13.9282807
      ],
      [
       121.2424866,
       13.9282553
      ],
      [
       121.2424886,
       13.9282123
      ],
      [
       121.2424839,
       13.9281707
      ],
      [
       121.2424591,
       13.9281173
      ],
      [
       121.2424564,
       13.9280685
      ],
      [
       121.2424417,
       13.9280145
      ],
      [
       121.2424296,
       13.927991
      ],
      [
       121.2424196,
       13.9279754
      ],
      [
       121.2423773,
       13.9279364
      ],
      [
       121.2423719,
       13.9279103
      ],
      [
       121.2423592,
       13.9278804
      ],
      [
       121.2423518,
       13.9278427
      ],
      [
       121.2423579,
       13.9278231
      ],
      [
       121.2423901,
       13.9277886
      ],
      [
       121.2424189,
       13.9277502
      ],
      [
       121.242437,
       13.927704
      ],
      [
       121.242447,
       13.9276272
      ],
      [
       121.2424484,
       13.9275921
      ],
      [
       121.2424591,
       13.9275329
      ],
      [
       121.2424833,
       13.9274665
      ],
      [
       121.2424967,
       13.9274072
      ],
      [
       121.2424953,
       13.9273812
      ],
      [
       121.2424926,
       13.9272946
      ],
      [
       121.2425027,
       13.9272562
      ],
      [
       121.2425134,
       13.927197
      ],
      [
       121.2425356,
       13.9271391
      ],
      [
       121.2425684,
       13.9270558
      ],
      [
       121.2425805,
       13.9269927
      ],
      [
       121.2425919,
       13.9269256
      ],
      [
       121.2426113,
       13.9268631
      ],
      [
       121.2426382,
       13.9267902
      ],
      [
       121.2426851,
       13.92672
      ],
      [
       121.2427448,
       13.9266301
      ],
      [
       121.2427998,
       13.9265651
      ],
      [
       121.2428273,
       13.9265371
      ],
      [
       121.2428849,
       13.9264902
      ],
      [
       121.2429171,
       13.9264603
      ],
      [
       121.2429278,
       13.9264193
      ],
      [
       121.2429144,
       13.9263822
      ],
      [
       121.2428762,
       13.9263509
      ],
      [
       121.2428487,
       13.926334
      ],
      [
       121.2428152,
       13.9262982
      ],
      [
       121.2428085,
       13.9262735
      ],
      [
       121.2428078,
       13.9262487
      ],
      [
       121.2428132,
       13.9262305
      ],
      [
       121.242834,
       13.9262045
      ],
      [
       121.2428514,
       13.926185
      ],
      [
       121.2428682,
       13.9261524
      ],
      [
       121.2428675,
       13.9261147
      ],
      [
       121.2428722,
       13.9260802
      ],
      [
       121.2428836,
       13.926062
      ],
      [
       121.2428936,
       13.9260424
      ],
      [
       121.2429044,
       13.9260229
      ],
      [
       121.2429057,
       13.9259878
      ],
      [
       121.2429151,
       13.9259656
      ],
      [
       121.2429439,
       13.9259045
      ],
      [
       121.2429593,
       13.9258823
      ],
      [
       121.2429775,
       13.925853
      ],
      [
       121.243015,
       13.9258068
      ],
      [
       121.2430579,
       13.9257808
      ],
      [
       121.2430921,
       13.9257554
      ],
      [
       121.2431263,
       13.9257339
      ],
      [
       121.243188,
       13.925691
      ],
      [
       121.2432571,
       13.9256617
      ],
      [
       121.2432805,
       13.9256448
      ],
      [
       121.2433436,
       13.9256311
      ],
      [
       121.2433784,
       13.9256077
      ],
      [
       121.2434167,
       13.9255764
      ],
      [
       121.2434542,
       13.9255289
      ],
      [
       121.2434717,
       13.9254827
      ],
      [
       121.243477,
       13.9254358
      ],
      [
       121.2434891,
       13.9253942
      ],
      [
       121.2434985,
       13.9253623
      ],
      [
       121.2434978,
       13.9253428
      ],
      [
       121.2434971,
       13.9253083
      ],
      [
       121.2435065,
       13.9252888
      ],
      [
       121.2435266,
       13.9252621
      ],
      [
       121.2435434,
       13.9252217
      ],
      [
       121.2435541,
       13.9252133
      ],
      [
       121.2435662,
       13.9252107
      ],
      [
       121.2435763,
       13.9252067
      ],
      [
       121.2436044,
       13.9251833
      ],
      [
       121.2436339,
       13.9251794
      ],
      [
       121.2436607,
       13.9251716
      ],
      [
       121.243701,
       13.9251703
      ],
      [
       121.2437499,
       13.9251703
      ],
      [
       121.2437888,
       13.9251781
      ],
      [
       121.2438237,
       13.9251781
      ],
      [
       121.2438693,
       13.9251833
      ],
      [
       121.2439256,
       13.9251833
      ],
      [
       121.2439873,
       13.9251898
      ],
      [
       121.2440369,
       13.9251846
      ],
      [
       121.244102,
       13.9251833
      ],
      [
       121.2441576,
       13.9251898
      ],
      [
       121.2442294,
       13.9251859
      ],
      [
       121.2442783,
       13.925195
      ],
      [
       121.2443186,
       13.9251911
      ],
      [
       121.2444004,
       13.9252133
      ],
      [
       121.2444346,
       13.9252263
      ],
      [
       121.2444634,
       13.9252367
      ],
      [
       121.244503,
       13.9252393
      ],
      [
       121.2445781,
       13.9252321
      ],
      [
       121.2446297,
       13.9252217
      ],
      [
       121.2446599,
       13.9252204
      ],
      [
       121.2447363,
       13.9251931
      ],
      [
       121.2447719,
       13.9251801
      ],
      [
       121.2448195,
       13.9251644
      ],
      [
       121.2448651,
       13.9251443
      ],
      [
       121.2449174,
       13.9251169
      ],
      [
       121.2449482,
       13.9250857
      ],
      [
       121.2449898,
       13.9250538
      ],
      [
       121.2450461,
       13.925016
      ],
      [
       121.2451051,
       13.9249698
      ],
      [
       121.2451581,
       13.9249223
      ],
      [
       121.2452091,
       13.9248813
      ],
      [
       121.24525,
       13.9248306
      ],
      [
       121.2452922,
       13.9248045
      ],
      [
       121.2453311,
       13.9247674
      ],
      [
       121.2453606,
       13.9247564
      ],
      [
       121.2454317,
       13.9247342
      ],
      [
       121.2454639,
       13.9247206
      ],
      [
       121.2455041,
       13.9246906
      ],
      [
       121.2455484,
       13.9246548
      ],
      [
       121.2455919,
       13.9246229
      ],
      [
       121.2456241,
       13.9245709
      ],
      [
       121.2456851,
       13.9244863
      ],
      [
       121.2457153,
       13.9244264
      ],
      [
       121.2457267,
       13.9243665
      ],
      [
       121.2457314,
       13.9243262
      ],
      [
       121.2457328,
       13.9242786
      ],
      [
       121.245724,
       13.9242253
      ],
      [
       121.2457395,
       13.9241758
      ],
      [
       121.2457515,
       13.9241211
      ],
      [
       121.2457616,
       13.9241049
      ],
      [
       121.2457696,
       13.924071
      ],
      [
       121.245769,
       13.924032
      ],
      [
       121.2457763,
       13.923991
      ],
      [
       121.2457911,
       13.923935
      ],
      [
       121.2458005,
       13.9238888
      ],
      [
       121.2458139,
       13.9238354
      ],
      [
       121.2458186,
       13.9237781
      ],
      [
       121.2458488,
       13.923676
      ],
      [
       121.2458548,
       13.923631
      ],
      [
       121.2458843,
       13.9235647
      ],
      [
       121.2459185,
       13.9234885
      ],
      [
       121.2459272,
       13.9234364
      ],
      [
       121.24594,
       13.9233902
      ],
      [
       121.2459654,
       13.923333
      ],
      [
       121.2459835,
       13.9232744
      ],
      [
       121.2459896,
       13.9232282
      ],
      [
       121.2460117,
       13.9231364
      ],
      [
       121.2460244,
       13.9230544
      ],
      [
       121.2460332,
       13.9229704
      ],
      [
       121.2460586,
       13.9228669
      ],
      [
       121.2460767,
       13.922768
      ],
      [
       121.2460875,
       13.9227036
      ],
      [
       121.2461056,
       13.9226157
      ],
      [
       121.2461002,
       13.9225676
      ],
      [
       121.2461069,
       13.9225207
      ],
      [
       121.2461056,
       13.9224699
      ],
      [
       121.2461083,
       13.9224406
      ],
      [
       121.2461022,
       13.9223651
      ],
      [
       121.2460982,
       13.922343
      ],
      [
       121.2460875,
       13.9222968
      ],
      [
       121.2460794,
       13.922261
      ],
      [
       121.2460955,
       13.9222122
      ],
      [
       121.246123,
       13.9221822
      ],
      [
       121.2461398,
       13.9221634
      ],
      [
       121.2461981,
       13.9221185
      ],
      [
       121.2462129,
       13.9220911
      ],
      [
       121.2462571,
       13.9220495
      ],
      [
       121.2463027,
       13.9220365
      ],
      [
       121.2463477,
       13.9220065
      ],
      [
       121.2463852,
       13.9219753
      ],
      [
       121.2464368,
       13.9219421
      ],
      [
       121.2464744,
       13.9218952
      ],
      [
       121.2465025,
       13.9218406
      ],
      [
       121.2465166,
       13.921782
      ],
      [
       121.2465394,
       13.9217306
      ],
      [
       121.2465709,
       13.9216798
      ],
      [
       121.2465964,
       13.9216446
      ],
      [
       121.2466165,
       13.9216101
      ],
      [
       121.2466286,
       13.9216017
      ],
      [
       121.2466467,
       13.9215815
      ],
      [
       121.2466574,
       13.92156
      ],
      [
       121.2466541,
       13.9215177
      ],
      [
       121.24664,
       13.9214878
      ],
      [
       121.2466373,
       13.9214442
      ],
      [
       121.2466373,
       13.9214019
      ],
      [
       121.2466125,
       13.9213557
      ],
      [
       121.2465844,
       13.9213121
      ],
      [
       121.2465676,
       13.9212698
      ],
      [
       121.2465515,
       13.9212105
      ],
      [
       121.2465354,
       13.9211526
      ],
      [
       121.2465327,
       13.9211122
      ],
      [
       121.2465401,
       13.9210498
      ],
      [
       121.2465495,
       13.9210088
      ],
      [
       121.2465582,
       13.9209775
      ],
      [
       121.2465951,
       13.9209163
      ],
      [
       121.2466038,
       13.9208857
      ],
      [
       121.2466139,
       13.9208532
      ],
      [
       121.2466239,
       13.9208024
      ],
      [
       121.2466186,
       13.9207595
      ],
      [
       121.2466212,
       13.9207211
      ],
      [
       121.2466246,
       13.9206566
      ],
      [
       121.2466219,
       13.9205837
      ],
      [
       121.2466239,
       13.9205213
      ],
      [
       121.2466239,
       13.9204783
      ],
      [
       121.2466246,
       13.920436
      ],
      [
       121.2466232,
       13.9203956
      ],
      [
       121.246636,
       13.9203319
      ],
      [
       121.2466608,
       13.9202974
      ],
      [
       121.2466735,
       13.9202733
      ],
      [
       121.2466735,
       13.920229
      ],
      [
       121.2466642,
       13.920188
      ],
      [
       121.2466474,
       13.9201438
      ],
      [
       121.2466507,
       13.9201223
      ],
      [
       121.2466534,
       13.9201112
      ],
      [
       121.2466648,
       13.920078
      ],
      [
       121.2466702,
       13.9200344
      ],
      [
       121.2466561,
       13.9199719
      ],
      [
       121.2466487,
       13.9198847
      ],
      [
       121.2466481,
       13.9198457
      ],
      [
       121.2466574,
       13.9198092
      ],
      [
       121.2466615,
       13.9197832
      ],
      [
       121.2466561,
       13.91975
      ],
      [
       121.2466313,
       13.9197142
      ],
      [
       121.2466219,
       13.9196784
      ],
      [
       121.2466293,
       13.9196459
      ],
      [
       121.2466353,
       13.9196302
      ],
      [
       121.2466709,
       13.9196094
      ],
      [
       121.2466809,
       13.9195951
      ],
      [
       121.2466836,
       13.9195599
      ],
      [
       121.2466682,
       13.9195131
      ],
      [
       121.2466709,
       13.9194766
      ],
      [
       121.2466849,
       13.9194513
      ],
      [
       121.2466997,
       13.9194226
      ],
      [
       121.2467111,
       13.9193901
      ],
      [
       121.2467171,
       13.9193445
      ],
      [
       121.2467205,
       13.9193074
      ],
      [
       121.2467191,
       13.9192781
      ],
      [
       121.2467064,
       13.9192553
      ],
      [
       121.2467064,
       13.9192293
      ],
      [
       121.246699,
       13.9191805
      ],
      [
       121.2466943,
       13.9191193
      ],
      [
       121.2467118,
       13.9190848
      ],
      [
       121.2467131,
       13.919062
      ],
      [
       121.2467305,
       13.919023
      ],
      [
       121.2467352,
       13.9189807
      ],
      [
       121.2467433,
       13.9189195
      ],
      [
       121.2467621,
       13.9188752
      ],
      [
       121.246752,
       13.9188251
      ],
      [
       121.2467473,
       13.9187744
      ],
      [
       121.2467453,
       13.9187236
      ],
      [
       121.2467372,
       13.9186865
      ],
      [
       121.2467339,
       13.9186188
      ],
      [
       121.2467305,
       13.9185771
      ],
      [
       121.2467312,
       13.9185329
      ],
      [
       121.2467258,
       13.9184444
      ],
      [
       121.2467285,
       13.9184131
      ],
      [
       121.2467299,
       13.9183611
      ],
      [
       121.2467419,
       13.9183155
      ],
      [
       121.2467761,
       13.9182022
      ],
      [
       121.2467909,
       13.9181632
      ],
      [
       121.2468244,
       13.9180949
      ],
      [
       121.2468325,
       13.9180285
      ],
      [
       121.2468512,
       13.9179575
      ],
      [
       121.2468519,
       13.917895
      ],
      [
       121.2468459,
       13.9178456
      ],
      [
       121.2468385,
       13.9178039
      ],
      [
       121.2468546,
       13.917733
      ],
      [
       121.2468593,
       13.9177024
      ],
      [
       121.2468613,
       13.9176633
      ],
      [
       121.2468499,
       13.9176197
      ],
      [
       121.2468418,
       13.9175605
      ],
      [
       121.2468331,
       13.9175156
      ],
      [
       121.2468258,
       13.9174603
      ],
      [
       121.2468083,
       13.9174147
      ],
      [
       121.2467942,
       13.9173711
      ],
      [
       121.2467775,
       13.9173242
      ],
      [
       121.2467627,
       13.9172604
      ],
      [
       121.246756,
       13.9172299
      ],
      [
       121.2467325,
       13.9171752
      ],
      [
       121.2467037,
       13.9171387
      ],
      [
       121.2466481,
       13.9170762
      ],
      [
       121.2466152,
       13.9170313
      ],
      [
       121.2465656,
       13.9169916
      ],
      [
       121.2465401,
       13.916976
      ],
      [
       121.2465167,
       13.9169521
      ],
      [
       121.2436806,
       13.9156923
      ],
      [
       121.2436206,
       13.91475
      ],
      [
       121.242714,
       13.9143647
      ],
      [
       121.2421718,
       13.9139816
      ],
      [
       121.2416491,
       13.913542
      ],
      [
       121.2416598,
       13.9129205
      ],
      [
       121.2416473,
       13.9124505
      ],
      [
       121.2415465,
       13.9121656
      ],
      [
       121.2415874,
       13.9117873
      ],
      [
       121.2418946,
       13.9112805
      ],
      [
       121.2422319,
       13.9108796
      ],
      [
       121.2423763,
       13.9104824
      ],
      [
       121.2421619,
       13.9102181
      ],
      [
       121.2396708,
       13.9083411
      ],
      [
       121.2400088,
       13.9081745
      ],
      [
       121.2401482,
       13.9078204
      ],
      [
       121.2401107,
       13.9075809
      ],
      [
       121.2400892,
       13.9073882
      ],
      [
       121.240159,
       13.907258
      ],
      [
       121.2402394,
       13.9071174
      ],
      [
       121.2400678,
       13.9067477
      ],
      [
       121.2399605,
       13.9063936
      ],
      [
       121.2398371,
       13.9060083
      ],
      [
       121.2399015,
       13.9056334
      ],
      [
       121.2401804,
       13.9052793
      ],
      [
       121.2404647,
       13.9050606
      ],
      [
       121.2405613,
       13.9048106
      ],
      [
       121.2409744,
       13.9046128
      ],
      [
       121.2412694,
       13.9045086
      ],
      [
       121.2413552,
       13.9043888
      ],
      [
       121.2412694,
       13.9042118
      ],
      [
       121.2408242,
       13.9038056
      ],
      [
       121.24069,
       13.9035349
      ],
      [
       121.24091,
       13.9033838
      ],
      [
       121.2412319,
       13.9033838
      ],
      [
       121.2414625,
       13.9035869
      ],
      [
       121.2417361,
       13.9038317
      ],
      [
       121.2418756,
       13.9038577
      ],
      [
       121.2421599,
       13.9035869
      ],
      [
       121.2423423,
       13.903238
      ],
      [
       121.2426212,
       13.9030506
      ],
      [
       121.2428144,
       13.9027277
      ],
      [
       121.2430879,
       13.9023268
      ],
      [
       121.2432381,
       13.9020612
      ],
      [
       121.2434742,
       13.9018737
      ],
      [
       121.2438765,
       13.9017592
      ],
      [
       121.2445149,
       13.9015613
      ],
      [
       121.2448636,
       13.901327
      ],
      [
       121.2449869,
       13.9011135
      ],
      [
       121.2452015,
       13.9008583
      ],
      [
       121.245636,
       13.900624
      ],
      [
       121.2459204,
       13.900624
      ],
      [
       121.2461296,
       13.9006188
      ],
      [
       121.2461832,
       13.9004626
      ],
      [
       121.2461135,
       13.9002855
      ],
      [
       121.2464032,
       13.8998585
      ],
      [
       121.2467572,
       13.8995252
      ],
      [
       121.2471434,
       13.8993586
      ],
      [
       121.2477282,
       13.8994159
      ],
      [
       121.2481412,
       13.8995252
      ],
      [
       121.2485757,
       13.8997439
      ],
      [
       121.2488654,
       13.8999054
      ],
      [
       121.2491176,
       13.8999366
      ],
      [
       121.2494341,
       13.8998429
      ],
      [
       121.2500563,
       13.8995252
      ],
      [
       121.2504157,
       13.8992753
      ],
      [
       121.2506893,
       13.8989785
      ],
      [
       121.2510648,
       13.8985358
      ],
      [
       121.2512419,
       13.8981817
      ],
      [
       121.2513706,
       13.8977131
      ],
      [
       121.2514296,
       13.8975464
      ],
      [
       121.2518856,
       13.8973642
      ],
      [
       121.2522557,
       13.8971819
      ],
      [
       121.2524542,
       13.8969163
      ],
      [
       121.2526259,
       13.8966924
      ],
      [
       121.2528887,
       13.8966091
      ],
      [
       121.2534037,
       13.8964269
      ],
      [
       121.2537309,
       13.896255
      ],
      [
       121.2541762,
       13.8963123
      ],
      [
       121.2543747,
       13.8964008
      ],
      [
       121.2544981,
       13.8964998
      ],
      [
       121.2546965,
       13.8964581
      ],
      [
       121.2549916,
       13.8962446
      ],
      [
       121.2552652,
       13.8959478
      ],
      [
       121.2553617,
       13.8957447
      ],
      [
       121.2554797,
       13.8955572
      ],
      [
       121.2555763,
       13.8950677
      ],
      [
       121.255689,
       13.8949323
      ],
      [
       121.2559143,
       13.8947501
      ],
      [
       121.2560806,
       13.8947969
      ],
      [
       121.2562254,
       13.8950677
      ],
      [
       121.2562898,
       13.895125
      ],
      [
       121.2564936,
       13.8951979
      ],
      [
       121.2567082,
       13.8951146
      ],
      [
       121.2569067,
       13.8951042
      ],
      [
       121.2569442,
       13.8952083
      ],
      [
       121.256853,
       13.8953958
      ],
      [
       121.2567779,
       13.8955468
      ],
      [
       121.2569603,
       13.8956562
      ],
      [
       121.2572232,
       13.8956666
      ],
      [
       121.2574056,
       13.8955624
      ],
      [
       121.2576148,
       13.895526
      ],
      [
       121.2578401,
       13.895552
      ],
      [
       121.2580332,
       13.8955103
      ],
      [
       121.2580976,
       13.8953541
      ],
      [
       121.2579957,
       13.8950885
      ],
      [
       121.2580708,
       13.894849
      ],
      [
       121.2583551,
       13.8946511
      ],
      [
       121.2587038,
       13.8944949
      ],
      [
       121.2588003,
       13.8942866
      ],
      [
       121.258854,
       13.8938075
      ],
      [
       121.2589666,
       13.8935523
      ],
      [
       121.2592134,
       13.8933857
      ],
      [
       121.259546,
       13.893292
      ],
      [
       121.2600288,
       13.8933076
      ],
      [
       121.2602541,
       13.8932295
      ],
      [
       121.2605974,
       13.8931201
      ],
      [
       121.2609783,
       13.893141
      ],
      [
       121.2614128,
       13.8934222
      ],
      [
       121.2616703,
       13.8935263
      ],
      [
       121.2618366,
       13.8933649
      ],
      [
       121.2618151,
       13.8929639
      ],
      [
       121.2617615,
       13.8925681
      ],
      [
       121.2617722,
       13.8921515
      ],
      [
       121.2618259,
       13.8919641
      ],
      [
       121.2620941,
       13.891761
      ],
      [
       121.2621477,
       13.8914902
      ],
      [
       121.2622067,
       13.8913131
      ],
      [
       121.2622067,
       13.8910215
      ],
      [
       121.2623891,
       13.8908028
      ],
      [
       121.2625179,
       13.8905164
      ],
      [
       121.2628397,
       13.8903758
      ],
      [
       121.2632582,
       13.8903289
      ],
      [
       121.2637624,
       13.890256
      ],
      [
       121.2643149,
       13.890157
      ],
      [
       121.2647924,
       13.8901831
      ],
      [
       121.2653932,
       13.8903289
      ],
      [
       121.2656239,
       13.8905528
      ],
      [
       121.2657741,
       13.8908288
      ],
      [
       121.2656829,
       13.8912142
      ],
      [
       121.2656239,
       13.8913496
      ],
      [
       121.2657097,
       13.8914121
      ],
      [
       121.2660262,
       13.8913808
      ],
      [
       121.2662783,
       13.8914225
      ],
      [
       121.2667504,
       13.8917141
      ],
      [
       121.2670132,
       13.8917974
      ],
      [
       121.2672386,
       13.8918235
      ],
      [
       121.2675068,
       13.8917558
      ],
      [
       121.2676409,
       13.891787
      ],
      [
       121.2678876,
       13.8919068
      ],
      [
       121.2680808,
       13.891912
      ],
      [
       121.2686601,
       13.8921932
      ],
      [
       121.2688532,
       13.8921984
      ],
      [
       121.2689015,
       13.8920109
      ],
      [
       121.2688801,
       13.8919276
      ],
      [
       121.2687674,
       13.8916724
      ],
      [
       121.2684348,
       13.8914485
      ],
      [
       121.2683168,
       13.8913235
      ],
      [
       121.2683436,
       13.8912142
      ],
      [
       121.268467,
       13.891084
      ],
      [
       121.2686655,
       13.8910475
      ],
      [
       121.2690893,
       13.8911413
      ],
      [
       121.2695077,
       13.8913339
      ],
      [
       121.2697491,
       13.8912871
      ],
      [
       121.2699476,
       13.8911569
      ],
      [
       121.2702748,
       13.891084
      ],
      [
       121.2705216,
       13.8910267
      ],
      [
       121.27094,
       13.8910163
      ],
      [
       121.2715033,
       13.8909538
      ],
      [
       121.2721416,
       13.8908913
      ],
      [
       121.272662,
       13.890959
      ],
      [
       121.272957,
       13.8909903
      ],
      [
       121.2732306,
       13.8908184
      ],
      [
       121.2732974,
       13.8906234
      ],
      [
       121.2734328,
       13.8904219
      ],
      [
       121.2736583,
       13.8904307
      ],
      [
       121.2737756,
       13.8905533
      ],
      [
       121.2739019,
       13.890816
      ],
      [
       121.2739109,
       13.8910963
      ],
      [
       121.2740553,
       13.8911664
      ],
      [
       121.2742718,
       13.8912189
      ],
      [
       121.2749935,
       13.8912189
      ],
      [
       121.2753454,
       13.8911313
      ],
      [
       121.2756251,
       13.8909124
      ],
      [
       121.2758506,
       13.8907985
      ],
      [
       121.2760671,
       13.8908248
      ],
      [
       121.2764641,
       13.89107
      ],
      [
       121.2765453,
       13.8913765
      ],
      [
       121.27724,
       13.8918057
      ],
      [
       121.2775918,
       13.8919283
      ],
      [
       121.2779527,
       13.8918144
      ],
      [
       121.2782504,
       13.8917356
      ],
      [
       121.2784218,
       13.8914641
      ],
      [
       121.2787286,
       13.8912364
      ],
      [
       121.2790263,
       13.8909562
      ],
      [
       121.2795676,
       13.8902993
      ],
      [
       121.280154,
       13.8898001
      ],
      [
       121.2805149,
       13.88966
      ],
      [
       121.2807765,
       13.88966
      ],
      [
       121.2810201,
       13.8898264
      ],
      [
       121.2812818,
       13.8899227
      ],
      [
       121.2816877,
       13.8899227
      ],
      [
       121.2821839,
       13.889984
      ],
      [
       121.2824089,
       13.8901992
      ],
      [
       121.2824244,
       13.8901281
      ],
      [
       121.2825311,
       13.8898423
      ],
      [
       121.2826268,
       13.8895387
      ],
      [
       121.2826157,
       13.8892743
      ],
      [
       121.2824317,
       13.8889528
      ],
      [
       121.2820343,
       13.8885706
      ],
      [
       121.2818467,
       13.8882313
      ],
      [
       121.2816627,
       13.8879062
      ],
      [
       121.2814124,
       13.8876597
      ],
      [
       121.2809267,
       13.8873775
      ],
      [
       121.2805109,
       13.8870632
      ],
      [
       121.2802018,
       13.886756
      ],
      [
       121.2799479,
       13.8865702
      ],
      [
       121.2796793,
       13.8865273
      ],
      [
       121.2791494,
       13.8864845
      ],
      [
       121.2787042,
       13.8865202
      ],
      [
       121.2783583,
       13.8863952
      ],
      [
       121.2780344,
       13.8860951
      ],
      [
       121.2775892,
       13.8859022
      ],
      [
       121.2770814,
       13.885595
      ],
      [
       121.2767245,
       13.8855486
      ],
      [
       121.2759333,
       13.8855236
      ],
      [
       121.2754145,
       13.8855879
      ],
      [
       121.2748736,
       13.8858308
      ],
      [
       121.2745718,
       13.8859844
      ],
      [
       121.2741634,
       13.8861951
      ],
      [
       121.2738322,
       13.8865273
      ],
      [
       121.2736776,
       13.886831
      ],
      [
       121.2731294,
       13.8872168
      ],
      [
       121.272662,
       13.8875061
      ],
      [
       121.2722212,
       13.8877593
      ],
      [
       121.2717899,
       13.8878883
      ],
      [
       121.2715655,
       13.8878383
      ],
      [
       121.2712748,
       13.8876526
      ],
      [
       121.2710062,
       13.8873561
      ],
      [
       121.2708185,
       13.8871596
      ],
      [
       121.2706308,
       13.886931
      ],
      [
       121.2701341,
       13.8867131
      ],
      [
       121.2695858,
       13.8864488
      ],
      [
       121.2693576,
       13.8863309
      ],
      [
       121.268791,
       13.886038
      ],
      [
       121.2682611,
       13.8858129
      ],
      [
       121.2680734,
       13.8856379
      ],
      [
       121.2678489,
       13.8855879
      ],
      [
       121.2676355,
       13.8856129
      ],
      [
       121.2672749,
       13.8857593
      ],
      [
       121.2668039,
       13.8859737
      ],
      [
       121.2664617,
       13.8859558
      ],
      [
       121.2661489,
       13.8858843
      ],
      [
       121.2658766,
       13.8858343
      ],
      [
       121.2656669,
       13.8856772
      ],
      [
       121.2656265,
       13.885375
      ],
      [
       121.2654581,
       13.8852329
      ],
      [
       121.2648797,
       13.8850513
      ],
      [
       121.2648167,
       13.8850279
      ],
      [
       121.2647465,
       13.8850277
      ],
      [
       121.2645919,
       13.8850827
      ],
      [
       121.2644194,
       13.8851344
      ],
      [
       121.2642502,
       13.8851302
      ],
      [
       121.2638018,
       13.8850071
      ],
      [
       121.2636381,
       13.8850272
      ],
      [
       121.2635281,
       13.8851361
      ],
      [
       121.263351,
       13.8855849
      ],
      [
       121.2632994,
       13.8857238
      ],
      [
       121.2631733,
       13.885816
      ],
      [
       121.2630113,
       13.8858635
      ],
      [
       121.2628556,
       13.8858191
      ],
      [
       121.262603,
       13.8856456
      ],
      [
       121.2623334,
       13.8856239
      ],
      [
       121.2620049,
       13.8856687
      ],
      [
       121.2615256,
       13.8860465
      ],
      [
       121.2613341,
       13.8861782
      ],
      [
       121.2609752,
       13.8861575
      ],
      [
       121.2604075,
       13.885934
      ],
      [
       121.2602482,
       13.8859048
      ],
      [
       121.2600965,
       13.8859157
      ],
      [
       121.2598544,
       13.8860095
      ],
      [
       121.2597184,
       13.886072
      ],
      [
       121.2595302,
       13.8860591
      ],
      [
       121.2592888,
       13.8858738
      ],
      [
       121.2590966,
       13.8857827
      ],
      [
       121.2586477,
       13.8857872
      ],
      [
       121.2579353,
       13.8860041
      ],
      [
       121.2577912,
       13.8860298
      ],
      [
       121.2576614,
       13.8860622
      ],
      [
       121.2574987,
       13.8860509
      ],
      [
       121.2573439,
       13.8860127
      ],
      [
       121.2570195,
       13.8858725
      ],
      [
       121.2566994,
       13.8858272
      ],
      [
       121.2563755,
       13.8858986
      ],
      [
       121.255969,
       13.8860962
      ],
      [
       121.2554881,
       13.886192
      ],
      [
       121.2550658,
       13.8861503
      ],
      [
       121.2546707,
       13.8860392
      ],
      [
       121.2542988,
       13.8860087
      ],
      [
       121.2536431,
       13.88606
      ],
      [
       121.2534967,
       13.8860823
      ],
      [
       121.2534138,
       13.8861011
      ],
      [
       121.2531692,
       13.8861879
      ],
      [
       121.2529723,
       13.8862097
      ],
      [
       121.2527668,
       13.8862139
      ],
      [
       121.2523296,
       13.8861298
      ],
      [
       121.2521902,
       13.8861046
      ],
      [
       121.2520573,
       13.8861219
      ],
      [
       121.2518334,
       13.8862139
      ],
      [
       121.251746,
       13.8862552
      ],
      [
       121.2516242,
       13.8862842
      ],
      [
       121.2514026,
       13.8862435
      ],
      [
       121.251261,
       13.8862561
      ],
      [
       121.2511256,
       13.8863174
      ],
      [
       121.2508274,
       13.8866078
      ],
      [
       121.2503948,
       13.8867141
      ],
      [
       121.2500789,
       13.8866806
      ],
      [
       121.2497589,
       13.8865104
      ],
      [
       121.2495734,
       13.8864704
      ],
      [
       121.2493099,
       13.88653
      ],
      [
       121.2490954,
       13.8866677
      ],
      [
       121.2489204,
       13.886831
      ],
      [
       121.2487695,
       13.8870667
      ],
      [
       121.2484972,
       13.8872882
      ],
      [
       121.2480667,
       13.887424
      ],
      [
       121.2478754,
       13.8874418
      ],
      [
       121.2476362,
       13.8874775
      ],
      [
       121.2475147,
       13.8875526
      ],
      [
       121.2474228,
       13.8877526
      ],
      [
       121.2473602,
       13.8879669
      ],
      [
       121.2471468,
       13.8881312
      ],
      [
       121.2469628,
       13.8881634
      ],
      [
       121.2466868,
       13.8881491
      ],
      [
       121.2464145,
       13.8881991
      ],
      [
       121.2461937,
       13.8883384
      ],
      [
       121.2459361,
       13.8884492
      ],
      [
       121.2456602,
       13.8885063
      ],
      [
       121.2453695,
       13.8884777
      ],
      [
       121.2450088,
       13.8884527
      ],
      [
       121.2447476,
       13.8884777
      ],
      [
       121.2444238,
       13.8884242
      ],
      [
       121.2440153,
       13.8883491
      ],
      [
       121.24364,
       13.8883277
      ],
      [
       121.2430774,
       13.8884922
      ],
      [
       121.2426937,
       13.8884864
      ],
      [
       121.242433,
       13.8885458
      ],
      [
       121.2421475,
       13.8886885
      ],
      [
       121.2417256,
       13.8890155
      ],
      [
       121.2413282,
       13.8892772
      ],
      [
       121.2410895,
       13.889388
      ],
      [
       121.2409221,
       13.8894835
      ],
      [
       121.2407597,
       13.8895156
      ],
      [
       121.2406942,
       13.8895065
      ],
      [
       121.24062,
       13.8894885
      ],
      [
       121.2404056,
       13.8893468
      ],
      [
       121.2401734,
       13.8892477
      ],
      [
       121.2400613,
       13.8892324
      ],
      [
       121.2399605,
       13.8892336
      ],
      [
       121.2398401,
       13.8892611
      ],
      [
       121.2397415,
       13.8893111
      ],
      [
       121.2396467,
       13.8893243
      ],
      [
       121.2395686,
       13.8893084
      ],
      [
       121.2393615,
       13.8892154
      ],
      [
       121.2392378,
       13.8892552
      ],
      [
       121.2391427,
       13.8893159
      ],
      [
       121.239033,
       13.8894887
      ],
      [
       121.2389373,
       13.8896923
      ],
      [
       121.2388356,
       13.8898939
      ],
      [
       121.2387775,
       13.8900319
      ],
      [
       121.238751,
       13.8901043
      ],
      [
       121.2387448,
       13.8901473
      ],
      [
       121.238745,
       13.890194
      ],
      [
       121.2387469,
       13.8902264
      ],
      [
       121.2387394,
       13.8902536
      ],
      [
       121.2387217,
       13.8902703
      ],
      [
       121.2386829,
       13.8902748
      ],
      [
       121.2386333,
       13.8902639
      ],
      [
       121.2385686,
       13.8902277
      ],
      [
       121.2384995,
       13.890163
      ],
      [
       121.2383831,
       13.8900992
      ],
      [
       121.2383075,
       13.8900724
      ],
      [
       121.2382198,
       13.8900526
      ],
      [
       121.2381189,
       13.8900495
      ],
      [
       121.2380043,
       13.8900693
      ],
      [
       121.2378843,
       13.8901102
      ],
      [
       121.2376741,
       13.8902243
      ],
      [
       121.2374565,
       13.8903648
      ],
      [
       121.2372624,
       13.8905387
      ],
      [
       121.2371461,
       13.8906048
      ],
      [
       121.2369847,
       13.8906681
      ],
      [
       121.2367487,
       13.890734
      ],
      [
       121.2363855,
       13.8908331
      ],
      [
       121.2362115,
       13.8908511
      ],
      [
       121.2360733,
       13.8908257
      ],
      [
       121.2359762,
       13.8907894
      ],
      [
       121.2359189,
       13.8907805
      ],
      [
       121.2358535,
       13.8907796
      ],
      [
       121.2357589,
       13.8908105
      ],
      [
       121.2354034,
       13.8909821
      ],
      [
       121.2350213,
       13.8911346
      ],
      [
       121.2344738,
       13.8911747
      ],
      [
       121.2341853,
       13.8912157
      ],
      [
       121.2339826,
       13.8912765
      ],
      [
       121.2338762,
       13.8913237
      ],
      [
       121.2337803,
       13.8913944
      ],
      [
       121.2337026,
       13.8914762
      ],
      [
       121.2336552,
       13.8915587
      ],
      [
       121.2336145,
       13.8916484
      ],
      [
       121.2336066,
       13.8917236
      ],
      [
       121.2335915,
       13.8917827
      ],
      [
       121.2335833,
       13.8918378
      ],
      [
       121.2335622,
       13.8918805
      ],
      [
       121.2335313,
       13.89192
      ],
      [
       121.233476,
       13.8919769
      ],
      [
       121.2334488,
       13.8920244
      ],
      [
       121.2334491,
       13.8920743
      ],
      [
       121.2334638,
       13.8921517
      ],
      [
       121.2334564,
       13.8922589
      ],
      [
       121.2334049,
       13.8924446
      ],
      [
       121.2332467,
       13.8925911
      ],
      [
       121.2331579,
       13.8926277
      ],
      [
       121.233079,
       13.8926392
      ],
      [
       121.2329071,
       13.892674
      ],
      [
       121.2328046,
       13.8927451
      ],
      [
       121.2326321,
       13.8929682
      ],
      [
       121.2325384,
       13.8931405
      ],
      [
       121.2324704,
       13.8932966
      ],
      [
       121.2324178,
       13.8934881
      ],
      [
       121.2323778,
       13.8935669
      ],
      [
       121.2323267,
       13.8936389
      ],
      [
       121.2322214,
       13.8937377
      ],
      [
       121.2320605,
       13.8938801
      ],
      [
       121.2319752,
       13.8939479
      ],
      [
       121.2319051,
       13.8939972
      ],
      [
       121.2318307,
       13.8940201
      ],
      [
       121.2317023,
       13.8940433
      ],
      [
       121.2315609,
       13.8941124
      ],
      [
       121.2314444,
       13.894161
      ],
      [
       121.231332,
       13.8941907
      ],
      [
       121.2311714,
       13.8942214
      ],
      [
       121.2310776,
       13.8942238
      ],
      [
       121.2309967,
       13.894214
      ],
      [
       121.2309498,
       13.8942062
      ],
      [
       121.2309095,
       13.8941997
      ],
      [
       121.2308331,
       13.8942088
      ],
      [
       121.2307727,
       13.8942296
      ],
      [
       121.2306856,
       13.8942752
      ],
      [
       121.2305917,
       13.8942999
      ],
      [
       121.2305005,
       13.8943091
      ],
      [
       121.230424,
       13.8943195
      ],
      [
       121.2303489,
       13.894339
      ],
      [
       121.2302919,
       13.8943488
      ],
      [
       121.2302296,
       13.8943572
      ],
      [
       121.2301759,
       13.8943533
      ],
      [
       121.2301102,
       13.8943481
      ],
      [
       121.2300003,
       13.8943351
      ],
      [
       121.2296891,
       13.8943403
      ],
      [
       121.2294973,
       13.8943559
      ],
      [
       121.2293404,
       13.8943768
      ],
      [
       121.2292238,
       13.894395
      ],
      [
       121.2291205,
       13.8944301
      ],
      [
       121.2290212,
       13.8944783
      ],
      [
       121.2288831,
       13.8945825
      ],
      [
       121.2287799,
       13.8946931
      ],
      [
       121.2287155,
       13.8947452
      ],
      [
       121.2286243,
       13.8948064
      ],
      [
       121.2285277,
       13.8948532
      ],
      [
       121.2284902,
       13.8948702
      ],
      [
       121.2284499,
       13.8948793
      ],
      [
       121.2284124,
       13.8948988
      ],
      [
       121.2283775,
       13.8949392
      ],
      [
       121.2283386,
       13.8950355
      ],
      [
       121.2282971,
       13.8951188
      ],
      [
       121.2282568,
       13.8952256
      ],
      [
       121.2282233,
       13.8952894
      ],
      [
       121.2281857,
       13.8953532
      ],
      [
       121.2280999,
       13.8955875
      ],
      [
       121.2280798,
       13.8956409
      ],
      [
       121.2280543,
       13.8956903
      ],
      [
       121.2280235,
       13.8957138
      ],
      [
       121.2279779,
       13.8957333
      ],
      [
       121.2279376,
       13.8957593
      ],
      [
       121.2279108,
       13.8957919
      ],
      [
       121.2278786,
       13.8958322
      ],
      [
       121.2278397,
       13.8958765
      ],
      [
       121.2277955,
       13.8959143
      ],
      [
       121.2277673,
       13.8959338
      ],
      [
       121.2277231,
       13.895952
      ],
      [
       121.2276533,
       13.895965
      ],
      [
       121.2275796,
       13.8959689
      ],
      [
       121.2275299,
       13.8959833
      ],
      [
       121.2274857,
       13.8960197
      ],
      [
       121.2274428,
       13.8960783
      ],
      [
       121.2273958,
       13.8962957
      ],
      [
       121.2273784,
       13.8963985
      ],
      [
       121.2273435,
       13.8964962
      ],
      [
       121.227302,
       13.896586
      ],
      [
       121.2271973,
       13.8968438
      ],
      [
       121.2271531,
       13.896931
      ],
      [
       121.2271236,
       13.8969948
      ],
      [
       121.2270887,
       13.897043
      ],
      [
       121.2270364,
       13.8970937
      ],
      [
       121.2269747,
       13.8971588
      ],
      [
       121.2268969,
       13.8972526
      ],
      [
       121.2268366,
       13.8973411
      ],
      [
       121.2267762,
       13.8974791
      ],
      [
       121.2267209,
       13.8976345
      ],
      [
       121.2266548,
       13.8978024
      ],
      [
       121.2265888,
       13.8978861
      ],
      [
       121.2265163,
       13.8979327
      ],
      [
       121.2264014,
       13.8979854
      ],
      [
       121.2262728,
       13.8980099
      ],
      [
       121.2260641,
       13.8980949
      ],
      [
       121.2258878,
       13.8981709
      ],
      [
       121.2257216,
       13.898254
      ],
      [
       121.2255541,
       13.8983518
      ],
      [
       121.225433,
       13.8983885
      ],
      [
       121.225327,
       13.8983951
      ],
      [
       121.2250666,
       13.8983981
      ],
      [
       121.224725,
       13.8984446
      ],
      [
       121.2242067,
       13.898668
      ],
      [
       121.2235494,
       13.8991098
      ],
      [
       121.2231935,
       13.8994495
      ],
      [
       121.2228469,
       13.8997047
      ],
      [
       121.2228064,
       13.899787
      ],
      [
       121.2227336,
       13.8998502
      ],
      [
       121.2226249,
       13.8999166
      ],
      [
       121.2224647,
       13.8999614
      ],
      [
       121.2223368,
       13.9000003
      ],
      [
       121.2221659,
       13.9000453
      ],
      [
       121.2220743,
       13.9001007
      ],
      [
       121.2219636,
       13.9001773
      ],
      [
       121.2218829,
       13.9002716
      ],
      [
       121.2218605,
       13.9003885
      ],
      [
       121.2218433,
       13.9005497
      ],
      [
       121.2218108,
       13.900697
      ],
      [
       121.2217774,
       13.9008261
      ],
      [
       121.2216996,
       13.9009831
      ],
      [
       121.2216017,
       13.9011118
      ],
      [
       121.2214609,
       13.9012079
      ],
      [
       121.2213328,
       13.9012649
      ],
      [
       121.2210259,
       13.9013062
      ],
      [
       121.2208293,
       13.901347
      ],
      [
       121.2206539,
       13.9014066
      ],
      [
       121.2204995,
       13.9014541
      ],
      [
       121.2204124,
       13.9015504
      ],
      [
       121.2204098,
       13.9016368
      ],
      [
       121.2204367,
       13.9017198
      ],
      [
       121.220462,
       13.9018173
      ],
      [
       121.2204464,
       13.9019506
      ],
      [
       121.2204231,
       13.9020661
      ],
      [
       121.2203689,
       13.9021572
      ],
      [
       121.2203091,
       13.9022163
      ],
      [
       121.220231,
       13.9022456
      ],
      [
       121.2200562,
       13.9022407
      ],
      [
       121.2198412,
       13.9022349
      ],
      [
       121.2196158,
       13.9022615
      ],
      [
       121.2192731,
       13.9022667
      ],
      [
       121.2118031,
       13.899589
      ],
      [
       121.2066595,
       13.8977714
      ],
      [
       121.2069453,
       13.8972287
      ],
      [
       121.2072131,
       13.8969954
      ],
      [
       121.2075909,
       13.896742
      ],
      [
       121.2078246,
       13.8966041
      ],
      [
       121.1904964,
       13.8914617
      ],
      [
       121.1957205,
       13.8775255
      ],
      [
       121.1864424,
       13.8735149
      ],
      [
       121.1891031,
       13.8690408
      ],
      [
       121.1745134,
       13.8664722
      ],
      [
       121.1745199,
       13.8662769
      ],
      [
       121.174528,
       13.8661404
      ],
      [
       121.1745466,
       13.8660398
      ],
      [
       121.1745723,
       13.8659658
      ],
      [
       121.1746064,
       13.8658318
      ],
      [
       121.1746594,
       13.8657054
      ],
      [
       121.174672,
       13.8656397
      ],
      [
       121.174673,
       13.865579
      ],
      [
       121.1746306,
       13.8651743
      ],
      [
       121.1746395,
       13.8649007
      ],
      [
       121.1747575,
       13.8643643
      ],
      [
       121.1748647,
       13.8638773
      ],
      [
       121.174964,
       13.863531
      ],
      [
       121.1749878,
       13.8633512
      ],
      [
       121.175024,
       13.8631822
      ],
      [
       121.175129,
       13.8629056
      ],
      [
       121.1751813,
       13.8627003
      ],
      [
       121.1752102,
       13.8624528
      ],
      [
       121.1751947,
       13.8621665
      ],
      [
       121.1751249,
       13.8619217
      ],
      [
       121.1750082,
       13.8616404
      ],
      [
       121.1638677,
       13.8614972
      ],
      [
       121.1572755,
       13.8614972
      ],
      [
       121.157425,
       13.8606899
      ],
      [
       121.1574395,
       13.8602645
      ],
      [
       121.1573473,
       13.8597685
      ],
      [
       121.1574411,
       13.8581431
      ],
      [
       121.1567116,
       13.8565598
      ],
      [
       121.1571811,
       13.8555066
      ],
      [
       121.1573339,
       13.8551639
      ],
      [
       121.157373,
       13.8550121
      ],
      [
       121.1454271,
       13.8560271
      ],
      [
       121.1432771,
       13.8562098
      ],
      [
       121.1433113,
       13.8565754
      ],
      [
       121.1430377,
       13.8569868
      ],
      [
       121.1431235,
       13.8578097
      ],
      [
       121.1431342,
       13.8576743
      ],
      [
       121.1433703,
       13.8582576
      ],
      [
       121.1436599,
       13.8588878
      ],
      [
       121.1438048,
       13.8595024
      ],
      [
       121.1436278,
       13.860018
      ],
      [
       121.1435097,
       13.8606795
      ],
      [
       121.1436117,
       13.8610649
      ],
      [
       121.1437243,
       13.8614685
      ],
      [
       121.1438075,
       13.8620961
      ],
      [
       121.1436653,
       13.8622966
      ],
      [
       121.1435044,
       13.8626586
      ],
      [
       121.1435607,
       13.8628226
      ],
      [
       121.1434802,
       13.8629034
      ],
      [
       121.1434668,
       13.8631065
      ],
      [
       121.1435527,
       13.8632523
      ],
      [
       121.1435473,
       13.8634502
      ],
      [
       121.1433542,
       13.8636325
      ],
      [
       121.1432737,
       13.8639945
      ],
      [
       121.1433434,
       13.8642158
      ],
      [
       121.1432147,
       13.8643564
      ],
      [
       121.1431986,
       13.8645596
      ],
      [
       121.1432308,
       13.8649762
      ],
      [
       121.1431181,
       13.8650335
      ],
      [
       121.1430752,
       13.8655908
      ],
      [
       121.1430377,
       13.8658512
      ],
      [
       121.142807,
       13.866148
      ],
      [
       121.142469,
       13.8663459
      ],
      [
       121.1419702,
       13.8663303
      ],
      [
       121.1416858,
       13.8662001
      ],
      [
       121.1415034,
       13.8662366
      ],
      [
       121.1412942,
       13.8664345
      ],
      [
       121.1409187,
       13.8668251
      ],
      [
       121.1407202,
       13.8669032
      ],
      [
       121.1403233,
       13.8668199
      ],
      [
       121.1397278,
       13.8670594
      ],
      [
       121.1393094,
       13.8675881
      ],
      [
       121.1391431,
       13.8682287
      ],
      [
       121.1388239,
       13.868588
      ],
      [
       121.1385021,
       13.8687729
      ],
      [
       121.1380729,
       13.8688302
      ],
      [
       121.1377671,
       13.8691739
      ],
      [
       121.136868,
       13.8706293
      ],
      [
       121.1366057,
       13.870653
      ],
      [
       121.1335802,
       13.8709967
      ],
      [
       121.1324228,
       13.8710241
      ],
      [
       121.1324081,
       13.8711321
      ],
      [
       121.1319669,
       13.8711061
      ],
      [
       121.1312735,
       13.8711217
      ],
      [
       121.1300799,
       13.8712727
      ],
      [
       121.1300611,
       13.8704551
      ],
      [
       121.1291898,
       13.8704657
      ],
      [
       121.1294496,
       13.8710592
      ],
      [
       121.1297071,
       13.8719758
      ],
      [
       121.1297376,
       13.8721395
      ],
      [
       121.1299164,
       13.8731007
      ],
      [
       121.1299387,
       13.8732072
      ],
      [
       121.1300858,
       13.8739082
      ],
      [
       121.1301524,
       13.8742256
      ],
      [
       121.130367,
       13.8751422
      ],
      [
       121.1305262,
       13.875731
      ],
      [
       121.1305923,
       13.8759755
      ],
      [
       121.1306459,
       13.8765588
      ],
      [
       121.1305708,
       13.877517
      ],
      [
       121.1307961,
       13.878319
      ],
      [
       121.1310751,
       13.8787565
      ],
      [
       121.1312682,
       13.8788919
      ],
      [
       121.1313433,
       13.879121
      ],
      [
       121.1313326,
       13.8794022
      ],
      [
       121.1311716,
       13.8796522
      ],
      [
       121.1311931,
       13.8799334
      ],
      [
       121.1317375,
       13.8805035
      ],
      [
       121.1327916,
       13.880475
      ],
      [
       121.1330116,
       13.8809333
      ],
      [
       121.1333549,
       13.8812406
      ],
      [
       121.133371,
       13.8817666
      ],
      [
       121.1335802,
       13.8821259
      ],
      [
       121.1336875,
       13.8825894
      ],
      [
       121.133372,
       13.8833751
      ],
      [
       121.1333233,
       13.8838616
      ],
      [
       121.133312,
       13.8839746
      ],
      [
       121.1333899,
       13.8845804
      ],
      [
       121.1333712,
       13.8846703
      ],
      [
       121.1332774,
       13.8851211
      ],
      [
       121.1331892,
       13.8855452
      ],
      [
       121.1328311,
       13.886157
      ],
      [
       121.1329043,
       13.8867035
      ],
      [
       121.1328828,
       13.8870992
      ],
      [
       121.1324429,
       13.8874534
      ],
      [
       121.133151,
       13.8887865
      ],
      [
       121.1338484,
       13.8891198
      ],
      [
       121.134051,
       13.8896817
      ],
      [
       121.1340737,
       13.8897447
      ],
      [
       121.1338055,
       13.8901821
      ],
      [
       121.1335051,
       13.8908904
      ],
      [
       121.1333442,
       13.8912653
      ],
      [
       121.1332787,
       13.8912893
      ],
      [
       121.1329725,
       13.891381
      ],
      [
       121.1329392,
       13.891391
      ],
      [
       121.1325348,
       13.8914492
      ],
      [
       121.1322602,
       13.8914104
      ],
      [
       121.1319806,
       13.8912505
      ],
      [
       121.131716,
       13.8912263
      ],
      [
       121.1315263,
       13.8913135
      ],
      [
       121.1313865,
       13.8915461
      ],
      [
       121.1312966,
       13.8918515
      ],
      [
       121.131067,
       13.8921326
      ],
      [
       121.1308223,
       13.8924815
      ],
      [
       121.1306426,
       13.8926948
      ],
      [
       121.1305328,
       13.8928547
      ],
      [
       121.1305078,
       13.8930583
      ],
      [
       121.1305088,
       13.8931527
      ],
      [
       121.1305128,
       13.8935236
      ],
      [
       121.130368,
       13.8937514
      ],
      [
       121.1300485,
       13.8939985
      ],
      [
       121.1299985,
       13.8941827
      ],
      [
       121.1299486,
       13.8943475
      ],
      [
       121.1298588,
       13.8946625
      ],
      [
       121.1297938,
       13.8948758
      ],
      [
       121.1298637,
       13.8950454
      ],
      [
       121.129699,
       13.8953847
      ],
      [
       121.129699,
       13.8955979
      ],
      [
       121.1297239,
       13.8956948
      ],
      [
       121.129704,
       13.8960099
      ],
      [
       121.129674,
       13.8962473
      ],
      [
       121.1296141,
       13.8964703
      ],
      [
       121.1294044,
       13.8967611
      ],
      [
       121.1293046,
       13.8969937
      ],
      [
       121.1291847,
       13.897207
      ],
      [
       121.1291298,
       13.8974929
      ],
      [
       121.1289651,
       13.8978661
      ],
      [
       121.1288802,
       13.8980406
      ],
      [
       121.1287853,
       13.8981569
      ],
      [
       121.1287154,
       13.898404
      ],
      [
       121.1287004,
       13.8987336
      ],
      [
       121.1286405,
       13.8990583
      ],
      [
       121.1285607,
       13.8993152
      ],
      [
       121.1285656,
       13.899509
      ],
      [
       121.1285906,
       13.8996593
      ],
      [
       121.1285557,
       13.8998289
      ],
      [
       121.1286184,
       13.8999864
      ],
      [
       121.1287004,
       13.9001924
      ],
      [
       121.1288003,
       13.9004105
      ],
      [
       121.1287454,
       13.900648
      ],
      [
       121.1286955,
       13.9008661
      ],
      [
       121.1285706,
       13.9010454
      ],
      [
       121.1285394,
       13.9012626
      ],
      [
       121.128551,
       13.9013345
      ],
      [
       121.1285693,
       13.9013816
      ],
      [
       121.1286092,
       13.9014386
      ],
      [
       121.1286505,
       13.901593
      ],
      [
       121.1285557,
       13.9018014
      ],
      [
       121.1284558,
       13.9019517
      ],
      [
       121.128326,
       13.9020728
      ],
      [
       121.1282884,
       13.9022114
      ],
      [
       121.1282761,
       13.902257
      ],
      [
       121.1282511,
       13.9024848
      ],
      [
       121.128316,
       13.9026883
      ],
      [
       121.1283659,
       13.9029597
      ],
      [
       121.1281562,
       13.9033959
      ],
      [
       121.1280414,
       13.9035704
      ],
      [
       121.1280213,
       13.9036395
      ],
      [
       121.1278822,
       13.9037147
      ],
      [
       121.1274631,
       13.9037422
      ],
      [
       121.1254642,
       13.9033024
      ],
      [
       121.1254076,
       13.903253
      ],
      [
       121.1249821,
       13.9031677
      ],
      [
       121.124891,
       13.9031798
      ],
      [
       121.1248343,
       13.9032689
      ],
      [
       121.1247388,
       13.9034244
      ],
      [
       121.1246726,
       13.9036114
      ],
      [
       121.1246032,
       13.9038028
      ],
      [
       121.12446,
       13.9039329
      ],
      [
       121.1242524,
       13.9039418
      ],
      [
       121.1241095,
       13.9039848
      ],
      [
       121.1240579,
       13.9040327
      ],
      [
       121.1238732,
       13.9041877
      ],
      [
       121.1239031,
       13.9044398
      ],
      [
       121.1237284,
       13.9045318
      ],
      [
       121.1235436,
       13.9048711
      ],
      [
       121.1234338,
       13.9052152
      ],
      [
       121.1234202,
       13.9052392
      ],
      [
       121.1234106,
       13.9052562
      ],
      [
       121.123294,
       13.9054623
      ],
      [
       121.1231592,
       13.905724
      ],
      [
       121.1230144,
       13.9058985
      ],
      [
       121.1227548,
       13.9061505
      ],
      [
       121.1226749,
       13.9063395
      ],
      [
       121.1226833,
       13.906405
      ],
      [
       121.1227049,
       13.9065722
      ],
      [
       121.12261,
       13.9070907
      ],
      [
       121.1226599,
       13.9073088
      ],
      [
       121.1226549,
       13.907648
      ],
      [
       121.1225551,
       13.9079582
      ],
      [
       121.1223953,
       13.9082005
      ],
      [
       121.1221407,
       13.908312
      ],
      [
       121.1218461,
       13.908564
      ],
      [
       121.1217857,
       13.9088549
      ],
      [
       121.1190958,
       13.9082725
      ],
      [
       121.1177922,
       13.9081996
      ],
      [
       121.1177847,
       13.909051
      ],
      [
       121.1176077,
       13.9103397
      ],
      [
       121.1172483,
       13.9108786
      ],
      [
       121.1174843,
       13.9118576
      ],
      [
       121.1174243,
       13.9119304
      ],
      [
       121.1167118,
       13.9127948
      ],
      [
       121.1163115,
       13.9131737
      ],
      [
       121.1158535,
       13.9136071
      ],
      [
       121.1155316,
       13.9150026
      ],
      [
       121.1153249,
       13.9160342
      ],
      [
       121.1152312,
       13.9165022
      ],
      [
       121.1146519,
       13.9181059
      ],
      [
       121.1150312,
       13.9188628
      ],
      [
       121.1152263,
       13.9193553
      ],
      [
       121.1151189,
       13.920941
      ],
      [
       121.1144619,
       13.9212251
      ],
      [
       121.1140619,
       13.9211178
      ],
      [
       121.1133919,
       13.9211494
      ],
      [
       121.1131642,
       13.9213135
      ],
      [
       121.1128227,
       13.9224247
      ],
      [
       121.1123902,
       13.9227625
      ],
      [
       121.1117691,
       13.9234204
      ],
      [
       121.1070107,
       13.9243693
      ],
      [
       121.1057033,
       13.9247292
      ],
      [
       121.1013158,
       13.9257204
      ],
      [
       121.1010329,
       13.9257836
      ],
      [
       121.098161,
       13.9263676
      ],
      [
       121.0938711,
       13.9265601
      ],
      [
       121.0917148,
       13.9267811
      ],
      [
       121.0914189,
       13.9268284
      ],
      [
       121.0900756,
       13.9269484
      ],
      [
       121.0897536,
       13.9269926
      ],
      [
       121.0879934,
       13.9271528
      ]
     ]
    ]
   }
  },
  {
   "type": "Feature",
   "properties": {
    "name": "Batangas City",
    "osm_id": 6185647,
    "admin_level": "6",
    "region": "calabarzon",
    "franchise": "Multiple (BATELEC, FLECO, QUEZELCO et al)"
   },
   "geometry": {
    "type": "Polygon",
    "coordinates": [
     [
      [
       121.0871056,
       13.8419441
      ],
      [
       121.0874871,
       13.8420483
      ],
      [
       121.087676,
       13.8421299
      ],
      [
       121.0878501,
       13.8422391
      ],
      [
       121.0882817,
       13.8425841
      ],
      [
       121.0888343,
       13.8429885
      ],
      [
       121.0890833,
       13.8431466
      ],
      [
       121.0893441,
       13.8433311
      ],
      [
       121.089906,
       13.8437025
      ],
      [
       121.090444,
       13.8440256
      ],
      [
       121.0910122,
       13.8443342
      ],
      [
       121.0915621,
       13.8446188
      ],
      [
       121.0923278,
       13.8449756
      ],
      [
       121.0930954,
       13.8454171
      ],
      [
       121.0940037,
       13.8458884
      ],
      [
       121.0945688,
       13.8461559
      ],
      [
       121.0951073,
       13.8464628
      ],
      [
       121.0956233,
       13.8467125
      ],
      [
       121.095875,
       13.8468343
      ],
      [
       121.0961626,
       13.8469491
      ],
      [
       121.0961848,
       13.846958
      ],
      [
       121.0965421,
       13.847116
      ],
      [
       121.0966792,
       13.8471807
      ],
      [
       121.0971746,
       13.8474294
      ],
      [
       121.0974342,
       13.8475903
      ],
      [
       121.097525,
       13.8476466
      ],
      [
       121.0978497,
       13.8478228
      ],
      [
       121.0979563,
       13.8478753
      ],
      [
       121.098669,
       13.8482368
      ],
      [
       121.0993341,
       13.8485199
      ],
      [
       121.0995352,
       13.8486159
      ],
      [
       121.0999325,
       13.8487662
      ],
      [
       121.1005129,
       13.8490259
      ],
      [
       121.1009055,
       13.8491795
      ],
      [
       121.101399,
       13.8491766
      ],
      [
       121.1013899,
       13.8491033
      ],
      [
       121.101375,
       13.8489838
      ],
      [
       121.1012483,
       13.8488408
      ],
      [
       121.1011113,
       13.8487178
      ],
      [
       121.1010291,
       13.8485914
      ],
      [
       121.1009743,
       13.8483054
      ],
      [
       121.1010736,
       13.8480478
      ],
      [
       121.1011627,
       13.8478981
      ],
      [
       121.1012414,
       13.8477285
      ],
      [
       121.1012483,
       13.8475423
      ],
      [
       121.1011935,
       13.8472032
      ],
      [
       121.1010017,
       13.847027
      ],
      [
       121.1008716,
       13.8468275
      ],
      [
       121.1008065,
       13.8465681
      ],
      [
       121.1011802,
       13.8458269
      ],
      [
       121.1011193,
       13.845548
      ],
      [
       121.1008499,
       13.844813
      ],
      [
       121.1008209,
       13.8445156
      ],
      [
       121.1007927,
       13.8442268
      ],
      [
       121.1011885,
       13.8436116
      ],
      [
       121.1021327,
       13.8429865
      ],
      [
       121.1029695,
       13.8422469
      ],
      [
       121.1032752,
       13.842674
      ],
      [
       121.1038331,
       13.8438616
      ],
      [
       121.1049329,
       13.8437886
      ],
      [
       121.1054355,
       13.8434807
      ],
      [
       121.1056759,
       13.8434969
      ],
      [
       121.1057026,
       13.8432159
      ],
      [
       121.1054814,
       13.842915
      ],
      [
       121.1050552,
       13.8421395
      ],
      [
       121.1049092,
       13.8415434
      ],
      [
       121.1046637,
       13.8407529
      ],
      [
       121.1045679,
       13.8406057
      ],
      [
       121.1043668,
       13.8402967
      ],
      [
       121.1038471,
       13.8399634
      ],
      [
       121.1034883,
       13.8394217
      ],
      [
       121.1035729,
       13.8385278
      ],
      [
       121.1035595,
       13.8382929
      ],
      [
       121.1035556,
       13.8382256
      ],
      [
       121.1037649,
       13.8382359
      ],
      [
       121.1040772,
       13.8380223
      ],
      [
       121.1041952,
       13.8376681
      ],
      [
       121.1041403,
       13.8369262
      ],
      [
       121.1033035,
       13.8354886
      ],
      [
       121.1030921,
       13.835246
      ],
      [
       121.1028314,
       13.8349469
      ],
      [
       121.1022709,
       13.8342801
      ],
      [
       121.1018024,
       13.8334329
      ],
      [
       121.1012212,
       13.8332778
      ],
      [
       121.101105,
       13.8323818
      ],
      [
       121.1011885,
       13.8315738
      ],
      [
       121.1012075,
       13.8307312
      ],
      [
       121.1014889,
       13.8299845
      ],
      [
       121.1012838,
       13.8295533
      ],
      [
       121.1009655,
       13.8293537
      ],
      [
       121.1005727,
       13.8288328
      ],
      [
       121.1002992,
       13.8278662
      ],
      [
       121.100253,
       13.8277048
      ],
      [
       121.1000428,
       13.8269697
      ],
      [
       121.0995779,
       13.8263511
      ],
      [
       121.0996083,
       13.82588
      ],
      [
       121.0998116,
       13.8252757
      ],
      [
       121.099634,
       13.8249724
      ],
      [
       121.0995934,
       13.8239514
      ],
      [
       121.0994129,
       13.8237292
      ],
      [
       121.0991682,
       13.8235684
      ],
      [
       121.0989384,
       13.8234173
      ],
      [
       121.098923,
       13.8228391
      ],
      [
       121.0990737,
       13.8222944
      ],
      [
       121.0991488,
       13.8218985
      ],
      [
       121.0992868,
       13.8216157
      ],
      [
       121.1002904,
       13.8204207
      ],
      [
       121.1005833,
       13.8199179
      ],
      [
       121.1004948,
       13.8193754
      ],
      [
       121.1001064,
       13.8187271
      ],
      [
       121.099977,
       13.8182772
      ],
      [
       121.1001133,
       13.8180523
      ],
      [
       121.1015167,
       13.8179994
      ],
      [
       121.1019187,
       13.817576
      ],
      [
       121.1023206,
       13.8173709
      ],
      [
       121.1024637,
       13.817318
      ],
      [
       121.1026068,
       13.8173312
      ],
      [
       121.1028588,
       13.8174701
      ],
      [
       121.1030019,
       13.8174768
      ],
      [
       121.1033834,
       13.8172452
      ],
      [
       121.1033494,
       13.8169475
      ],
      [
       121.1033085,
       13.8167424
      ],
      [
       121.1026408,
       13.8165836
      ],
      [
       121.1025727,
       13.8164712
      ],
      [
       121.1027907,
       13.8159287
      ],
      [
       121.1032063,
       13.8155053
      ],
      [
       121.1032335,
       13.815373
      ],
      [
       121.1028043,
       13.8152142
      ],
      [
       121.1028111,
       13.8147445
      ],
      [
       121.1029815,
       13.8143674
      ],
      [
       121.1031518,
       13.8141424
      ],
      [
       121.1032744,
       13.8138513
      ],
      [
       121.1034924,
       13.8134941
      ],
      [
       121.1036082,
       13.8134081
      ],
      [
       121.1039012,
       13.8133684
      ],
      [
       121.1039693,
       13.8132493
      ],
      [
       121.1038535,
       13.81272
      ],
      [
       121.1034856,
       13.8124686
      ],
      [
       121.1034243,
       13.8123363
      ],
      [
       121.103457,
       13.8121182
      ],
      [
       121.1035265,
       13.8116549
      ],
      [
       121.1037513,
       13.8112646
      ],
      [
       121.1036491,
       13.8108676
      ],
      [
       121.1036751,
       13.8101574
      ],
      [
       121.1037443,
       13.8096985
      ],
      [
       121.1037558,
       13.8093069
      ],
      [
       121.1036406,
       13.8090047
      ],
      [
       121.1032257,
       13.8085907
      ],
      [
       121.1028339,
       13.8081767
      ],
      [
       121.1023499,
       13.8077738
      ],
      [
       121.1018775,
       13.8073821
      ],
      [
       121.1015548,
       13.8070576
      ],
      [
       121.1013128,
       13.8067667
      ],
      [
       121.1011861,
       13.8063414
      ],
      [
       121.1010708,
       13.8059274
      ],
      [
       121.1008519,
       13.8055245
      ],
      [
       121.1004716,
       13.8051776
      ],
      [
       121.1001605,
       13.8049874
      ],
      [
       121.0997917,
       13.8049538
      ],
      [
       121.0993884,
       13.805144
      ],
      [
       121.0990773,
       13.8052671
      ],
      [
       121.0987546,
       13.8053231
      ],
      [
       121.0985357,
       13.8051776
      ],
      [
       121.0983744,
       13.804965
      ],
      [
       121.098455,
       13.8045845
      ],
      [
       121.0985703,
       13.8041481
      ],
      [
       121.0986509,
       13.8036221
      ],
      [
       121.098697,
       13.8032081
      ],
      [
       121.0987201,
       13.8027381
      ],
      [
       121.0986624,
       13.8022904
      ],
      [
       121.0985011,
       13.8019212
      ],
      [
       121.0980748,
       13.8013616
      ],
      [
       121.0978789,
       13.8009699
      ],
      [
       121.0976369,
       13.8005223
      ],
      [
       121.0973488,
       13.8001083
      ],
      [
       121.0971183,
       13.7997613
      ],
      [
       121.0967611,
       13.7993697
      ],
      [
       121.096473,
       13.7990116
      ],
      [
       121.0963001,
       13.7986311
      ],
      [
       121.0962195,
       13.7982841
      ],
      [
       121.0962609,
       13.7980654
      ],
      [
       121.0963232,
       13.7977358
      ],
      [
       121.0965306,
       13.7971091
      ],
      [
       121.0967265,
       13.7966503
      ],
      [
       121.0968994,
       13.7962474
      ],
      [
       121.0971475,
       13.7960232
      ],
      [
       121.0971545,
       13.7957656
      ],
      [
       121.0971043,
       13.7955064
      ],
      [
       121.0971034,
       13.795354
      ],
      [
       121.0971252,
       13.7948856
      ],
      [
       121.0972278,
       13.7943263
      ],
      [
       121.0972762,
       13.7938666
      ],
      [
       121.0972183,
       13.7935324
      ],
      [
       121.0970537,
       13.7932905
      ],
      [
       121.096781,
       13.7931245
      ],
      [
       121.0965248,
       13.7930435
      ],
      [
       121.0961568,
       13.7928259
      ],
      [
       121.0959139,
       13.792738
      ],
      [
       121.0956677,
       13.7926501
      ],
      [
       121.0952718,
       13.7926487
      ],
      [
       121.0951212,
       13.7925511
      ],
      [
       121.0951955,
       13.7923963
      ],
      [
       121.0951925,
       13.7920776
      ],
      [
       121.0952234,
       13.7917953
      ],
      [
       121.0953235,
       13.79149
      ],
      [
       121.0953674,
       13.7911498
      ],
      [
       121.0955985,
       13.790528
      ],
      [
       121.0959376,
       13.7898913
      ],
      [
       121.0962614,
       13.7892877
      ],
      [
       121.0965162,
       13.7885744
      ],
      [
       121.0964398,
       13.7881772
      ],
      [
       121.0965184,
       13.7880843
      ],
      [
       121.0970658,
       13.7882522
      ],
      [
       121.0975123,
       13.788448
      ],
      [
       121.0979156,
       13.7888677
      ],
      [
       121.0984275,
       13.7892305
      ],
      [
       121.0989751,
       13.7893788
      ],
      [
       121.0995513,
       13.7891928
      ],
      [
       121.0999097,
       13.7890361
      ],
      [
       121.1003795,
       13.7885069
      ],
      [
       121.1006664,
       13.7876946
      ],
      [
       121.1009029,
       13.7869818
      ],
      [
       121.1011711,
       13.7864133
      ],
      [
       121.1013983,
       13.7861866
      ],
      [
       121.1019632,
       13.7860978
      ],
      [
       121.1022287,
       13.7861979
      ],
      [
       121.1024473,
       13.7864145
      ],
      [
       121.1026986,
       13.7867618
      ],
      [
       121.1029715,
       13.7870771
      ],
      [
       121.103274,
       13.7875387
      ],
      [
       121.1034469,
       13.7878045
      ],
      [
       121.103807,
       13.7881682
      ],
      [
       121.1042247,
       13.788504
      ],
      [
       121.1045416,
       13.7888537
      ],
      [
       121.1046424,
       13.7891895
      ],
      [
       121.1048153,
       13.7894972
      ],
      [
       121.105089,
       13.7898609
      ],
      [
       121.105305,
       13.7899169
      ],
      [
       121.1058849,
       13.7899778
      ],
      [
       121.1063787,
       13.7899872
      ],
      [
       121.1067126,
       13.7899296
      ],
      [
       121.1072064,
       13.7898889
      ],
      [
       121.1075233,
       13.789833
      ],
      [
       121.1079266,
       13.7898469
      ],
      [
       121.1082291,
       13.7900008
      ],
      [
       121.1083299,
       13.7902666
      ],
      [
       121.10869,
       13.7904904
      ],
      [
       121.1091366,
       13.7906443
      ],
      [
       121.1094391,
       13.7906443
      ],
      [
       121.1098136,
       13.7907003
      ],
      [
       121.109972,
       13.7908122
      ],
      [
       121.1102457,
       13.7908542
      ],
      [
       121.1104041,
       13.79105
      ],
      [
       121.110721,
       13.7911479
      ],
      [
       121.1111532,
       13.7914277
      ],
      [
       121.1116285,
       13.7914417
      ],
      [
       121.112003,
       13.7913717
      ],
      [
       121.1121615,
       13.7911759
      ],
      [
       121.1122911,
       13.7906863
      ],
      [
       121.1123775,
       13.7903226
      ],
      [
       121.1124639,
       13.7899029
      ],
      [
       121.1126368,
       13.7894832
      ],
      [
       121.1129969,
       13.7892174
      ],
      [
       121.1134434,
       13.7891755
      ],
      [
       121.1136883,
       13.7893713
      ],
      [
       121.1139476,
       13.7895112
      ],
      [
       121.1143509,
       13.7895112
      ],
      [
       121.1147974,
       13.7894972
      ],
      [
       121.1152152,
       13.7894133
      ],
      [
       121.1156473,
       13.7891195
      ],
      [
       121.1160218,
       13.7889656
      ],
      [
       121.1163531,
       13.7889516
      ],
      [
       121.1166556,
       13.7890496
      ],
      [
       121.1167852,
       13.7892314
      ],
      [
       121.1171597,
       13.7892314
      ],
      [
       121.1178367,
       13.7890915
      ],
      [
       121.1185858,
       13.7890216
      ],
      [
       121.1190611,
       13.7887558
      ],
      [
       121.1193348,
       13.788504
      ],
      [
       121.1198389,
       13.7879025
      ],
      [
       121.1203143,
       13.7878185
      ],
      [
       121.1205159,
       13.7879164
      ],
      [
       121.1209769,
       13.7883081
      ],
      [
       121.1213802,
       13.7887558
      ],
      [
       121.1215962,
       13.7891195
      ],
      [
       121.1219852,
       13.7894413
      ],
      [
       121.1223453,
       13.789791
      ],
      [
       121.1229935,
       13.7902107
      ],
      [
       121.123584,
       13.7906583
      ],
      [
       121.1241026,
       13.7908402
      ],
      [
       121.1247652,
       13.7908122
      ],
      [
       121.1251685,
       13.7905744
      ],
      [
       121.1254998,
       13.7902526
      ],
      [
       121.1260904,
       13.789749
      ],
      [
       121.1264937,
       13.7893293
      ],
      [
       121.126897,
       13.7890915
      ],
      [
       121.1271851,
       13.7890636
      ],
      [
       121.1274588,
       13.7893014
      ],
      [
       121.1276893,
       13.7895532
      ],
      [
       121.1279917,
       13.789763
      ],
      [
       121.1283374,
       13.7902386
      ],
      [
       121.1286111,
       13.7905884
      ],
      [
       121.1290577,
       13.7907702
      ],
      [
       121.1295474,
       13.7908262
      ],
      [
       121.1302388,
       13.7909521
      ],
      [
       121.1316051,
       13.7916547
      ],
      [
       121.1327638,
       13.7918214
      ],
      [
       121.134695,
       13.7912379
      ],
      [
       121.1370687,
       13.7903752
      ],
      [
       121.1374404,
       13.7895058
      ],
      [
       121.1378266,
       13.7887772
      ],
      [
       121.1383379,
       13.7885593
      ],
      [
       121.1384615,
       13.7883489
      ],
      [
       121.1384186,
       13.7879563
      ],
      [
       121.1385649,
       13.7871851
      ],
      [
       121.1392635,
       13.7864032
      ],
      [
       121.1397414,
       13.7850992
      ],
      [
       121.1402341,
       13.7848063
      ],
      [
       121.1406037,
       13.7846105
      ],
      [
       121.1408718,
       13.7839782
      ],
      [
       121.1422388,
       13.7825742
      ],
      [
       121.1426246,
       13.7822358
      ],
      [
       121.1429026,
       13.782274
      ],
      [
       121.1430322,
       13.7822918
      ],
      [
       121.1437446,
       13.7826075
      ],
      [
       121.1444569,
       13.78255
      ],
      [
       121.1459613,
       13.7813084
      ],
      [
       121.1466624,
       13.7804151
      ],
      [
       121.1473137,
       13.7803387
      ],
      [
       121.1477836,
       13.7803468
      ],
      [
       121.1480233,
       13.7800208
      ],
      [
       121.1479585,
       13.7796031
      ],
      [
       121.1478778,
       13.7785041
      ],
      [
       121.1480912,
       13.7778208
      ],
      [
       121.1488049,
       13.7776305
      ],
      [
       121.1492676,
       13.7776803
      ],
      [
       121.1497593,
       13.7772654
      ],
      [
       121.1498364,
       13.7766531
      ],
      [
       121.1501455,
       13.7761817
      ],
      [
       121.1509914,
       13.7759981
      ],
      [
       121.151801,
       13.775744
      ],
      [
       121.1521546,
       13.7749201
      ],
      [
       121.1525917,
       13.7737225
      ],
      [
       121.1545014,
       13.7724721
      ],
      [
       121.154995,
       13.7715499
      ],
      [
       121.1552471,
       13.7713728
      ],
      [
       121.1559606,
       13.7710028
      ],
      [
       121.1564004,
       13.7707111
      ],
      [
       121.1566257,
       13.7705235
      ],
      [
       121.1570326,
       13.7699915
      ],
      [
       121.1577415,
       13.7690646
      ],
      [
       121.1581063,
       13.7688562
      ],
      [
       121.1584711,
       13.7687728
      ],
      [
       121.1593294,
       13.7690855
      ],
      [
       121.1598193,
       13.7689836
      ],
      [
       121.160531,
       13.768679
      ],
      [
       121.1613613,
       13.7682528
      ],
      [
       121.1626017,
       13.7676162
      ],
      [
       121.1620116,
       13.7660114
      ],
      [
       121.1628055,
       13.7652924
      ],
      [
       121.1630738,
       13.7639377
      ],
      [
       121.1626875,
       13.7635625
      ],
      [
       121.1627197,
       13.7626038
      ],
      [
       121.1635351,
       13.7616243
      ],
      [
       121.1639535,
       13.7601236
      ],
      [
       121.1651981,
       13.7595609
      ],
      [
       121.1654663,
       13.7578831
      ],
      [
       121.1665499,
       13.7568306
      ],
      [
       121.1681056,
       13.7560178
      ],
      [
       121.1684436,
       13.7562835
      ],
      [
       121.1691356,
       13.7556843
      ],
      [
       121.1704016,
       13.7546526
      ],
      [
       121.170702,
       13.75397
      ],
      [
       121.1710131,
       13.753845
      ],
      [
       121.1715388,
       13.7535792
      ],
      [
       121.1716461,
       13.7534958
      ],
      [
       121.1725688,
       13.7538554
      ],
      [
       121.1729014,
       13.7539023
      ],
      [
       121.1731374,
       13.7538085
      ],
      [
       121.1731267,
       13.7535584
      ],
      [
       121.1729336,
       13.7532405
      ],
      [
       121.1729658,
       13.7528654
      ],
      [
       121.1730838,
       13.7525788
      ],
      [
       121.1733252,
       13.7523235
      ],
      [
       121.1739206,
       13.7519118
      ],
      [
       121.1743498,
       13.7517659
      ],
      [
       121.1746287,
       13.7514741
      ],
      [
       121.1752644,
       13.7504528
      ],
      [
       121.1753207,
       13.75026
      ],
      [
       121.1752886,
       13.7500829
      ],
      [
       121.1750364,
       13.7498588
      ],
      [
       121.174956,
       13.7497338
      ],
      [
       121.1750096,
       13.749567
      ],
      [
       121.1752778,
       13.7493325
      ],
      [
       121.1754441,
       13.7492335
      ],
      [
       121.1756802,
       13.7491554
      ],
      [
       121.1761039,
       13.7490355
      ],
      [
       121.1778045,
       13.7478214
      ],
      [
       121.1779064,
       13.7475765
      ],
      [
       121.1779332,
       13.7473577
      ],
      [
       121.1777508,
       13.7469043
      ],
      [
       121.1777133,
       13.746748
      ],
      [
       121.1777025,
       13.74655
      ],
      [
       121.1778152,
       13.7462842
      ],
      [
       121.1779439,
       13.7461331
      ],
      [
       121.17818,
       13.7460758
      ],
      [
       121.1786896,
       13.7464249
      ],
      [
       121.1788452,
       13.7464197
      ],
      [
       121.1789364,
       13.7463416
      ],
      [
       121.179285,
       13.7457996
      ],
      [
       121.1794621,
       13.7457059
      ],
      [
       121.1793494,
       13.7455912
      ],
      [
       121.1791295,
       13.7455026
      ],
      [
       121.1790866,
       13.745289
      ],
      [
       121.1792529,
       13.7451275
      ],
      [
       121.1794889,
       13.7451379
      ],
      [
       121.1795962,
       13.7450545
      ],
      [
       121.1795318,
       13.7448409
      ],
      [
       121.1790705,
       13.7445438
      ],
      [
       121.1789954,
       13.7443302
      ],
      [
       121.1790168,
       13.7441322
      ],
      [
       121.1786896,
       13.7436007
      ],
      [
       121.1786199,
       13.7434965
      ],
      [
       121.1786735,
       13.7433923
      ],
      [
       121.1788881,
       13.7432672
      ],
      [
       121.1789793,
       13.743189
      ],
      [
       121.1790383,
       13.7431057
      ],
      [
       121.1790061,
       13.7425846
      ],
      [
       121.1790222,
       13.742397
      ],
      [
       121.1792153,
       13.7422146
      ],
      [
       121.1794567,
       13.7420739
      ],
      [
       121.1798322,
       13.7421052
      ],
      [
       121.1800414,
       13.742027
      ],
      [
       121.1801675,
       13.7418811
      ],
      [
       121.1806878,
       13.7415763
      ],
      [
       121.1808461,
       13.7413678
      ],
      [
       121.1809882,
       13.7409536
      ],
      [
       121.1810312,
       13.7405654
      ],
      [
       121.1809212,
       13.7401303
      ],
      [
       121.1807603,
       13.7397394
      ],
      [
       121.1808246,
       13.7395623
      ],
      [
       121.1809212,
       13.7394789
      ],
      [
       121.1817741,
       13.7391246
      ],
      [
       121.1820102,
       13.7388953
      ],
      [
       121.1821657,
       13.7385566
      ],
      [
       121.1827773,
       13.7369359
      ],
      [
       121.1830187,
       13.7367171
      ],
      [
       121.183362,
       13.7365034
      ],
      [
       121.1841828,
       13.7361543
      ],
      [
       121.1845046,
       13.7361647
      ],
      [
       121.1849928,
       13.736321
      ],
      [
       121.1851779,
       13.7362846
      ],
      [
       121.1853227,
       13.7360579
      ],
      [
       121.1855668,
       13.7356358
      ],
      [
       121.1857706,
       13.7355186
      ],
      [
       121.1860496,
       13.7355446
      ],
      [
       121.1865967,
       13.7356957
      ],
      [
       121.1868006,
       13.7356332
      ],
      [
       121.1867899,
       13.7354248
      ],
      [
       121.1865216,
       13.735047
      ],
      [
       121.1865002,
       13.7348281
      ],
      [
       121.1865538,
       13.7346692
      ],
      [
       121.1867625,
       13.7343078
      ],
      [
       121.186763,
       13.7340334
      ],
      [
       121.1867148,
       13.7337546
      ],
      [
       121.1864573,
       13.7330954
      ],
      [
       121.1863258,
       13.7328948
      ],
      [
       121.1861703,
       13.7327828
      ],
      [
       121.185827,
       13.7325847
      ],
      [
       121.1857063,
       13.7324258
      ],
      [
       121.1856231,
       13.7321444
      ],
      [
       121.1856312,
       13.7318838
      ],
      [
       121.1857599,
       13.7316493
      ],
      [
       121.186071,
       13.7314878
      ],
      [
       121.1870527,
       13.7312246
      ],
      [
       121.1872405,
       13.7310839
      ],
      [
       121.1872163,
       13.7309068
      ],
      [
       121.1871895,
       13.7307973
      ],
      [
       121.1872056,
       13.7306358
      ],
      [
       121.1873129,
       13.7304769
      ],
      [
       121.1876857,
       13.7302423
      ],
      [
       121.1879593,
       13.7302345
      ],
      [
       121.1883026,
       13.7303492
      ],
      [
       121.189279,
       13.7310266
      ],
      [
       121.1895633,
       13.7311308
      ],
      [
       121.1898154,
       13.7310735
      ],
      [
       121.1907703,
       13.7305733
      ],
      [
       121.190898,
       13.7305557
      ],
      [
       121.1886486,
       13.699341
      ],
      [
       121.1716634,
       13.6847354
      ],
      [
       121.1717132,
       13.6846679
      ],
      [
       121.1717145,
       13.6846028
      ],
      [
       121.1716568,
       13.6845181
      ],
      [
       121.1712384,
       13.6841845
      ],
      [
       121.1711633,
       13.6840125
      ],
      [
       121.171394,
       13.6827408
      ],
      [
       121.170541,
       13.6820892
      ],
      [
       121.1716086,
       13.6806246
      ],
      [
       121.1714208,
       13.679603
      ],
      [
       121.1715817,
       13.6793163
      ],
      [
       121.1711258,
       13.6783729
      ],
      [
       121.1709219,
       13.6783938
      ],
      [
       121.1708361,
       13.6781331
      ],
      [
       121.170482,
       13.6779716
      ],
      [
       121.1704659,
       13.6772575
      ],
      [
       121.1709863,
       13.6761316
      ],
      [
       121.170305,
       13.675183
      ],
      [
       121.1706859,
       13.6743229
      ],
      [
       121.1704498,
       13.6733378
      ],
      [
       121.1702782,
       13.6725351
      ],
      [
       121.1698544,
       13.6716855
      ],
      [
       121.1699083,
       13.6713943
      ],
      [
       121.1702017,
       13.6711135
      ],
      [
       121.1700436,
       13.6707862
      ],
      [
       121.1699168,
       13.6705797
      ],
      [
       121.1700005,
       13.6703411
      ],
      [
       121.1699122,
       13.6698463
      ],
      [
       121.1701173,
       13.6691498
      ],
      [
       121.1703923,
       13.6688725
      ],
      [
       121.1705922,
       13.6687481
      ],
      [
       121.1706022,
       13.6684216
      ],
      [
       121.1705553,
       13.6682752
      ],
      [
       121.1703487,
       13.6680809
      ],
      [
       121.1698015,
       13.6677676
      ],
      [
       121.1692849,
       13.6675819
      ],
      [
       121.1689188,
       13.6673638
      ],
      [
       121.1688062,
       13.6672278
      ],
      [
       121.1688487,
       13.6670242
      ],
      [
       121.1688399,
       13.6668161
      ],
      [
       121.1689484,
       13.6664163
      ],
      [
       121.1689493,
       13.6658259
      ],
      [
       121.1689496,
       13.665655
      ],
      [
       121.1689829,
       13.6652742
      ],
      [
       121.1690953,
       13.6650306
      ],
      [
       121.1692111,
       13.6646943
      ],
      [
       121.1692289,
       13.6646073
      ],
      [
       121.1692294,
       13.6644983
      ],
      [
       121.1693373,
       13.6640981
      ],
      [
       121.1691147,
       13.6637208
      ],
      [
       121.1691452,
       13.6634843
      ],
      [
       121.1690746,
       13.6632046
      ],
      [
       121.1692041,
       13.6628907
      ],
      [
       121.1692995,
       13.6623146
      ],
      [
       121.1693971,
       13.6621415
      ],
      [
       121.1694643,
       13.6620167
      ],
      [
       121.1694842,
       13.6618713
      ],
      [
       121.1695343,
       13.6615786
      ],
      [
       121.1696669,
       13.6613625
      ],
      [
       121.1699399,
       13.6611376
      ],
      [
       121.1701567,
       13.6610377
      ],
      [
       121.1703398,
       13.6609811
      ],
      [
       121.1704764,
       13.6609003
      ],
      [
       121.1705996,
       13.6606732
      ],
      [
       121.1706243,
       13.6604871
      ],
      [
       121.170932,
       13.6600853
      ],
      [
       121.1710086,
       13.6600131
      ],
      [
       121.1710408,
       13.6598629
      ],
      [
       121.1711241,
       13.659476
      ],
      [
       121.1712411,
       13.6588635
      ],
      [
       121.1712589,
       13.6586692
      ],
      [
       121.1712866,
       13.6583872
      ],
      [
       121.1713213,
       13.6579457
      ],
      [
       121.1712991,
       13.6574896
      ],
      [
       121.1712727,
       13.6570406
      ],
      [
       121.1712312,
       13.6566115
      ],
      [
       121.1711897,
       13.6562768
      ],
      [
       121.1712983,
       13.6560905
      ],
      [
       121.171376,
       13.6559998
      ],
      [
       121.17141,
       13.6558609
      ],
      [
       121.1713756,
       13.655754
      ],
      [
       121.1714847,
       13.655595
      ],
      [
       121.1716059,
       13.6554708
      ],
      [
       121.1716958,
       13.6552314
      ],
      [
       121.1717721,
       13.6550408
      ],
      [
       121.1717173,
       13.6548417
      ],
      [
       121.171603,
       13.6546764
      ],
      [
       121.171448,
       13.654514
      ],
      [
       121.1713588,
       13.6542313
      ],
      [
       121.1713682,
       13.6540484
      ],
      [
       121.1713994,
       13.6538158
      ],
      [
       121.1714058,
       13.6536284
      ],
      [
       121.171444,
       13.6534297
      ],
      [
       121.1714029,
       13.6532994
      ],
      [
       121.1713697,
       13.6531281
      ],
      [
       121.1714283,
       13.6528924
      ],
      [
       121.1715547,
       13.6526271
      ],
      [
       121.1716631,
       13.6524725
      ],
      [
       121.1718806,
       13.6522444
      ],
      [
       121.1720358,
       13.6520598
      ],
      [
       121.1721723,
       13.6518052
      ],
      [
       121.1722751,
       13.6515936
      ],
      [
       121.1725563,
       13.6513174
      ],
      [
       121.1729286,
       13.6512142
      ],
      [
       121.1732915,
       13.6512598
      ],
      [
       121.1737071,
       13.6512457
      ],
      [
       121.1739566,
       13.6512097
      ],
      [
       121.1743433,
       13.6510229
      ],
      [
       121.1746174,
       13.6509243
      ],
      [
       121.1747432,
       13.6508738
      ],
      [
       121.1748817,
       13.6507531
      ],
      [
       121.1750131,
       13.6503808
      ],
      [
       121.1752177,
       13.6500153
      ],
      [
       121.1754519,
       13.6496336
      ],
      [
       121.1755126,
       13.6493904
      ],
      [
       121.1754693,
       13.6491491
      ],
      [
       121.1754904,
       13.6489717
      ],
      [
       121.1757231,
       13.6485966
      ],
      [
       121.1757289,
       13.6485255
      ],
      [
       121.175593,
       13.6484279
      ],
      [
       121.1754724,
       13.6482205
      ],
      [
       121.1753263,
       13.6476404
      ],
      [
       121.1752168,
       13.6474501
      ],
      [
       121.1751911,
       13.6472444
      ],
      [
       121.1751681,
       13.6471629
      ],
      [
       121.1750877,
       13.6470999
      ],
      [
       121.1750401,
       13.6470625
      ],
      [
       121.1750402,
       13.6470549
      ],
      [
       121.1750415,
       13.6468896
      ],
      [
       121.1752178,
       13.6463133
      ],
      [
       121.1752504,
       13.6461807
      ],
      [
       121.1752926,
       13.6460543
      ],
      [
       121.1753496,
       13.6458889
      ],
      [
       121.175346,
       13.6456218
      ],
      [
       121.1753375,
       13.6455178
      ],
      [
       121.1753558,
       13.6454429
      ],
      [
       121.175401,
       13.6453723
      ],
      [
       121.1754687,
       13.6452846
      ],
      [
       121.1755278,
       13.6452054
      ],
      [
       121.1756042,
       13.6449437
      ],
      [
       121.1755841,
       13.6447972
      ],
      [
       121.175578,
       13.6446472
      ],
      [
       121.1756773,
       13.6445494
      ],
      [
       121.1757163,
       13.6443883
      ],
      [
       121.1756859,
       13.6442708
      ],
      [
       121.1756868,
       13.6441097
      ],
      [
       121.1756855,
       13.6439277
      ],
      [
       121.176753,
       13.6215888
      ],
      [
       121.1680198,
       13.6064688
      ],
      [
       121.1637831,
       13.5673771
      ],
      [
       121.1693268,
       13.5619914
      ],
      [
       121.1392686,
       13.5153686
      ],
      [
       121.1173236,
       13.4940436
      ],
      [
       121.0978057,
       13.4749598
      ],
      [
       121.0885306,
       13.4738466
      ],
      [
       121.0680655,
       13.4750062
      ],
      [
       121.0619748,
       13.4755761
      ],
      [
       121.0423905,
       13.4883906
      ],
      [
       121.0396849,
       13.4927577
      ],
      [
       121.0299816,
       13.5214465
      ],
      [
       121.005272,
       13.5579744
      ],
      [
       120.9944404,
       13.5697104
      ],
      [
       120.9865988,
       13.5802942
      ],
      [
       121.0033124,
       13.6010718
      ],
      [
       120.9977852,
       13.6538438
      ],
      [
       120.9911742,
       13.6805273
      ],
      [
       120.9856656,
       13.6944499
      ],
      [
       121.0271336,
       13.7698592
      ],
      [
       121.0273109,
       13.770461
      ],
      [
       121.0290861,
       13.77648
      ],
      [
       121.0301059,
       13.7761909
      ],
      [
       121.0332603,
       13.7761233
      ],
      [
       121.0333715,
       13.7775181
      ],
      [
       121.0328244,
       13.7777682
      ],
      [
       121.0330712,
       13.7785601
      ],
      [
       121.0334171,
       13.7792478
      ],
      [
       121.0318454,
       13.7800085
      ],
      [
       121.0317286,
       13.7799117
      ],
      [
       121.0316814,
       13.7799577
      ],
      [
       121.0316579,
       13.7799825
      ],
      [
       121.0316391,
       13.7800137
      ],
      [
       121.0316274,
       13.7800815
      ],
      [
       121.0316415,
       13.7801517
      ],
      [
       121.0316657,
       13.7802599
      ],
      [
       121.031777,
       13.7805128
      ],
      [
       121.031958,
       13.7809242
      ],
      [
       121.0320975,
       13.7812407
      ],
      [
       121.0321569,
       13.7813439
      ],
      [
       121.0322558,
       13.7815155
      ],
      [
       121.0324126,
       13.7818268
      ],
      [
       121.0324962,
       13.7820331
      ],
      [
       121.032628,
       13.7823399
      ],
      [
       121.0327697,
       13.7826844
      ],
      [
       121.0328264,
       13.7828576
      ],
      [
       121.0328818,
       13.7830269
      ],
      [
       121.0330188,
       13.7832152
      ],
      [
       121.0335334,
       13.7839467
      ],
      [
       121.0339857,
       13.7844546
      ],
      [
       121.0342654,
       13.7847893
      ],
      [
       121.0344891,
       13.7849203
      ],
      [
       121.034645,
       13.785025
      ],
      [
       121.0350244,
       13.7857766
      ],
      [
       121.0351438,
       13.7859778
      ],
      [
       121.0355321,
       13.7864206
      ],
      [
       121.0356628,
       13.7865802
      ],
      [
       121.0356775,
       13.7866023
      ],
      [
       121.0359678,
       13.7869916
      ],
      [
       121.0364787,
       13.7876305
      ],
      [
       121.0369121,
       13.7881725
      ],
      [
       121.0372849,
       13.788657
      ],
      [
       121.0374318,
       13.7888478
      ],
      [
       121.037883,
       13.7893863
      ],
      [
       121.0383457,
       13.7899913
      ],
      [
       121.0384557,
       13.7901156
      ],
      [
       121.0385776,
       13.7902517
      ],
      [
       121.0387945,
       13.7905034
      ],
      [
       121.0388258,
       13.7905397
      ],
      [
       121.0391725,
       13.790972
      ],
      [
       121.0392097,
       13.7910183
      ],
      [
       121.0395071,
       13.7913596
      ],
      [
       121.0397208,
       13.7916119
      ],
      [
       121.0397498,
       13.7916461
      ],
      [
       121.0402822,
       13.7922647
      ],
      [
       121.040352,
       13.7923663
      ],
      [
       121.0400865,
       13.7932442
      ],
      [
       121.0400972,
       13.7940048
      ],
      [
       121.040462,
       13.7945049
      ],
      [
       121.0409635,
       13.7946742
      ],
      [
       121.0413069,
       13.7950129
      ],
      [
       121.0422376,
       13.7954322
      ],
      [
       121.0427043,
       13.7959428
      ],
      [
       121.042994,
       13.7961824
      ],
      [
       121.0431979,
       13.7966096
      ],
      [
       121.044024,
       13.7969274
      ],
      [
       121.0444799,
       13.798162
      ],
      [
       121.0450163,
       13.798756
      ],
      [
       121.0455421,
       13.799204
      ],
      [
       121.0460571,
       13.7995791
      ],
      [
       121.0463092,
       13.7997563
      ],
      [
       121.0465988,
       13.8000063
      ],
      [
       121.0467974,
       13.8002355
      ],
      [
       121.0469583,
       13.8004751
      ],
      [
       121.0472265,
       13.8009649
      ],
      [
       121.0474411,
       13.801465
      ],
      [
       121.0480151,
       13.8019651
      ],
      [
       121.0487286,
       13.8024391
      ],
      [
       121.0498846,
       13.8048954
      ],
      [
       121.0503969,
       13.8052366
      ],
      [
       121.0508475,
       13.8054762
      ],
      [
       121.0509278,
       13.8059497
      ],
      [
       121.0510004,
       13.8062349
      ],
      [
       121.0510245,
       13.8068099
      ],
      [
       121.0523844,
       13.8090656
      ],
      [
       121.0524327,
       13.8091958
      ],
      [
       121.0524461,
       13.8093052
      ],
      [
       121.0524622,
       13.8095084
      ],
      [
       121.0524943,
       13.8096073
      ],
      [
       121.0525721,
       13.8096933
      ],
      [
       121.0527626,
       13.8098261
      ],
      [
       121.0528108,
       13.8098965
      ],
      [
       121.0528243,
       13.809998
      ],
      [
       121.0528108,
       13.8101244
      ],
      [
       121.0527894,
       13.8102273
      ],
      [
       121.0525802,
       13.8107847
      ],
      [
       121.0525587,
       13.8109019
      ],
      [
       121.0525775,
       13.8110113
      ],
      [
       121.0527009,
       13.8112327
      ],
      [
       121.0527626,
       13.8113733
      ],
      [
       121.052784,
       13.811514
      ],
      [
       121.0528189,
       13.8119359
      ],
      [
       121.0528672,
       13.8121547
      ],
      [
       121.0529959,
       13.812311
      ],
      [
       121.053924,
       13.8127694
      ],
      [
       121.0540339,
       13.8128293
      ],
      [
       121.0541144,
       13.8128996
      ],
      [
       121.0542378,
       13.81322
      ],
      [
       121.0542914,
       13.8133554
      ],
      [
       121.0543612,
       13.8134961
      ],
      [
       121.054518,
       13.8137305
      ],
      [
       121.0545838,
       13.8138894
      ],
      [
       121.0545891,
       13.8140457
      ],
      [
       121.0544926,
       13.8147593
      ],
      [
       121.0545409,
       13.8149781
      ],
      [
       121.0546482,
       13.8150875
      ],
      [
       121.0551283,
       13.8153454
      ],
      [
       121.0552007,
       13.8154287
      ],
      [
       121.055249,
       13.8155564
      ],
      [
       121.0552865,
       13.8159262
      ],
      [
       121.055308,
       13.8160669
      ],
      [
       121.0553724,
       13.8161971
      ],
      [
       121.0557479,
       13.8165305
      ],
      [
       121.0558444,
       13.8166607
      ],
      [
       121.0558981,
       13.8168014
      ],
      [
       121.0559624,
       13.8171191
      ],
      [
       121.0560107,
       13.8172493
      ],
      [
       121.0561287,
       13.8173223
      ],
      [
       121.0566491,
       13.8174994
      ],
      [
       121.0568047,
       13.817614
      ],
      [
       121.0568476,
       13.8177807
      ],
      [
       121.0567913,
       13.8188339
      ],
      [
       121.0567805,
       13.8190361
      ],
      [
       121.0567832,
       13.8191585
      ],
      [
       121.0568288,
       13.8192835
      ],
      [
       121.0569254,
       13.8193747
      ],
      [
       121.0570621,
       13.8194268
      ],
      [
       121.0576093,
       13.8196403
      ],
      [
       121.05784,
       13.8198018
      ],
      [
       121.0580331,
       13.8199841
      ],
      [
       121.0582155,
       13.8201873
      ],
      [
       121.0583228,
       13.8204061
      ],
      [
       121.0586125,
       13.8211302
      ],
      [
       121.058709,
       13.8213281
      ],
      [
       121.058827,
       13.8214896
      ],
      [
       121.0589826,
       13.8216615
      ],
      [
       121.0591382,
       13.8217709
      ],
      [
       121.0602647,
       13.8223751
      ],
      [
       121.0603747,
       13.8224897
      ],
      [
       121.0604525,
       13.8226252
      ],
      [
       121.0605007,
       13.8227424
      ],
      [
       121.0605195,
       13.8228622
      ],
      [
       121.0605195,
       13.822969
      ],
      [
       121.06049,
       13.8230783
      ],
      [
       121.0604042,
       13.8232086
      ],
      [
       121.0602754,
       13.8232919
      ],
      [
       121.0594359,
       13.8234977
      ],
      [
       121.0592884,
       13.8235576
      ],
      [
       121.0591999,
       13.8236019
      ],
      [
       121.0591033,
       13.8237086
      ],
      [
       121.059055,
       13.8238441
      ],
      [
       121.0590336,
       13.8240472
      ],
      [
       121.0590658,
       13.8242686
      ],
      [
       121.0591623,
       13.8244509
      ],
      [
       121.0593018,
       13.8245733
      ],
      [
       121.0595834,
       13.8247452
      ],
      [
       121.0596639,
       13.8248182
      ],
      [
       121.0597149,
       13.8248833
      ],
      [
       121.0598651,
       13.8251932
      ],
      [
       121.0599026,
       13.8252818
      ],
      [
       121.0599723,
       13.8253651
      ],
      [
       121.0601735,
       13.8255474
      ],
      [
       121.060254,
       13.8256308
      ],
      [
       121.0603076,
       13.8257245
      ],
      [
       121.0603666,
       13.8260214
      ],
      [
       121.0604042,
       13.8261933
      ],
      [
       121.0604846,
       13.8264173
      ],
      [
       121.0610104,
       13.8270684
      ],
      [
       121.0612142,
       13.8275425
      ],
      [
       121.0613376,
       13.8279436
      ],
      [
       121.0616809,
       13.8294802
      ],
      [
       121.0617882,
       13.8296
      ],
      [
       121.0619169,
       13.829699
      ],
      [
       121.0619599,
       13.8298396
      ],
      [
       121.0618848,
       13.8301365
      ],
      [
       121.0618472,
       13.8302667
      ],
      [
       121.0618687,
       13.8304178
      ],
      [
       121.0621154,
       13.830673
      ],
      [
       121.0623032,
       13.8309491
      ],
      [
       121.0623783,
       13.8313866
      ],
      [
       121.0622227,
       13.8318086
      ],
      [
       121.0618365,
       13.8323086
      ],
      [
       121.0617453,
       13.8324753
      ],
      [
       121.0616863,
       13.8327149
      ],
      [
       121.0616648,
       13.8328972
      ],
      [
       121.0616916,
       13.8331264
      ],
      [
       121.0617936,
       13.8334702
      ],
      [
       121.0617721,
       13.8335796
      ],
      [
       121.0616809,
       13.8336473
      ],
      [
       121.0612839,
       13.8336759
      ],
      [
       121.0612062,
       13.8337072
      ],
      [
       121.0611498,
       13.8337905
      ],
      [
       121.0611445,
       13.8338556
      ],
      [
       121.0611552,
       13.8339286
      ],
      [
       121.0611847,
       13.8340848
      ],
      [
       121.061182,
       13.8341551
      ],
      [
       121.0611552,
       13.8342046
      ],
      [
       121.0610908,
       13.8342385
      ],
      [
       121.0610265,
       13.8342593
      ],
      [
       121.0600609,
       13.8342854
      ],
      [
       121.0599804,
       13.8343036
      ],
      [
       121.0599348,
       13.8343687
      ],
      [
       121.0599133,
       13.834452
      ],
      [
       121.0599086,
       13.8345211
      ],
      [
       121.0599252,
       13.8349822
      ],
      [
       121.0599294,
       13.8351005
      ],
      [
       121.0598919,
       13.8352203
      ],
      [
       121.0598141,
       13.835275
      ],
      [
       121.0597175,
       13.8352933
      ],
      [
       121.0596156,
       13.8352828
      ],
      [
       121.0591382,
       13.8353193
      ],
      [
       121.0589987,
       13.8353532
      ],
      [
       121.0588834,
       13.8354105
      ],
      [
       121.0587734,
       13.835512
      ],
      [
       121.0587412,
       13.8356188
      ],
      [
       121.0586286,
       13.8362569
      ],
      [
       121.0585856,
       13.8363689
      ],
      [
       121.0585132,
       13.8364704
      ],
      [
       121.0582155,
       13.8368351
      ],
      [
       121.0581726,
       13.836947
      ],
      [
       121.0581619,
       13.8370668
      ],
      [
       121.0581726,
       13.8371528
      ],
      [
       121.0582128,
       13.837257
      ],
      [
       121.058532,
       13.8378612
      ],
      [
       121.0585856,
       13.8380747
      ],
      [
       121.0585937,
       13.8382987
      ],
      [
       121.0585749,
       13.8384992
      ],
      [
       121.0584837,
       13.8387909
      ],
      [
       121.0584565,
       13.838876
      ],
      [
       121.0582048,
       13.8396634
      ],
      [
       121.0581779,
       13.8397754
      ],
      [
       121.0581699,
       13.8398769
      ],
      [
       121.0581645,
       13.8401921
      ],
      [
       121.0581431,
       13.8402806
      ],
      [
       121.0580948,
       13.8403457
      ],
      [
       121.057563,
       13.8408346
      ],
      [
       121.058988,
       13.8407937
      ],
      [
       121.0610077,
       13.8411635
      ],
      [
       121.0636631,
       13.8417729
      ],
      [
       121.0646233,
       13.8419734
      ],
      [
       121.0659966,
       13.8419786
      ],
      [
       121.0681005,
       13.842519
      ],
      [
       121.0683811,
       13.8421641
      ],
      [
       121.068291,
       13.8415663
      ],
      [
       121.0687684,
       13.8407738
      ],
      [
       121.0693039,
       13.8406006
      ],
      [
       121.0704038,
       13.8403528
      ],
      [
       121.0710901,
       13.840028
      ],
      [
       121.0712698,
       13.8399134
      ],
      [
       121.0714495,
       13.8397259
      ],
      [
       121.0720328,
       13.8386807
      ],
      [
       121.0721758,
       13.8384946
      ],
      [
       121.0723776,
       13.8383404
      ],
      [
       121.0732305,
       13.8380799
      ],
      [
       121.07337,
       13.8380383
      ],
      [
       121.0736182,
       13.8378831
      ],
      [
       121.074475,
       13.8367048
      ],
      [
       121.0746789,
       13.8366215
      ],
      [
       121.0750008,
       13.8364965
      ],
      [
       121.0753656,
       13.8364548
      ],
      [
       121.0757303,
       13.8364965
      ],
      [
       121.0762024,
       13.8365278
      ],
      [
       121.0767173,
       13.8367361
      ],
      [
       121.0774684,
       13.8372153
      ],
      [
       121.0793244,
       13.8381008
      ],
      [
       121.0799896,
       13.8383717
      ],
      [
       121.0809231,
       13.8390487
      ],
      [
       121.0819423,
       13.8395592
      ],
      [
       121.0834122,
       13.8404916
      ],
      [
       121.0844502,
       13.8408692
      ],
      [
       121.0853608,
       13.8413484
      ],
      [
       121.0856867,
       13.8414916
      ],
      [
       121.0859764,
       13.8416036
      ],
      [
       121.0862244,
       13.8416792
      ],
      [
       121.0865732,
       13.8417782
      ],
      [
       121.0871056,
       13.8419441
      ]
     ]
    ]
   }
  },
  {
   "type": "Feature",
   "properties": {
    "name": "Tanauan",
    "osm_id": 5947754,
    "admin_level": "6",
    "region": "calabarzon",
    "franchise": "Multiple (BATELEC, FLECO, QUEZELCO et al)"
   },
   "geometry": {
    "type": "Polygon",
    "coordinates": [
     [
      [
       121.0592073,
       14.1242208
      ],
      [
       121.0572482,
       14.1268078
      ],
      [
       121.0563964,
       14.1269814
      ],
      [
       121.0563061,
       14.1269998
      ],
      [
       121.0552174,
       14.1282972
      ],
      [
       121.0543107,
       14.1308414
      ],
      [
       121.0539732,
       14.1322421
      ],
      [
       121.0541467,
       14.1324355
      ],
      [
       121.0536068,
       14.1332628
      ],
      [
       121.0528073,
       14.1342118
      ],
      [
       121.0519548,
       14.1359306
      ],
      [
       121.0480774,
       14.1444752
      ],
      [
       121.0467211,
       14.1500003
      ],
      [
       121.0446373,
       14.1544415
      ],
      [
       121.0427285,
       14.1549482
      ],
      [
       121.0432801,
       14.1554759
      ],
      [
       121.0436941,
       14.1558013
      ],
      [
       121.0442843,
       14.1560491
      ],
      [
       121.0447352,
       14.1562439
      ],
      [
       121.044783,
       14.1562707
      ],
      [
       121.0451479,
       14.1564752
      ],
      [
       121.0459645,
       14.1569545
      ],
      [
       121.0475223,
       14.1547385
      ],
      [
       121.0492799,
       14.1545943
      ],
      [
       121.0597474,
       14.1533859
      ],
      [
       121.0644314,
       14.1536863
      ],
      [
       121.0712224,
       14.1543808
      ],
      [
       121.0727242,
       14.1545291
      ],
      [
       121.0731701,
       14.1545748
      ],
      [
       121.0792115,
       14.1551944
      ],
      [
       121.0866817,
       14.1557772
      ],
      [
       121.0902477,
       14.1560703
      ],
      [
       121.0906093,
       14.1560817
      ],
      [
       121.0964941,
       14.1562672
      ],
      [
       121.0998142,
       14.1557724
      ],
      [
       121.1022475,
       14.1550547
      ],
      [
       121.1030437,
       14.1541282
      ],
      [
       121.1059704,
       14.1530307
      ],
      [
       121.1085848,
       14.1520502
      ],
      [
       121.108627,
       14.1520344
      ],
      [
       121.1092552,
       14.1522816
      ],
      [
       121.110256,
       14.1526753
      ],
      [
       121.1108441,
       14.1515049
      ],
      [
       121.111501,
       14.1506036
      ],
      [
       121.1127347,
       14.1511446
      ],
      [
       121.1149372,
       14.1475089
      ],
      [
       121.1153639,
       14.1467683
      ],
      [
       121.1155517,
       14.1464423
      ],
      [
       121.1165123,
       14.144775
      ],
      [
       121.1175026,
       14.1451226
      ],
      [
       121.1182405,
       14.145232
      ],
      [
       121.1188952,
       14.1452955
      ],
      [
       121.1198248,
       14.1450924
      ],
      [
       121.1211471,
       14.1446734
      ],
      [
       121.1226528,
       14.1442799
      ],
      [
       121.1237198,
       14.1439117
      ],
      [
       121.1246706,
       14.1439004
      ],
      [
       121.1254822,
       14.1443889
      ],
      [
       121.1264564,
       14.1447529
      ],
      [
       121.1264439,
       14.1435398
      ],
      [
       121.1265167,
       14.143139
      ],
      [
       121.126618,
       14.1429149
      ],
      [
       121.1268184,
       14.1428104
      ],
      [
       121.127117,
       14.142729
      ],
      [
       121.127367,
       14.1426774
      ],
      [
       121.1275298,
       14.1425167
      ],
      [
       121.1276641,
       14.1421343
      ],
      [
       121.1276676,
       14.1414299
      ],
      [
       121.1277069,
       14.1410536
      ],
      [
       121.127445,
       14.1407474
      ],
      [
       121.1269682,
       14.1403254
      ],
      [
       121.1266967,
       14.1401367
      ],
      [
       121.1264219,
       14.1398311
      ],
      [
       121.12643,
       14.1394549
      ],
      [
       121.1265342,
       14.1384875
      ],
      [
       121.1265206,
       14.1379343
      ],
      [
       121.1267855,
       14.1375459
      ],
      [
       121.1271445,
       14.1371083
      ],
      [
       121.1274032,
       14.1365876
      ],
      [
       121.1276071,
       14.1357153
      ],
      [
       121.1275637,
       14.135484
      ],
      [
       121.127512,
       14.1352083
      ],
      [
       121.1273957,
       14.1346973
      ],
      [
       121.1272676,
       14.1341349
      ],
      [
       121.1272153,
       14.1339955
      ],
      [
       121.1271239,
       14.1338775
      ],
      [
       121.1268146,
       14.1336043
      ],
      [
       121.1264663,
       14.1331933
      ],
      [
       121.1262632,
       14.1327642
      ],
      [
       121.1260453,
       14.1320607
      ],
      [
       121.1257465,
       14.131231
      ],
      [
       121.125733,
       14.1308491
      ],
      [
       121.1258959,
       14.130533
      ],
      [
       121.1262083,
       14.1300852
      ],
      [
       121.1265614,
       14.1297428
      ],
      [
       121.1271046,
       14.1294531
      ],
      [
       121.1275749,
       14.1289235
      ],
      [
       121.1276929,
       14.1286634
      ],
      [
       121.1277733,
       14.1283773
      ],
      [
       121.1278324,
       14.1281744
      ],
      [
       121.1278538,
       14.1278727
      ],
      [
       121.1278109,
       14.1276594
      ],
      [
       121.1277412,
       14.1274669
      ],
      [
       121.12765,
       14.1273109
      ],
      [
       121.1274579,
       14.1270814
      ],
      [
       121.1272315,
       14.1269467
      ],
      [
       121.1270331,
       14.1267906
      ],
      [
       121.1266604,
       14.1265778
      ],
      [
       121.1263755,
       14.126447
      ],
      [
       121.1261877,
       14.1263638
      ],
      [
       121.1260053,
       14.1262701
      ],
      [
       121.1258283,
       14.1262285
      ],
      [
       121.1256459,
       14.1262753
      ],
      [
       121.1255064,
       14.126369
      ],
      [
       121.125367,
       14.1264366
      ],
      [
       121.1252489,
       14.1264366
      ],
      [
       121.1251202,
       14.1262909
      ],
      [
       121.125039,
       14.1260599
      ],
      [
       121.1250228,
       14.1259943
      ],
      [
       121.1250236,
       14.1258227
      ],
      [
       121.1250505,
       14.1254586
      ],
      [
       121.1251041,
       14.1251308
      ],
      [
       121.1252919,
       14.1248551
      ],
      [
       121.1254367,
       14.1247043
      ],
      [
       121.1255386,
       14.124673
      ],
      [
       121.1257371,
       14.1246418
      ],
      [
       121.1259088,
       14.1245482
      ],
      [
       121.1261555,
       14.1244441
      ],
      [
       121.126295,
       14.1242725
      ],
      [
       121.1264291,
       14.1240904
      ],
      [
       121.1265364,
       14.124002
      ],
      [
       121.1266276,
       14.1239811
      ],
      [
       121.1267563,
       14.1238875
      ],
      [
       121.1268797,
       14.1238251
      ],
      [
       121.1270407,
       14.1237002
      ],
      [
       121.1271158,
       14.1235286
      ],
      [
       121.1272177,
       14.1234349
      ],
      [
       121.1273518,
       14.1233829
      ],
      [
       121.127609,
       14.1232926
      ],
      [
       121.1279151,
       14.1231748
      ],
      [
       121.1281618,
       14.1229979
      ],
      [
       121.1283871,
       14.122795
      ],
      [
       121.1286178,
       14.1226025
      ],
      [
       121.1288968,
       14.1223893
      ],
      [
       121.1291489,
       14.1221291
      ],
      [
       121.1292776,
       14.1219315
      ],
      [
       121.1293903,
       14.1218326
      ],
      [
       121.1295619,
       14.1216765
      ],
      [
       121.129798,
       14.1214997
      ],
      [
       121.1299428,
       14.1213228
      ],
      [
       121.1300823,
       14.1210939
      ],
      [
       121.1305061,
       14.1204332
      ],
      [
       121.1306402,
       14.1201783
      ],
      [
       121.1308601,
       14.1199858
      ],
      [
       121.1310747,
       14.119684
      ],
      [
       121.1312678,
       14.1194812
      ],
      [
       121.1314234,
       14.1192106
      ],
      [
       121.1314502,
       14.119065
      ],
      [
       121.1315092,
       14.1189193
      ],
      [
       121.1316004,
       14.1187892
      ],
      [
       121.1317667,
       14.1186956
      ],
      [
       121.1319598,
       14.1186384
      ],
      [
       121.13211,
       14.1186124
      ],
      [
       121.132271,
       14.1186332
      ],
      [
       121.1324534,
       14.1187268
      ],
      [
       121.1326787,
       14.1187684
      ],
      [
       121.1330327,
       14.1188048
      ],
      [
       121.1331567,
       14.1187924
      ],
      [
       121.1332695,
       14.1187811
      ],
      [
       121.1333439,
       14.1187736
      ],
      [
       121.1334414,
       14.1187514
      ],
      [
       121.1336155,
       14.1187119
      ],
      [
       121.1336872,
       14.1186956
      ],
      [
       121.1341432,
       14.1185395
      ],
      [
       121.134524,
       14.1183991
      ],
      [
       121.1349425,
       14.1182066
      ],
      [
       121.1352965,
       14.1180401
      ],
      [
       121.1355433,
       14.1179256
      ],
      [
       121.135908,
       14.1177592
      ],
      [
       121.136246,
       14.1175615
      ],
      [
       121.1364606,
       14.1173378
      ],
      [
       121.1366966,
       14.1171557
      ],
      [
       121.1369863,
       14.1169892
      ],
      [
       121.1374208,
       14.1167031
      ],
      [
       121.1376944,
       14.1164638
      ],
      [
       121.1380163,
       14.1161776
      ],
      [
       121.1382845,
       14.1159383
      ],
      [
       121.1383277,
       14.115793
      ],
      [
       121.1383703,
       14.1156834
      ],
      [
       121.1384722,
       14.1154389
      ],
      [
       121.1386117,
       14.1153452
      ],
      [
       121.1387673,
       14.115184
      ],
      [
       121.1390033,
       14.1150487
      ],
      [
       121.1392554,
       14.1148458
      ],
      [
       121.1395559,
       14.1145207
      ],
      [
       121.1398241,
       14.1142059
      ],
      [
       121.140103,
       14.1138938
      ],
      [
       121.1401835,
       14.1137117
      ],
      [
       121.1402318,
       14.1134932
      ],
      [
       121.1402049,
       14.1132226
      ],
      [
       121.1401191,
       14.1129573
      ],
      [
       121.1399689,
       14.1126556
      ],
      [
       121.1398563,
       14.1124943
      ],
      [
       121.1397061,
       14.1123486
      ],
      [
       121.1395505,
       14.1122134
      ],
      [
       121.1393735,
       14.1120989
      ],
      [
       121.1391642,
       14.1119792
      ],
      [
       121.1390087,
       14.1117711
      ],
      [
       121.1389014,
       14.1115943
      ],
      [
       121.1387512,
       14.1114954
      ],
      [
       121.1386117,
       14.1114122
      ],
      [
       121.1385044,
       14.1112665
      ],
      [
       121.1384615,
       14.1110896
      ],
      [
       121.1384722,
       14.1109283
      ],
      [
       121.1385152,
       14.1107722
      ],
      [
       121.1384669,
       14.110585
      ],
      [
       121.1383649,
       14.1104341
      ],
      [
       121.1381404,
       14.1103188
      ],
      [
       121.1379519,
       14.110252
      ],
      [
       121.137748,
       14.1101583
      ],
      [
       121.1376193,
       14.1099919
      ],
      [
       121.1375817,
       14.1098254
      ],
      [
       121.1375978,
       14.1096745
      ],
      [
       121.1376408,
       14.1094768
      ],
      [
       121.1376944,
       14.1092063
      ],
      [
       121.1376568,
       14.1090242
      ],
      [
       121.1375764,
       14.1088525
      ],
      [
       121.1374476,
       14.1086808
      ],
      [
       121.1372921,
       14.1085299
      ],
      [
       121.1370775,
       14.1082698
      ],
      [
       121.1369005,
       14.1080669
      ],
      [
       121.1366054,
       14.10776
      ],
      [
       121.1364069,
       14.1075935
      ],
      [
       121.1362782,
       14.1073281
      ],
      [
       121.1361494,
       14.1071877
      ],
      [
       121.1359134,
       14.1069119
      ],
      [
       121.1357471,
       14.1066674
      ],
      [
       121.135613,
       14.1065685
      ],
      [
       121.1354628,
       14.1065113
      ],
      [
       121.1353126,
       14.1063136
      ],
      [
       121.1351946,
       14.1061159
      ],
      [
       121.1351999,
       14.1058974
      ],
      [
       121.1352482,
       14.1056841
      ],
      [
       121.1353877,
       14.1054344
      ],
      [
       121.1354467,
       14.1052523
      ],
      [
       121.1354574,
       14.1051118
      ],
      [
       121.1354092,
       14.1049869
      ],
      [
       121.1353019,
       14.1048465
      ],
      [
       121.1352214,
       14.1046592
      ],
      [
       121.1352214,
       14.1044979
      ],
      [
       121.1352482,
       14.1043418
      ],
      [
       121.1352268,
       14.1041857
      ],
      [
       121.1351248,
       14.1040973
      ],
      [
       121.135039,
       14.1040036
      ],
      [
       121.1350068,
       14.1038475
      ],
      [
       121.1350551,
       14.1036967
      ],
      [
       121.1351624,
       14.1035406
      ],
      [
       121.1354252,
       14.1032024
      ],
      [
       121.1355272,
       14.1030151
      ],
      [
       121.1356509,
       14.102828
      ],
      [
       121.1356804,
       14.1027005
      ],
      [
       121.1356857,
       14.1025002
      ],
      [
       121.1356696,
       14.1023546
      ],
      [
       121.1357099,
       14.1021465
      ],
      [
       121.1357635,
       14.1019227
      ],
      [
       121.1358011,
       14.1017745
      ],
      [
       121.135785,
       14.1016054
      ],
      [
       121.1357179,
       14.1015013
      ],
      [
       121.1356643,
       14.1013712
      ],
      [
       121.1356774,
       14.1012254
      ],
      [
       121.1357954,
       14.1010433
      ],
      [
       121.1359563,
       14.1009548
      ],
      [
       121.1361548,
       14.1008924
      ],
      [
       121.1364123,
       14.1008091
      ],
      [
       121.136702,
       14.1007883
      ],
      [
       121.1368575,
       14.1006947
      ],
      [
       121.1370185,
       14.1006166
      ],
      [
       121.1372062,
       14.1005646
      ],
      [
       121.1374208,
       14.1004918
      ],
      [
       121.1375227,
       14.1004085
      ],
      [
       121.1375603,
       14.1002993
      ],
      [
       121.1375817,
       14.1001328
      ],
      [
       121.1376676,
       14.0999091
      ],
      [
       121.137791,
       14.0997478
      ],
      [
       121.1379304,
       14.0995865
      ],
      [
       121.1380914,
       14.0994616
      ],
      [
       121.1382783,
       14.0992837
      ],
      [
       121.138553,
       14.0991401
      ],
      [
       121.1387785,
       14.0989913
      ],
      [
       121.1389258,
       14.0989562
      ],
      [
       121.1391192,
       14.0989817
      ],
      [
       121.1393021,
       14.0990438
      ],
      [
       121.1394402,
       14.0991432
      ],
      [
       121.1395347,
       14.0992046
      ],
      [
       121.1396476,
       14.0991963
      ],
      [
       121.1397439,
       14.0991195
      ],
      [
       121.1398458,
       14.0989757
      ],
      [
       121.1399705,
       14.0989099
      ],
      [
       121.1401443,
       14.0988831
      ],
      [
       121.1403096,
       14.098914
      ],
      [
       121.140507,
       14.0989562
      ],
      [
       121.1406749,
       14.0990066
      ],
      [
       121.1408275,
       14.0990938
      ],
      [
       121.1409412,
       14.0992082
      ],
      [
       121.1410531,
       14.0992395
      ],
      [
       121.1412255,
       14.0992059
      ],
      [
       121.141465,
       14.0989718
      ],
      [
       121.1416552,
       14.098786
      ],
      [
       121.1418424,
       14.0985555
      ],
      [
       121.1419025,
       14.0983243
      ],
      [
       121.1419532,
       14.0980449
      ],
      [
       121.142068,
       14.0978833
      ],
      [
       121.1422407,
       14.0977244
      ],
      [
       121.1423826,
       14.0975366
      ],
      [
       121.1425151,
       14.0972965
      ],
      [
       121.142627,
       14.0969466
      ],
      [
       121.142774,
       14.0964624
      ],
      [
       121.1428083,
       14.0961648
      ],
      [
       121.142911,
       14.095887
      ],
      [
       121.1430186,
       14.0956979
      ],
      [
       121.1431894,
       14.0955454
      ],
      [
       121.143326,
       14.0954632
      ],
      [
       121.1434485,
       14.09533
      ],
      [
       121.1434083,
       14.095226
      ],
      [
       121.1434013,
       14.0951453
      ],
      [
       121.1434885,
       14.0949794
      ],
      [
       121.1435671,
       14.0949242
      ],
      [
       121.1436588,
       14.0949016
      ],
      [
       121.1437752,
       14.0948407
      ],
      [
       121.1439321,
       14.0947395
      ],
      [
       121.1444388,
       14.0944614
      ],
      [
       121.1447532,
       14.0942538
      ],
      [
       121.144983,
       14.0940322
      ],
      [
       121.145133,
       14.0938316
      ],
      [
       121.1451845,
       14.0937254
      ],
      [
       121.1453095,
       14.0936417
      ],
      [
       121.1454532,
       14.093591
      ],
      [
       121.1455927,
       14.093566
      ],
      [
       121.1457367,
       14.0935402
      ],
      [
       121.1458566,
       14.0934773
      ],
      [
       121.1459081,
       14.0934174
      ],
      [
       121.1459886,
       14.0933243
      ],
      [
       121.1460948,
       14.0932429
      ],
      [
       121.1462365,
       14.0931971
      ],
      [
       121.1463392,
       14.0932012
      ],
      [
       121.146503,
       14.0932286
      ],
      [
       121.1466473,
       14.0932286
      ],
      [
       121.1468405,
       14.0931331
      ],
      [
       121.1469917,
       14.0930038
      ],
      [
       121.1470955,
       14.0928737
      ],
      [
       121.1472583,
       14.0924775
      ],
      [
       121.1474402,
       14.0921664
      ],
      [
       121.1475904,
       14.0920384
      ],
      [
       121.1477757,
       14.091946
      ],
      [
       121.1479211,
       14.091901
      ],
      [
       121.1479847,
       14.0918534
      ],
      [
       121.1482151,
       14.091477
      ],
      [
       121.1483296,
       14.0913365
      ],
      [
       121.1484694,
       14.0912866
      ],
      [
       121.1486638,
       14.0912285
      ],
      [
       121.1489646,
       14.0911706
      ],
      [
       121.1492977,
       14.0911461
      ],
      [
       121.1495106,
       14.0911564
      ],
      [
       121.1496533,
       14.0911776
      ],
      [
       121.1498027,
       14.0911952
      ],
      [
       121.1499245,
       14.0911583
      ],
      [
       121.1499739,
       14.09105
      ],
      [
       121.1499601,
       14.0909632
      ],
      [
       121.1499135,
       14.0908419
      ],
      [
       121.1498921,
       14.0907678
      ],
      [
       121.1499585,
       14.0906336
      ],
      [
       121.1500946,
       14.0905739
      ],
      [
       121.1502287,
       14.0905778
      ],
      [
       121.1503668,
       14.0906559
      ],
      [
       121.1504674,
       14.0907144
      ],
      [
       121.1505706,
       14.0907593
      ],
      [
       121.1506632,
       14.090758
      ],
      [
       121.1507608,
       14.090715
      ],
      [
       121.1509636,
       14.090427
      ],
      [
       121.1510105,
       14.0902227
      ],
      [
       121.1510602,
       14.0898403
      ],
      [
       121.1510508,
       14.0894332
      ],
      [
       121.1511205,
       14.0893109
      ],
      [
       121.1511889,
       14.0891873
      ],
      [
       121.1512694,
       14.0890612
      ],
      [
       121.1513485,
       14.0889701
      ],
      [
       121.1514263,
       14.0888778
      ],
      [
       121.1515255,
       14.0887126
      ],
      [
       121.151661,
       14.0885916
      ],
      [
       121.1517119,
       14.088507
      ],
      [
       121.1518112,
       14.0884121
      ],
      [
       121.1519654,
       14.0882625
      ],
      [
       121.1520526,
       14.0880596
      ],
      [
       121.152062,
       14.0879269
      ],
      [
       121.1519989,
       14.087828
      ],
      [
       121.1519895,
       14.0876928
      ],
      [
       121.152007,
       14.0876043
      ],
      [
       121.1520935,
       14.0875086
      ],
      [
       121.1521971,
       14.0874763
      ],
      [
       121.1523489,
       14.0874189
      ],
      [
       121.1524229,
       14.0874777
      ],
      [
       121.1524841,
       14.0876853
      ],
      [
       121.1525584,
       14.0878473
      ],
      [
       121.1527343,
       14.087973
      ],
      [
       121.1532885,
       14.0881431
      ],
      [
       121.153499,
       14.0881962
      ],
      [
       121.1536219,
       14.0881616
      ],
      [
       121.1536935,
       14.0880393
      ],
      [
       121.1537544,
       14.087928
      ],
      [
       121.1537327,
       14.0877552
      ],
      [
       121.1536702,
       14.0875612
      ],
      [
       121.1536495,
       14.087396
      ],
      [
       121.1537265,
       14.0872321
      ],
      [
       121.1539834,
       14.0868273
      ],
      [
       121.1541639,
       14.0865523
      ],
      [
       121.1542701,
       14.0863697
      ],
      [
       121.1543884,
       14.0861659
      ],
      [
       121.1545194,
       14.0860681
      ],
      [
       121.1546267,
       14.0860002
      ],
      [
       121.1547715,
       14.0859778
      ],
      [
       121.1547782,
       14.0859768
      ],
      [
       121.1549174,
       14.0859919
      ],
      [
       121.1550105,
       14.0859858
      ],
      [
       121.1550292,
       14.0859846
      ],
      [
       121.1551369,
       14.085921
      ],
      [
       121.1551803,
       14.0858954
      ],
      [
       121.1553533,
       14.0858283
      ],
      [
       121.1555174,
       14.0858387
      ],
      [
       121.1556515,
       14.0858972
      ],
      [
       121.1556563,
       14.0858987
      ],
      [
       121.1558285,
       14.0859519
      ],
      [
       121.155931,
       14.0858163
      ],
      [
       121.1559817,
       14.0855036
      ],
      [
       121.1559804,
       14.0855014
      ],
      [
       121.1558881,
       14.0853379
      ],
      [
       121.1557677,
       14.0852843
      ],
      [
       121.1557168,
       14.0852624
      ],
      [
       121.1555418,
       14.0851873
      ],
      [
       121.1553256,
       14.0850603
      ],
      [
       121.1553201,
       14.0850556
      ],
      [
       121.1551816,
       14.0849367
      ],
      [
       121.1549707,
       14.0847718
      ],
      [
       121.1549606,
       14.0847639
      ],
      [
       121.1548361,
       14.0846646
      ],
      [
       121.1546685,
       14.0846131
      ],
      [
       121.1545918,
       14.0845256
      ],
      [
       121.1545919,
       14.0844329
      ],
      [
       121.154592,
       14.0843909
      ],
      [
       121.1546709,
       14.0842923
      ],
      [
       121.1546727,
       14.084291
      ],
      [
       121.1547894,
       14.0842059
      ],
      [
       121.1548353,
       14.0841836
      ],
      [
       121.15489,
       14.084157
      ],
      [
       121.1548961,
       14.0841542
      ],
      [
       121.1549917,
       14.0841109
      ],
      [
       121.1551059,
       14.08406
      ],
      [
       121.155287,
       14.0840342
      ],
      [
       121.1553718,
       14.083971
      ],
      [
       121.1554002,
       14.0838646
      ],
      [
       121.1553349,
       14.0836952
      ],
      [
       121.1553307,
       14.0836832
      ],
      [
       121.1552602,
       14.0835503
      ],
      [
       121.1552251,
       14.0834521
      ],
      [
       121.1552199,
       14.0834377
      ],
      [
       121.1552722,
       14.0833193
      ],
      [
       121.1553578,
       14.0832046
      ],
      [
       121.1553707,
       14.0831979
      ],
      [
       121.155464,
       14.0831497
      ],
      [
       121.1554976,
       14.0831387
      ],
      [
       121.1556437,
       14.0830906
      ],
      [
       121.1558038,
       14.083144
      ],
      [
       121.155805,
       14.0831495
      ],
      [
       121.155843,
       14.0833245
      ],
      [
       121.1558672,
       14.0835217
      ],
      [
       121.1558798,
       14.0835618
      ],
      [
       121.1559291,
       14.0837194
      ],
      [
       121.1560133,
       14.0838042
      ],
      [
       121.1560181,
       14.083804
      ],
      [
       121.1561048,
       14.0838001
      ],
      [
       121.1562859,
       14.0837342
      ],
      [
       121.1564521,
       14.0835714
      ],
      [
       121.1565276,
       14.0834463
      ],
      [
       121.1565471,
       14.083414
      ],
      [
       121.1566302,
       14.0832012
      ],
      [
       121.156646,
       14.082977
      ],
      [
       121.1566466,
       14.0829691
      ],
      [
       121.1566048,
       14.0827261
      ],
      [
       121.1566003,
       14.0827216
      ],
      [
       121.1565074,
       14.0826273
      ],
      [
       121.1563301,
       14.082549
      ],
      [
       121.1563263,
       14.0825476
      ],
      [
       121.1561493,
       14.0824847
      ],
      [
       121.1561189,
       14.082491
      ],
      [
       121.155972,
       14.0825214
      ],
      [
       121.155937,
       14.0825302
      ],
      [
       121.1557835,
       14.0825685
      ],
      [
       121.1556745,
       14.0825588
      ],
      [
       121.1556526,
       14.0825568
      ],
      [
       121.1555705,
       14.0824738
      ],
      [
       121.1555107,
       14.0823749
      ],
      [
       121.1555188,
       14.082349
      ],
      [
       121.1555493,
       14.0822516
      ],
      [
       121.1555928,
       14.0821411
      ],
      [
       121.1555968,
       14.0821309
      ],
      [
       121.1556864,
       14.0820892
      ],
      [
       121.1559458,
       14.0820332
      ],
      [
       121.1559581,
       14.0820305
      ],
      [
       121.1561373,
       14.0819904
      ],
      [
       121.1561494,
       14.0819929
      ],
      [
       121.1563207,
       14.0820289
      ],
      [
       121.1564162,
       14.0821124
      ],
      [
       121.1564164,
       14.0821167
      ],
      [
       121.1564232,
       14.0822573
      ],
      [
       121.1564656,
       14.0823154
      ],
      [
       121.1564741,
       14.082327
      ],
      [
       121.1565455,
       14.0823216
      ],
      [
       121.1566732,
       14.0822219
      ],
      [
       121.1566802,
       14.0822118
      ],
      [
       121.1567968,
       14.0820435
      ],
      [
       121.1569253,
       14.0819636
      ],
      [
       121.1569333,
       14.0819596
      ],
      [
       121.1570672,
       14.0818928
      ],
      [
       121.1570901,
       14.0816915
      ],
      [
       121.157091,
       14.0816834
      ],
      [
       121.157075,
       14.0814781
      ],
      [
       121.1569945,
       14.0814128
      ],
      [
       121.1568644,
       14.081327
      ],
      [
       121.1568636,
       14.0813265
      ],
      [
       121.1567547,
       14.0812697
      ],
      [
       121.1567535,
       14.0812662
      ],
      [
       121.156718,
       14.0811626
      ],
      [
       121.1567338,
       14.0810395
      ],
      [
       121.1567345,
       14.0810386
      ],
      [
       121.1567747,
       14.080927
      ],
      [
       121.1568813,
       14.0808483
      ],
      [
       121.1569701,
       14.0808243
      ],
      [
       121.1570716,
       14.0808342
      ],
      [
       121.1571803,
       14.0808454
      ],
      [
       121.157289,
       14.0808506
      ],
      [
       121.1573851,
       14.0808105
      ],
      [
       121.1573856,
       14.0808103
      ],
      [
       121.1574658,
       14.0807049
      ],
      [
       121.1575033,
       14.080552
      ],
      [
       121.1575119,
       14.080532
      ],
      [
       121.1575966,
       14.080336
      ],
      [
       121.1576003,
       14.0803305
      ],
      [
       121.1577214,
       14.0801531
      ],
      [
       121.1579056,
       14.0800306
      ],
      [
       121.1579131,
       14.0800256
      ],
      [
       121.1580896,
       14.0799877
      ],
      [
       121.1582663,
       14.0800088
      ],
      [
       121.1582766,
       14.08001
      ],
      [
       121.1583809,
       14.0799676
      ],
      [
       121.1584182,
       14.0798638
      ],
      [
       121.1584182,
       14.0798635
      ],
      [
       121.1584053,
       14.0797585
      ],
      [
       121.1583157,
       14.0797007
      ],
      [
       121.1582999,
       14.0796955
      ],
      [
       121.1581704,
       14.0796526
      ],
      [
       121.1579221,
       14.0796077
      ],
      [
       121.1579113,
       14.0796057
      ],
      [
       121.1578233,
       14.0795745
      ],
      [
       121.1576924,
       14.079528
      ],
      [
       121.1576894,
       14.0795269
      ],
      [
       121.1574625,
       14.0793531
      ],
      [
       121.1574331,
       14.0793276
      ],
      [
       121.1573617,
       14.0792179
      ],
      [
       121.1573137,
       14.0791231
      ],
      [
       121.1573915,
       14.0790464
      ],
      [
       121.1574636,
       14.0790011
      ],
      [
       121.1575154,
       14.0789075
      ],
      [
       121.1576476,
       14.0788723
      ],
      [
       121.1577911,
       14.078908
      ],
      [
       121.1579582,
       14.0790209
      ],
      [
       121.1581151,
       14.0790279
      ],
      [
       121.1582214,
       14.0789346
      ],
      [
       121.1583911,
       14.0785505
      ],
      [
       121.1585912,
       14.0780505
      ],
      [
       121.1587283,
       14.0775478
      ],
      [
       121.1587025,
       14.077316
      ],
      [
       121.1585266,
       14.0770819
      ],
      [
       121.1583742,
       14.0769242
      ],
      [
       121.1583165,
       14.0767569
      ],
      [
       121.1583155,
       14.0765465
      ],
      [
       121.158441,
       14.076215
      ],
      [
       121.1585051,
       14.075818
      ],
      [
       121.1585759,
       14.075479
      ],
      [
       121.1586591,
       14.0752243
      ],
      [
       121.1588345,
       14.0750973
      ],
      [
       121.1588995,
       14.0747566
      ],
      [
       121.1588987,
       14.0745305
      ],
      [
       121.1588357,
       14.0743429
      ],
      [
       121.1588292,
       14.0741892
      ],
      [
       121.1588944,
       14.0741002
      ],
      [
       121.1591915,
       14.0740498
      ],
      [
       121.1591266,
       14.0734771
      ],
      [
       121.1591276,
       14.0732541
      ],
      [
       121.1591293,
       14.0728579
      ],
      [
       121.1591564,
       14.0724955
      ],
      [
       121.1591508,
       14.0721762
      ],
      [
       121.1591642,
       14.0718939
      ],
      [
       121.1592274,
       14.0716408
      ],
      [
       121.1593594,
       14.0715014
      ],
      [
       121.1595826,
       14.0712656
      ],
      [
       121.1602655,
       14.0708525
      ],
      [
       121.1606743,
       14.0704539
      ],
      [
       121.1609586,
       14.0702327
      ],
      [
       121.1610042,
       14.0696473
      ],
      [
       121.160898,
       14.0692774
      ],
      [
       121.1608137,
       14.0689839
      ],
      [
       121.1606608,
       14.0684193
      ],
      [
       121.1606383,
       14.0679021
      ],
      [
       121.1605777,
       14.0673786
      ],
      [
       121.1605686,
       14.0670201
      ],
      [
       121.160531,
       14.0664399
      ],
      [
       121.160052,
       14.0658696
      ],
      [
       121.1596674,
       14.0655813
      ],
      [
       121.159301,
       14.0651723
      ],
      [
       121.1589684,
       14.0645973
      ],
      [
       121.1587162,
       14.0640275
      ],
      [
       121.1584507,
       14.0635254
      ],
      [
       121.1582361,
       14.0633042
      ],
      [
       121.1580393,
       14.0626647
      ],
      [
       121.1577292,
       14.0622661
      ],
      [
       121.1574422,
       14.0619096
      ],
      [
       121.1568698,
       14.0612987
      ],
      [
       121.1565678,
       14.0609886
      ],
      [
       121.1563774,
       14.06077
      ],
      [
       121.1561644,
       14.0604297
      ],
      [
       121.1559221,
       14.060186
      ],
      [
       121.1558805,
       14.0600721
      ],
      [
       121.1559699,
       14.0597493
      ],
      [
       121.1560486,
       14.0593502
      ],
      [
       121.1561538,
       14.0588815
      ],
      [
       121.1557568,
       14.0587188
      ],
      [
       121.1556797,
       14.0586863
      ],
      [
       121.1555516,
       14.0586343
      ],
      [
       121.1553585,
       14.0585562
      ],
      [
       121.1553532,
       14.0585529
      ],
      [
       121.1550923,
       14.0584411
      ],
      [
       121.1543906,
       14.0581702
      ],
      [
       121.1543881,
       14.0581696
      ],
      [
       121.1543784,
       14.0581657
      ],
      [
       121.1543661,
       14.0581606
      ],
      [
       121.1543381,
       14.0581498
      ],
      [
       121.1542316,
       14.0581215
      ],
      [
       121.1542254,
       14.0581199
      ],
      [
       121.1541999,
       14.0581134
      ],
      [
       121.1539787,
       14.0580666
      ],
      [
       121.1539371,
       14.0580588
      ],
      [
       121.1538526,
       14.0580315
      ],
      [
       121.1538378,
       14.0580288
      ],
      [
       121.1536489,
       14.0579808
      ],
      [
       121.1536469,
       14.05798
      ],
      [
       121.153515,
       14.0579464
      ],
      [
       121.1535109,
       14.0579451
      ],
      [
       121.1533182,
       14.057877
      ],
      [
       121.1532506,
       14.0578478
      ],
      [
       121.1531271,
       14.0577983
      ],
      [
       121.1530224,
       14.0577553
      ],
      [
       121.1527509,
       14.0576356
      ],
      [
       121.1525283,
       14.0575563
      ],
      [
       121.1523331,
       14.057489
      ],
      [
       121.1521253,
       14.0574148
      ],
      [
       121.1520274,
       14.0573784
      ],
      [
       121.1518289,
       14.0573094
      ],
      [
       121.1517243,
       14.0572717
      ],
      [
       121.1516197,
       14.057234
      ],
      [
       121.1515446,
       14.0572093
      ],
      [
       121.151503,
       14.057191
      ],
      [
       121.1514078,
       14.0571682
      ],
      [
       121.1510155,
       14.0570408
      ],
      [
       121.1505515,
       14.0568577
      ],
      [
       121.150534,
       14.0568512
      ],
      [
       121.150524,
       14.0568479
      ],
      [
       121.1502544,
       14.0567624
      ],
      [
       121.1500184,
       14.0566944
      ],
      [
       121.150007,
       14.0566912
      ],
      [
       121.1497207,
       14.0566085
      ],
      [
       121.1497066,
       14.0566033
      ],
      [
       121.1497005,
       14.0566007
      ],
      [
       121.1495,
       14.0565116
      ],
      [
       121.1494913,
       14.0565077
      ],
      [
       121.1493144,
       14.0564299
      ],
      [
       121.1493086,
       14.0564271
      ],
      [
       121.1493058,
       14.0564259
      ],
      [
       121.1492643,
       14.0564106
      ],
      [
       121.1484662,
       14.0560926
      ],
      [
       121.1484542,
       14.0560861
      ],
      [
       121.1482651,
       14.0560119
      ],
      [
       121.1482476,
       14.0560054
      ],
      [
       121.1481216,
       14.0559651
      ],
      [
       121.1480066,
       14.055907
      ],
      [
       121.1480009,
       14.0559051
      ],
      [
       121.1479831,
       14.0558983
      ],
      [
       121.1477642,
       14.0558114
      ],
      [
       121.1477591,
       14.0558095
      ],
      [
       121.1477467,
       14.0558046
      ],
      [
       121.147503,
       14.0557051
      ],
      [
       121.1474976,
       14.0557035
      ],
      [
       121.1474912,
       14.0557008
      ],
      [
       121.1472867,
       14.0556194
      ],
      [
       121.147274,
       14.0556129
      ],
      [
       121.1468716,
       14.0554268
      ],
      [
       121.1468642,
       14.0554234
      ],
      [
       121.146715,
       14.0553737
      ],
      [
       121.1467059,
       14.0553707
      ],
      [
       121.1466043,
       14.0553341
      ],
      [
       121.1466025,
       14.0553334
      ],
      [
       121.1465971,
       14.0553316
      ],
      [
       121.1464623,
       14.055292
      ],
      [
       121.1464568,
       14.0552897
      ],
      [
       121.1464504,
       14.0552868
      ],
      [
       121.1463955,
       14.0552628
      ],
      [
       121.146237,
       14.0551748
      ],
      [
       121.1461633,
       14.0551484
      ],
      [
       121.1461368,
       14.0551273
      ],
      [
       121.1461324,
       14.0551234
      ],
      [
       121.14611,
       14.0551058
      ],
      [
       121.1460303,
       14.0550786
      ],
      [
       121.1460221,
       14.0550753
      ],
      [
       121.1460159,
       14.0550731
      ],
      [
       121.1459361,
       14.0550433
      ],
      [
       121.1459345,
       14.0550425
      ],
      [
       121.1459324,
       14.0550415
      ],
      [
       121.145689,
       14.0549422
      ],
      [
       121.1456857,
       14.0549406
      ],
      [
       121.1456803,
       14.054939
      ],
      [
       121.1454631,
       14.054859
      ],
      [
       121.145458,
       14.0548564
      ],
      [
       121.1452401,
       14.0547764
      ],
      [
       121.1451756,
       14.0547381
      ],
      [
       121.1451749,
       14.0547378
      ],
      [
       121.1451689,
       14.0547346
      ],
      [
       121.1450314,
       14.0546623
      ],
      [
       121.1450307,
       14.0546618
      ],
      [
       121.1450278,
       14.0546605
      ],
      [
       121.1448994,
       14.0546001
      ],
      [
       121.1448954,
       14.0545981
      ],
      [
       121.1447949,
       14.054559
      ],
      [
       121.1447933,
       14.0545584
      ],
      [
       121.1447884,
       14.0545564
      ],
      [
       121.144749,
       14.0545402
      ],
      [
       121.1446783,
       14.0545186
      ],
      [
       121.1446752,
       14.0545176
      ],
      [
       121.1445901,
       14.0544817
      ],
      [
       121.1445136,
       14.0544492
      ],
      [
       121.1445076,
       14.0544453
      ],
      [
       121.144408,
       14.0543993
      ],
      [
       121.1443245,
       14.0543661
      ],
      [
       121.1441537,
       14.0543244
      ],
      [
       121.1441515,
       14.0543236
      ],
      [
       121.1441487,
       14.0543229
      ],
      [
       121.1440836,
       14.0543018
      ],
      [
       121.1439671,
       14.0542482
      ],
      [
       121.1439628,
       14.0542462
      ],
      [
       121.1437646,
       14.0541561
      ],
      [
       121.1434139,
       14.0540223
      ],
      [
       121.1432255,
       14.0539599
      ],
      [
       121.1430974,
       14.0538994
      ],
      [
       121.1429252,
       14.0538252
      ],
      [
       121.1426019,
       14.0536857
      ],
      [
       121.1425408,
       14.0536595
      ],
      [
       121.1425153,
       14.0536486
      ],
      [
       121.1418684,
       14.0533712
      ],
      [
       121.1417711,
       14.0533295
      ],
      [
       121.1412554,
       14.0530563
      ],
      [
       121.1409661,
       14.0528995
      ],
      [
       121.1409644,
       14.0528985
      ],
      [
       121.1405678,
       14.0526913
      ],
      [
       121.1401601,
       14.0524649
      ],
      [
       121.1399033,
       14.0523185
      ],
      [
       121.1397459,
       14.0522111
      ],
      [
       121.1397403,
       14.0522073
      ],
      [
       121.1397343,
       14.0522027
      ],
      [
       121.1395847,
       14.0521013
      ],
      [
       121.1394436,
       14.0520204
      ],
      [
       121.1394352,
       14.0520165
      ],
      [
       121.1393631,
       14.0519814
      ],
      [
       121.1393591,
       14.0519791
      ],
      [
       121.1392575,
       14.0519199
      ],
      [
       121.1392542,
       14.0519177
      ],
      [
       121.1391646,
       14.0518653
      ],
      [
       121.139161,
       14.051863
      ],
      [
       121.1389124,
       14.0517204
      ],
      [
       121.1387597,
       14.0516328
      ],
      [
       121.1387586,
       14.0516323
      ],
      [
       121.1386738,
       14.0515884
      ],
      [
       121.1386401,
       14.051571
      ],
      [
       121.1386383,
       14.05157
      ],
      [
       121.1385234,
       14.0515093
      ],
      [
       121.1385179,
       14.0515067
      ],
      [
       121.1382867,
       14.0513905
      ],
      [
       121.138281,
       14.0513876
      ],
      [
       121.1381882,
       14.0513453
      ],
      [
       121.1380272,
       14.0512697
      ],
      [
       121.137588,
       14.05107
      ],
      [
       121.137584,
       14.0510676
      ],
      [
       121.1373449,
       14.0509599
      ],
      [
       121.1373419,
       14.0509586
      ],
      [
       121.1368055,
       14.0507495
      ],
      [
       121.1367998,
       14.0507472
      ],
      [
       121.1365698,
       14.0506555
      ],
      [
       121.1365654,
       14.0506538
      ],
      [
       121.1363341,
       14.050501
      ],
      [
       121.136315,
       14.0504925
      ],
      [
       121.1361933,
       14.0504372
      ],
      [
       121.1360746,
       14.0503823
      ],
      [
       121.1360675,
       14.050379
      ],
      [
       121.1358858,
       14.0502866
      ],
      [
       121.1357866,
       14.0502353
      ],
      [
       121.1357038,
       14.0501936
      ],
      [
       121.1355864,
       14.0501338
      ],
      [
       121.135521,
       14.0501006
      ],
      [
       121.1353705,
       14.0500069
      ],
      [
       121.1353567,
       14.0499988
      ],
      [
       121.1351435,
       14.0498752
      ],
      [
       121.1351026,
       14.0498515
      ],
      [
       121.1350235,
       14.0498157
      ],
      [
       121.1349413,
       14.0497789
      ],
      [
       121.1347318,
       14.0497191
      ],
      [
       121.1345494,
       14.0496238
      ],
      [
       121.1345464,
       14.0496222
      ],
      [
       121.1343734,
       14.0495441
      ],
      [
       121.1343728,
       14.0495437
      ],
      [
       121.1342715,
       14.0494856
      ],
      [
       121.1341427,
       14.0494111
      ],
      [
       121.1341192,
       14.0493977
      ],
      [
       121.1339912,
       14.0492635
      ],
      [
       121.1339897,
       14.0492619
      ],
      [
       121.1338782,
       14.0491911
      ],
      [
       121.1337711,
       14.0491297
      ],
      [
       121.1336262,
       14.0490566
      ],
      [
       121.1334291,
       14.0489411
      ],
      [
       121.1333516,
       14.0488614
      ],
      [
       121.1332732,
       14.0487742
      ],
      [
       121.1331458,
       14.0486832
      ],
      [
       121.1331347,
       14.0486763
      ],
      [
       121.1330405,
       14.0486243
      ],
      [
       121.1329423,
       14.0485449
      ],
      [
       121.1327927,
       14.0484923
      ],
      [
       121.1326425,
       14.0484643
      ],
      [
       121.1326338,
       14.0484594
      ],
      [
       121.1324668,
       14.0483628
      ],
      [
       121.1324574,
       14.048357
      ],
      [
       121.1322935,
       14.0482805
      ],
      [
       121.1322871,
       14.0482776
      ],
      [
       121.1321053,
       14.0481939
      ],
      [
       121.1321045,
       14.0481935
      ],
      [
       121.1320063,
       14.0481521
      ],
      [
       121.1318816,
       14.0480999
      ],
      [
       121.1317557,
       14.0480446
      ],
      [
       121.1315666,
       14.047951
      ],
      [
       121.1315203,
       14.0479302
      ],
      [
       121.1314164,
       14.047874
      ],
      [
       121.1312947,
       14.0478122
      ],
      [
       121.1309219,
       14.0476308
      ],
      [
       121.1308153,
       14.047582
      ],
      [
       121.1305564,
       14.0474585
      ],
      [
       121.1303821,
       14.047381
      ],
      [
       121.130287,
       14.0473458
      ],
      [
       121.1302845,
       14.0473458
      ],
      [
       121.1302364,
       14.0473286
      ],
      [
       121.1300669,
       14.0473246
      ],
      [
       121.1296877,
       14.0472937
      ],
      [
       121.1294762,
       14.0472859
      ],
      [
       121.1285102,
       14.0472857
      ],
      [
       121.1276291,
       14.0465507
      ],
      [
       121.1266367,
       14.0466196
      ],
      [
       121.1265777,
       14.0466352
      ],
      [
       121.1256878,
       14.047312
      ],
      [
       121.1249965,
       14.0466365
      ],
      [
       121.1249791,
       14.046617
      ],
      [
       121.1246948,
       14.0465507
      ],
      [
       121.1240323,
       14.0465195
      ],
      [
       121.123929,
       14.0463985
      ],
      [
       121.1237627,
       14.0462462
      ],
      [
       121.123465,
       14.0461022
      ],
      [
       121.1233188,
       14.0460202
      ],
      [
       121.122997,
       14.0458459
      ],
      [
       121.1223412,
       14.0456823
      ],
      [
       121.1221387,
       14.0457408
      ],
      [
       121.1214279,
       14.0460179
      ],
      [
       121.1213715,
       14.0460869
      ],
      [
       121.1213595,
       14.0460999
      ],
      [
       121.121106,
       14.0464203
      ],
      [
       121.1202618,
       14.0463324
      ],
      [
       121.1195517,
       14.0465578
      ],
      [
       121.1189133,
       14.0464173
      ],
      [
       121.1187162,
       14.0461402
      ],
      [
       121.1183366,
       14.0460504
      ],
      [
       121.1181408,
       14.0459841
      ],
      [
       121.1180939,
       14.0459906
      ],
      [
       121.1173335,
       14.0461805
      ],
      [
       121.1163263,
       14.0464603
      ],
      [
       121.1143468,
       14.0465956
      ],
      [
       121.1142141,
       14.0464876
      ],
      [
       121.1139874,
       14.0463015
      ],
      [
       121.1130486,
       14.0455339
      ],
      [
       121.1124975,
       14.0452256
      ],
      [
       121.1110625,
       14.0451059
      ],
      [
       121.1102806,
       14.0448574
      ],
      [
       121.1101331,
       14.0449108
      ],
      [
       121.1096878,
       14.0450669
      ],
      [
       121.10937,
       14.0449029
      ],
      [
       121.1093593,
       14.0448938
      ],
      [
       121.1090575,
       14.0447416
      ],
      [
       121.1090414,
       14.0447377
      ],
      [
       121.1077982,
       14.0444827
      ],
      [
       121.107762,
       14.0444762
      ],
      [
       121.1075997,
       14.0437463
      ],
      [
       121.1072175,
       14.0429475
      ],
      [
       121.1060173,
       14.0425376
      ],
      [
       121.1058502,
       14.0424722
      ],
      [
       121.1056088,
       14.0424722
      ],
      [
       121.1052011,
       14.0425607
      ],
      [
       121.1047102,
       14.0425919
      ],
      [
       121.1044876,
       14.0425659
      ],
      [
       121.1042543,
       14.0424956
      ],
      [
       121.1039592,
       14.0423447
      ],
      [
       121.10386,
       14.0422224
      ],
      [
       121.1037742,
       14.0420663
      ],
      [
       121.1035998,
       14.0420039
      ],
      [
       121.1034657,
       14.0420689
      ],
      [
       121.1034147,
       14.0421756
      ],
      [
       121.1034094,
       14.0423499
      ],
      [
       121.1033852,
       14.0424774
      ],
      [
       121.1032967,
       14.0426075
      ],
      [
       121.1031733,
       14.0427142
      ],
      [
       121.1030017,
       14.0427428
      ],
      [
       121.1028434,
       14.0426283
      ],
      [
       121.1027791,
       14.0425113
      ],
      [
       121.1026396,
       14.0424306
      ],
      [
       121.1024465,
       14.0424644
      ],
      [
       121.1023526,
       14.0425399
      ],
      [
       121.1023097,
       14.0426752
      ],
      [
       121.1022507,
       14.0428105
      ],
      [
       121.1020803,
       14.0429575
      ],
      [
       121.1019409,
       14.0429783
      ],
      [
       121.1018014,
       14.0430252
      ],
      [
       121.1016405,
       14.0430564
      ],
      [
       121.101501,
       14.0429991
      ],
      [
       121.1014044,
       14.042817
      ],
      [
       121.1013508,
       14.0426192
      ],
      [
       121.1011952,
       14.0425308
      ],
      [
       121.100412,
       14.0411621
      ],
      [
       121.0993874,
       14.0401421
      ],
      [
       121.0993445,
       14.0400725
      ],
      [
       121.0992318,
       14.0398897
      ],
      [
       121.097829,
       14.0389087
      ],
      [
       121.0973436,
       14.0387356
      ],
      [
       121.09717,
       14.0386742
      ],
      [
       121.097011,
       14.0384834
      ],
      [
       121.0966822,
       14.0382154
      ],
      [
       121.0963117,
       14.0379932
      ],
      [
       121.0953966,
       14.037494
      ],
      [
       121.0948175,
       14.0371299
      ],
      [
       121.0943493,
       14.0368242
      ],
      [
       121.0938174,
       14.036381
      ],
      [
       121.0934633,
       14.0360114
      ],
      [
       121.0933483,
       14.0358899
      ],
      [
       121.0932376,
       14.0358037
      ],
      [
       121.0928616,
       14.0355083
      ],
      [
       121.0924926,
       14.0352575
      ],
      [
       121.0916293,
       14.0346493
      ],
      [
       121.0899081,
       14.0335095
      ],
      [
       121.0897804,
       14.0334385
      ],
      [
       121.0896894,
       14.033388
      ],
      [
       121.0892245,
       14.0331297
      ],
      [
       121.0887176,
       14.032948
      ],
      [
       121.0880336,
       14.0327029
      ],
      [
       121.0876744,
       14.0326336
      ],
      [
       121.0870332,
       14.03251
      ],
      [
       121.0857631,
       14.031935
      ],
      [
       121.0855982,
       14.0318738
      ],
      [
       121.0851341,
       14.031731
      ],
      [
       121.0850658,
       14.0317164
      ],
      [
       121.0848632,
       14.0316943
      ],
      [
       121.0846849,
       14.0316591
      ],
      [
       121.0844931,
       14.0315684
      ],
      [
       121.0842215,
       14.0315255
      ],
      [
       121.0842086,
       14.0315253
      ],
      [
       121.0839781,
       14.0315372
      ],
      [
       121.0836763,
       14.0315449
      ],
      [
       121.083553,
       14.0315459
      ],
      [
       121.0832378,
       14.0315788
      ],
      [
       121.0821448,
       14.0315941
      ],
      [
       121.0818672,
       14.031637
      ],
      [
       121.0809204,
       14.0315892
      ],
      [
       121.0806213,
       14.0315449
      ],
      [
       121.0804249,
       14.0315079
      ],
      [
       121.0802337,
       14.0314851
      ],
      [
       121.0799483,
       14.0314064
      ],
      [
       121.0796866,
       14.031329
      ],
      [
       121.0794452,
       14.031222
      ],
      [
       121.0790978,
       14.0309422
      ],
      [
       121.0788582,
       14.0307366
      ],
      [
       121.0785332,
       14.0303789
      ],
      [
       121.0781953,
       14.0299703
      ],
      [
       121.0775462,
       14.0292547
      ],
      [
       121.0772458,
       14.029554
      ],
      [
       121.0769105,
       14.0296476
      ],
      [
       121.076661,
       14.0296034
      ],
      [
       121.076307,
       14.029416
      ],
      [
       121.0757953,
       14.0297878
      ],
      [
       121.0754219,
       14.0297856
      ],
      [
       121.0745421,
       14.0309617
      ],
      [
       121.0721093,
       14.0307952
      ],
      [
       121.070897,
       14.0312064
      ],
      [
       121.0701352,
       14.0310919
      ],
      [
       121.0696793,
       14.0310919
      ],
      [
       121.0649103,
       14.032216
      ],
      [
       121.0641859,
       14.0308467
      ],
      [
       121.0641807,
       14.0308368
      ],
      [
       121.0618259,
       14.0279402
      ],
      [
       121.0617627,
       14.0278625
      ],
      [
       121.0561466,
       14.0224812
      ],
      [
       121.0527114,
       14.0200492
      ],
      [
       121.0491128,
       14.0188876
      ],
      [
       121.0454146,
       14.0186345
      ],
      [
       121.0427503,
       14.0187563
      ],
      [
       121.0380027,
       14.0283604
      ],
      [
       121.0369769,
       14.0344302
      ],
      [
       121.0372601,
       14.0395007
      ],
      [
       121.0410173,
       14.0542428
      ],
      [
       121.0513625,
       14.090786
      ],
      [
       121.0513175,
       14.0908366
      ],
      [
       121.051256,
       14.0908889
      ],
      [
       121.0510799,
       14.0909686
      ],
      [
       121.0509427,
       14.0911071
      ],
      [
       121.0507443,
       14.0913274
      ],
      [
       121.0506381,
       14.0914193
      ],
      [
       121.0505594,
       14.0915437
      ],
      [
       121.0505721,
       14.0915993
      ],
      [
       121.0507972,
       14.091779
      ],
      [
       121.051031,
       14.0919758
      ],
      [
       121.0512913,
       14.0920657
      ],
      [
       121.0513249,
       14.0922796
      ],
      [
       121.0514212,
       14.0923217
      ],
      [
       121.0515416,
       14.0924291
      ],
      [
       121.0514983,
       14.0925272
      ],
      [
       121.0513683,
       14.0925505
      ],
      [
       121.0512647,
       14.0926113
      ],
      [
       121.0512744,
       14.0927
      ],
      [
       121.0513442,
       14.0927444
      ],
      [
       121.0513875,
       14.0928542
      ],
      [
       121.051297,
       14.0928791
      ],
      [
       121.0511847,
       14.0928989
      ],
      [
       121.0510655,
       14.092856
      ],
      [
       121.0509803,
       14.0928824
      ],
      [
       121.0509531,
       14.0929947
      ],
      [
       121.0510519,
       14.0931235
      ],
      [
       121.0511166,
       14.0933019
      ],
      [
       121.051297,
       14.0934439
      ],
      [
       121.0515751,
       14.0936964
      ],
      [
       121.0517533,
       14.0937543
      ],
      [
       121.0519611,
       14.0939624
      ],
      [
       121.0521231,
       14.0941298
      ],
      [
       121.0523045,
       14.0942423
      ],
      [
       121.0525,
       14.0943656
      ],
      [
       121.0527154,
       14.0945628
      ],
      [
       121.0531192,
       14.095022
      ],
      [
       121.0531399,
       14.0952793
      ],
      [
       121.0531765,
       14.095492
      ],
      [
       121.0532051,
       14.0956695
      ],
      [
       121.0531796,
       14.0957886
      ],
      [
       121.0533958,
       14.0959512
      ],
      [
       121.0536208,
       14.0962207
      ],
      [
       121.0537311,
       14.0965117
      ],
      [
       121.0538105,
       14.0966187
      ],
      [
       121.0540664,
       14.0968626
      ],
      [
       121.0542385,
       14.0971236
      ],
      [
       121.0542782,
       14.097329
      ],
      [
       121.0541033,
       14.0977206
      ],
      [
       121.0540797,
       14.0978468
      ],
      [
       121.0540664,
       14.0980308
      ],
      [
       121.0541811,
       14.0982319
      ],
      [
       121.0543444,
       14.0982961
      ],
      [
       121.0544944,
       14.0985143
      ],
      [
       121.0545615,
       14.0985623
      ],
      [
       121.054662,
       14.0986342
      ],
      [
       121.0548738,
       14.0987625
      ],
      [
       121.0550547,
       14.0988481
      ],
      [
       121.0550868,
       14.0988712
      ],
      [
       121.0552974,
       14.099092
      ],
      [
       121.0553988,
       14.0992289
      ],
      [
       121.0555533,
       14.0994129
      ],
      [
       121.0556988,
       14.0995156
      ],
      [
       121.0559194,
       14.0995927
      ],
      [
       121.056043,
       14.0997852
      ],
      [
       121.0560871,
       14.0999649
      ],
      [
       121.0561886,
       14.100089
      ],
      [
       121.0563518,
       14.1002046
      ],
      [
       121.0565239,
       14.1004271
      ],
      [
       121.0568063,
       14.1006667
      ],
      [
       121.0568151,
       14.1008635
      ],
      [
       121.0568371,
       14.1011288
      ],
      [
       121.0570313,
       14.10133
      ],
      [
       121.0571151,
       14.1015781
      ],
      [
       121.0572172,
       14.101745
      ],
      [
       121.0576896,
       14.1019193
      ],
      [
       121.0583981,
       14.1024149
      ],
      [
       121.0586433,
       14.1026593
      ],
      [
       121.0590521,
       14.1027518
      ],
      [
       121.0593995,
       14.1030425
      ],
      [
       121.0598014,
       14.1034522
      ],
      [
       121.0598696,
       14.1036438
      ],
      [
       121.0600194,
       14.1041063
      ],
      [
       121.0602851,
       14.1044829
      ],
      [
       121.0605236,
       14.1046877
      ],
      [
       121.0609051,
       14.1048859
      ],
      [
       121.0613683,
       14.1052163
      ],
      [
       121.0617294,
       14.1055202
      ],
      [
       121.061852,
       14.1057514
      ],
      [
       121.0621517,
       14.1062734
      ],
      [
       121.0621858,
       14.1068019
      ],
      [
       121.061961,
       14.1071653
      ],
      [
       121.0619814,
       14.1074428
      ],
      [
       121.0621449,
       14.107826
      ],
      [
       121.062104,
       14.1081762
      ],
      [
       121.0617089,
       14.1085131
      ],
      [
       121.0613819,
       14.1090285
      ],
      [
       121.0615386,
       14.1094579
      ],
      [
       121.061743,
       14.1095306
      ],
      [
       121.0618384,
       14.1099072
      ],
      [
       121.0619065,
       14.1103234
      ],
      [
       121.0620495,
       14.1108123
      ],
      [
       121.0618724,
       14.1111559
      ],
      [
       121.0617444,
       14.1113093
      ],
      [
       121.061711,
       14.1113494
      ],
      [
       121.0614977,
       14.1116051
      ],
      [
       121.0611707,
       14.1120874
      ],
      [
       121.0611639,
       14.1125961
      ],
      [
       121.0613566,
       14.1132124
      ],
      [
       121.061416,
       14.1134022
      ],
      [
       121.06145,
       14.1138316
      ],
      [
       121.0615077,
       14.1140429
      ],
      [
       121.0615901,
       14.1143449
      ],
      [
       121.061617,
       14.1144432
      ],
      [
       121.0616953,
       14.1147301
      ],
      [
       121.0617907,
       14.1151992
      ],
      [
       121.0616817,
       14.1154106
      ],
      [
       121.061743,
       14.1160118
      ],
      [
       121.0615795,
       14.1164214
      ],
      [
       121.0613479,
       14.1167782
      ],
      [
       121.0610072,
       14.1172208
      ],
      [
       121.0607075,
       14.1178088
      ],
      [
       121.0605917,
       14.1182052
      ],
      [
       121.0601693,
       14.1187139
      ],
      [
       121.0599104,
       14.1193151
      ],
      [
       121.0598083,
       14.1196058
      ],
      [
       121.0598491,
       14.119989
      ],
      [
       121.059819,
       14.120145
      ],
      [
       121.0597674,
       14.1204118
      ],
      [
       121.0596993,
       14.1206893
      ],
      [
       121.0595221,
       14.1209139
      ],
      [
       121.0594881,
       14.1213037
      ],
      [
       121.0596516,
       14.1215217
      ],
      [
       121.0597946,
       14.1218256
      ],
      [
       121.0598151,
       14.1222418
      ],
      [
       121.0597401,
       14.1225986
      ],
      [
       121.0597197,
       14.1229685
      ],
      [
       121.0597878,
       14.1233385
      ],
      [
       121.0599718,
       14.1235169
      ],
      [
       121.0592073,
       14.1242208
      ]
     ]
    ]
   }
  },
  {
   "type": "Feature",
   "properties": {
    "name": "Santo Tomas",
    "osm_id": 6295736,
    "admin_level": "6",
    "region": "calabarzon",
    "franchise": "Multiple (BATELEC, FLECO, QUEZELCO et al)"
   },
   "geometry": {
    "type": "Polygon",
    "coordinates": [
     [
      [
       121.1271445,
       14.1371083
      ],
      [
       121.1267855,
       14.1375459
      ],
      [
       121.1265206,
       14.1379343
      ],
      [
       121.1265342,
       14.1384875
      ],
      [
       121.12643,
       14.1394549
      ],
      [
       121.1264219,
       14.1398311
      ],
      [
       121.1266967,
       14.1401367
      ],
      [
       121.1269682,
       14.1403254
      ],
      [
       121.127445,
       14.1407474
      ],
      [
       121.1277069,
       14.1410536
      ],
      [
       121.1276676,
       14.1414299
      ],
      [
       121.1276641,
       14.1421343
      ],
      [
       121.1275298,
       14.1425167
      ],
      [
       121.127367,
       14.1426774
      ],
      [
       121.127117,
       14.142729
      ],
      [
       121.1268184,
       14.1428104
      ],
      [
       121.126618,
       14.1429149
      ],
      [
       121.1265167,
       14.143139
      ],
      [
       121.1264439,
       14.1435398
      ],
      [
       121.1264564,
       14.1447529
      ],
      [
       121.1265997,
       14.1447896
      ],
      [
       121.1267824,
       14.1449515
      ],
      [
       121.1271688,
       14.1452584
      ],
      [
       121.1273679,
       14.1453982
      ],
      [
       121.1276898,
       14.14583
      ],
      [
       121.1280116,
       14.1463762
      ],
      [
       121.12844,
       14.1473362
      ],
      [
       121.1286918,
       14.1471263
      ],
      [
       121.1288625,
       14.1469076
      ],
      [
       121.12896,
       14.146612
      ],
      [
       121.1290698,
       14.1464051
      ],
      [
       121.1292832,
       14.1462455
      ],
      [
       121.1294661,
       14.1461331
      ],
      [
       121.1294966,
       14.1459617
      ],
      [
       121.1294783,
       14.1456011
      ],
      [
       121.1295758,
       14.145341
      ],
      [
       121.1297557,
       14.1451104
      ],
      [
       121.1300056,
       14.1449389
      ],
      [
       121.1301763,
       14.1449153
      ],
      [
       121.130347,
       14.1448266
      ],
      [
       121.1303288,
       14.1447439
      ],
      [
       121.1301493,
       14.1446005
      ],
      [
       121.1300731,
       14.1444527
      ],
      [
       121.1301874,
       14.1443511
      ],
      [
       121.1304112,
       14.1443141
      ],
      [
       121.1305351,
       14.1441663
      ],
      [
       121.130516,
       14.14388
      ],
      [
       121.1305922,
       14.1432426
      ],
      [
       121.1306208,
       14.1429008
      ],
      [
       121.1307451,
       14.1428198
      ],
      [
       121.1310751,
       14.1428282
      ],
      [
       121.1312522,
       14.1428178
      ],
      [
       121.131397,
       14.1426878
      ],
      [
       121.1314721,
       14.1424849
      ],
      [
       121.1316438,
       14.1423705
      ],
      [
       121.1318436,
       14.1423525
      ],
      [
       121.1319832,
       14.1424359
      ],
      [
       121.132218,
       14.1424087
      ],
      [
       121.1324397,
       14.1423854
      ],
      [
       121.1327793,
       14.1423765
      ],
      [
       121.1330097,
       14.1421838
      ],
      [
       121.1332752,
       14.1418756
      ],
      [
       121.1334249,
       14.1417377
      ],
      [
       121.1335536,
       14.1417246
      ],
      [
       121.1337386,
       14.1417555
      ],
      [
       121.1339451,
       14.1419491
      ],
      [
       121.1342401,
       14.1420219
      ],
      [
       121.134562,
       14.1420323
      ],
      [
       121.1349643,
       14.1420063
      ],
      [
       121.135372,
       14.1421416
      ],
      [
       121.1355437,
       14.1423132
      ],
      [
       121.1359997,
       14.1427762
      ],
      [
       121.136155,
       14.1429749
      ],
      [
       121.1360983,
       14.1433135
      ],
      [
       121.1362035,
       14.1435392
      ],
      [
       121.1363752,
       14.1438946
      ],
      [
       121.1364986,
       14.1442015
      ],
      [
       121.1366649,
       14.1443627
      ],
      [
       121.1368043,
       14.144394
      ],
      [
       121.1369814,
       14.1442847
      ],
      [
       121.1371906,
       14.1441755
      ],
      [
       121.1375017,
       14.1441755
      ],
      [
       121.1377056,
       14.1442275
      ],
      [
       121.137904,
       14.1443419
      ],
      [
       121.1381401,
       14.1444876
      ],
      [
       121.1382956,
       14.1445409
      ],
      [
       121.1384,
       14.1445383
      ],
      [
       121.1384676,
       14.144452
      ],
      [
       121.1384995,
       14.1444044
      ],
      [
       121.1385124,
       14.1443188
      ],
      [
       121.1385478,
       14.1441911
      ],
      [
       121.1386282,
       14.1440871
      ],
      [
       121.1387623,
       14.144061
      ],
      [
       121.138934,
       14.1440975
      ],
      [
       121.1392773,
       14.1442795
      ],
      [
       121.1396582,
       14.144394
      ],
      [
       121.1398942,
       14.1443732
      ],
      [
       121.1400015,
       14.1442431
      ],
      [
       121.1400498,
       14.1440246
      ],
      [
       121.1400509,
       14.1437895
      ],
      [
       121.1401625,
       14.1435461
      ],
      [
       121.1403341,
       14.1435201
      ],
      [
       121.1404261,
       14.143603
      ],
      [
       121.1404629,
       14.1438582
      ],
      [
       121.1404629,
       14.1441287
      ],
      [
       121.1405058,
       14.1443055
      ],
      [
       121.1405916,
       14.1443419
      ],
      [
       121.1406828,
       14.1442899
      ],
      [
       121.1407257,
       14.1441859
      ],
      [
       121.1407633,
       14.1439674
      ],
      [
       121.1408223,
       14.1437593
      ],
      [
       121.1410797,
       14.1436761
      ],
      [
       121.1412675,
       14.1437333
      ],
      [
       121.1414177,
       14.1438165
      ],
      [
       121.1415411,
       14.1439674
      ],
      [
       121.1416699,
       14.1441234
      ],
      [
       121.1418576,
       14.1441286
      ],
      [
       121.1420615,
       14.1440246
      ],
      [
       121.1423673,
       14.1438061
      ],
      [
       121.1425603,
       14.1436501
      ],
      [
       121.1427964,
       14.1435669
      ],
      [
       121.1429841,
       14.1436293
      ],
      [
       121.1431826,
       14.1436137
      ],
      [
       121.1436171,
       14.1434784
      ],
      [
       121.1440302,
       14.1433328
      ],
      [
       121.1443199,
       14.1433224
      ],
      [
       121.1445559,
       14.1434524
      ],
      [
       121.1448885,
       14.1434628
      ],
      [
       121.1452426,
       14.1434472
      ],
      [
       121.1454357,
       14.1433796
      ],
      [
       121.1456878,
       14.143468
      ],
      [
       121.1458874,
       14.1434727
      ],
      [
       121.1461223,
       14.1433796
      ],
      [
       121.1463476,
       14.1432132
      ],
      [
       121.1467661,
       14.1428958
      ],
      [
       121.1473561,
       14.1427086
      ],
      [
       121.1480929,
       14.1425907
      ],
      [
       121.1488437,
       14.1425192
      ],
      [
       121.1496883,
       14.1427012
      ],
      [
       121.1501718,
       14.1425876
      ],
      [
       121.1504735,
       14.1424706
      ],
      [
       121.1509494,
       14.1425434
      ],
      [
       121.151479,
       14.1423146
      ],
      [
       121.1520957,
       14.1420936
      ],
      [
       121.1523571,
       14.1420741
      ],
      [
       121.1526454,
       14.1422951
      ],
      [
       121.1531388,
       14.1424433
      ],
      [
       121.1537045,
       14.1423406
      ],
      [
       121.1541474,
       14.1424148
      ],
      [
       121.1545309,
       14.1426931
      ],
      [
       121.1549916,
       14.1424511
      ],
      [
       121.1554032,
       14.1421987
      ],
      [
       121.1557497,
       14.1419504
      ],
      [
       121.1559745,
       14.1415836
      ],
      [
       121.1561771,
       14.1412679
      ],
      [
       121.1564444,
       14.1410626
      ],
      [
       121.156769,
       14.140904
      ],
      [
       121.1570908,
       14.14093
      ],
      [
       121.1572813,
       14.1409638
      ],
      [
       121.1574476,
       14.1409144
      ],
      [
       121.157614,
       14.1409406
      ],
      [
       121.1577319,
       14.141099
      ],
      [
       121.1577828,
       14.1411745
      ],
      [
       121.1579231,
       14.1412185
      ],
      [
       121.1587202,
       14.1412604
      ],
      [
       121.1591132,
       14.140969
      ],
      [
       121.1595048,
       14.140995
      ],
      [
       121.1597301,
       14.1409586
      ],
      [
       121.1599996,
       14.140863
      ],
      [
       121.160119,
       14.1406985
      ],
      [
       121.1602102,
       14.1405815
      ],
      [
       121.160339,
       14.1405711
      ],
      [
       121.1603926,
       14.1405945
      ],
      [
       121.1606072,
       14.1409976
      ],
      [
       121.1606394,
       14.1410912
      ],
      [
       121.1607285,
       14.1411547
      ],
      [
       121.1608754,
       14.1411485
      ],
      [
       121.1610471,
       14.1410314
      ],
      [
       121.1611517,
       14.1410054
      ],
      [
       121.1612402,
       14.1410418
      ],
      [
       121.161377,
       14.1411355
      ],
      [
       121.1615916,
       14.1412551
      ],
      [
       121.1617954,
       14.1412863
      ],
      [
       121.1619574,
       14.1411618
      ],
      [
       121.1620425,
       14.1411
      ],
      [
       121.1622289,
       14.1410103
      ],
      [
       121.1625373,
       14.140888
      ],
      [
       121.1626795,
       14.1408776
      ],
      [
       121.1629799,
       14.1408568
      ],
      [
       121.163224,
       14.1407476
      ],
      [
       121.1633366,
       14.1406436
      ],
      [
       121.1635485,
       14.1407736
      ],
      [
       121.1638516,
       14.140836
      ],
      [
       121.1640823,
       14.1406384
      ],
      [
       121.1643956,
       14.1402191
      ],
      [
       121.1647764,
       14.1400574
      ],
      [
       121.167186,
       14.139179
      ],
      [
       121.1713354,
       14.137703
      ],
      [
       121.1760325,
       14.1363855
      ],
      [
       121.181663,
       14.1353303
      ],
      [
       121.1920926,
       14.1328796
      ],
      [
       121.1945877,
       14.1287888
      ],
      [
       121.1978708,
       14.1240023
      ],
      [
       121.1992461,
       14.1226859
      ],
      [
       121.2094414,
       14.1129277
      ],
      [
       121.2095013,
       14.1123123
      ],
      [
       121.2097846,
       14.1108712
      ],
      [
       121.2100535,
       14.1094865
      ],
      [
       121.2105616,
       14.1091753
      ],
      [
       121.2107648,
       14.1090353
      ],
      [
       121.2111445,
       14.1087708
      ],
      [
       121.2113477,
       14.1084596
      ],
      [
       121.2114493,
       14.1080965
      ],
      [
       121.2114867,
       14.1076764
      ],
      [
       121.2115523,
       14.1074248
      ],
      [
       121.211617,
       14.1073263
      ],
      [
       121.2116401,
       14.1071561
      ],
      [
       121.2116724,
       14.1069231
      ],
      [
       121.2116031,
       14.106632
      ],
      [
       121.2116124,
       14.1064528
      ],
      [
       121.2119034,
       14.1062333
      ],
      [
       121.2118572,
       14.1059735
      ],
      [
       121.2119726,
       14.1057047
      ],
      [
       121.2121528,
       14.1054942
      ],
      [
       121.2121897,
       14.1051985
      ],
      [
       121.2121158,
       14.1050059
      ],
      [
       121.2124068,
       14.1048626
      ],
      [
       121.2126701,
       14.1047551
      ],
      [
       121.2127347,
       14.104558
      ],
      [
       121.2126516,
       14.1043474
      ],
      [
       121.2125731,
       14.1040339
      ],
      [
       121.2124946,
       14.1036352
      ],
      [
       121.2123837,
       14.1033709
      ],
      [
       121.2124668,
       14.1030125
      ],
      [
       121.2126424,
       14.1025959
      ],
      [
       121.21255,
       14.1024615
      ],
      [
       121.2123375,
       14.1023719
      ],
      [
       121.2121574,
       14.1021301
      ],
      [
       121.2122959,
       14.1017986
      ],
      [
       121.2125084,
       14.1011535
      ],
      [
       121.2125915,
       14.100822
      ],
      [
       121.2128179,
       14.1007235
      ],
      [
       121.2128317,
       14.1002083
      ],
      [
       121.2130719,
       14.0999037
      ],
      [
       121.2132705,
       14.0995991
      ],
      [
       121.2133747,
       14.0994882
      ],
      [
       121.2134876,
       14.0994563
      ],
      [
       121.2134578,
       14.099295
      ],
      [
       121.2134593,
       14.0988677
      ],
      [
       121.2133996,
       14.0985285
      ],
      [
       121.2132628,
       14.0981121
      ],
      [
       121.213113,
       14.0978643
      ],
      [
       121.2130003,
       14.0976302
      ],
      [
       121.2125873,
       14.0971515
      ],
      [
       121.2120937,
       14.0966469
      ],
      [
       121.2116539,
       14.0962517
      ],
      [
       121.21145,
       14.0959135
      ],
      [
       121.2111711,
       14.0956326
      ],
      [
       121.2107902,
       14.0955233
      ],
      [
       121.2105381,
       14.0951955
      ],
      [
       121.2103288,
       14.0949094
      ],
      [
       121.2102001,
       14.0945295
      ],
      [
       121.2100123,
       14.0940977
      ],
      [
       121.2100821,
       14.093619
      ],
      [
       121.2100606,
       14.0933433
      ],
      [
       121.2098353,
       14.0929895
      ],
      [
       121.2096315,
       14.092594
      ],
      [
       121.2093954,
       14.0922611
      ],
      [
       121.2090038,
       14.0919957
      ],
      [
       121.2088912,
       14.0917512
      ],
      [
       121.2090092,
       14.0914702
      ],
      [
       121.2092184,
       14.0911996
      ],
      [
       121.2092184,
       14.0909655
      ],
      [
       121.2091111,
       14.0905181
      ],
      [
       121.2090092,
       14.090107
      ],
      [
       121.2092023,
       14.0898104
      ],
      [
       121.2094652,
       14.0896439
      ],
      [
       121.2095939,
       14.0894358
      ],
      [
       121.2095617,
       14.0892173
      ],
      [
       121.2095617,
       14.0888999
      ],
      [
       121.2095403,
       14.0885253
      ],
      [
       121.2094544,
       14.0881403
      ],
      [
       121.2095295,
       14.0876304
      ],
      [
       121.2096531,
       14.0872453
      ],
      [
       121.2096638,
       14.0869071
      ],
      [
       121.2099857,
       14.0863816
      ],
      [
       121.2101161,
       14.0861244
      ],
      [
       121.2103397,
       14.0858561
      ],
      [
       121.2111015,
       14.0855959
      ],
      [
       121.2116057,
       14.0854294
      ],
      [
       121.2123675,
       14.0849247
      ],
      [
       121.2125391,
       14.0846593
      ],
      [
       121.2128181,
       14.0844928
      ],
      [
       121.2133652,
       14.0843003
      ],
      [
       121.2136013,
       14.0841494
      ],
      [
       121.2136281,
       14.0840246
      ],
      [
       121.2137461,
       14.0839049
      ],
      [
       121.2140251,
       14.0838268
      ],
      [
       121.2142504,
       14.0838008
      ],
      [
       121.214422,
       14.0838372
      ],
      [
       121.2145937,
       14.0838737
      ],
      [
       121.214996,
       14.08378
      ],
      [
       121.2156988,
       14.0834418
      ],
      [
       121.2161011,
       14.0832129
      ],
      [
       121.2162942,
       14.0828174
      ],
      [
       121.216482,
       14.0825833
      ],
      [
       121.2168027,
       14.0824805
      ],
      [
       121.2170559,
       14.082422
      ],
      [
       121.2174576,
       14.0824056
      ],
      [
       121.2168718,
       14.0814602
      ],
      [
       121.2156364,
       14.0794133
      ],
      [
       121.213848,
       14.0765787
      ],
      [
       121.2131399,
       14.0753351
      ],
      [
       121.2124371,
       14.0737897
      ],
      [
       121.2111711,
       14.0713961
      ],
      [
       121.2102377,
       14.0700328
      ],
      [
       121.2093794,
       14.068862
      ],
      [
       121.2094038,
       14.0678233
      ],
      [
       121.2093746,
       14.0665302
      ],
      [
       121.2093436,
       14.0652605
      ],
      [
       121.209932,
       14.064949
      ],
      [
       121.210624,
       14.064452
      ],
      [
       121.2100902,
       14.0640146
      ],
      [
       121.2094883,
       14.0638047
      ],
      [
       121.2096909,
       14.0633327
      ],
      [
       121.2108245,
       14.0606968
      ],
      [
       121.2090431,
       14.0598267
      ],
      [
       121.2093506,
       14.0590705
      ],
      [
       121.209847,
       14.0577882
      ],
      [
       121.2103509,
       14.0535256
      ],
      [
       121.2098519,
       14.0489883
      ],
      [
       121.2107187,
       14.0418238
      ],
      [
       121.2108542,
       14.0392019
      ],
      [
       121.2109043,
       14.0382321
      ],
      [
       121.2119693,
       14.03573
      ],
      [
       121.2142402,
       14.0316367
      ],
      [
       121.2161183,
       14.0267707
      ],
      [
       121.2174145,
       14.0241822
      ],
      [
       121.2203957,
       14.0225445
      ],
      [
       121.221149,
       14.0219684
      ],
      [
       121.2212992,
       14.0215416
      ],
      [
       121.221267,
       14.021016
      ],
      [
       121.2218191,
       14.0204084
      ],
      [
       121.223567,
       14.0190479
      ],
      [
       121.22403,
       14.0183496
      ],
      [
       121.2254824,
       14.0160066
      ],
      [
       121.2264107,
       14.0113567
      ],
      [
       121.2217979,
       14.0028745
      ],
      [
       121.2214335,
       13.9997961
      ],
      [
       121.2209285,
       13.9977471
      ],
      [
       121.2208155,
       13.9954891
      ],
      [
       121.2211655,
       13.9933001
      ],
      [
       121.2217305,
       13.9913871
      ],
      [
       121.2229715,
       13.9893351
      ],
      [
       121.2237175,
       13.9886041
      ],
      [
       121.2255755,
       13.9905801
      ],
      [
       121.2267155,
       13.9904741
      ],
      [
       121.2277495,
       13.9906101
      ],
      [
       121.2284275,
       13.9910261
      ],
      [
       121.228895,
       13.9899242
      ],
      [
       121.2296305,
       13.9882091
      ],
      [
       121.2319705,
       13.9841391
      ],
      [
       121.225065,
       13.9820874
      ],
      [
       121.2199688,
       13.9796305
      ],
      [
       121.2191695,
       13.9798023
      ],
      [
       121.2184989,
       13.9803176
      ],
      [
       121.2184238,
       13.9805935
      ],
      [
       121.2185311,
       13.9807966
      ],
      [
       121.2185097,
       13.9809787
      ],
      [
       121.2181985,
       13.9812546
      ],
      [
       121.2176568,
       13.9816762
      ],
      [
       121.2173955,
       13.9816882
      ],
      [
       121.2171698,
       13.9815921
      ],
      [
       121.2170477,
       13.9815279
      ],
      [
       121.2169155,
       13.9815082
      ],
      [
       121.216768,
       13.9815723
      ],
      [
       121.216651,
       13.9816809
      ],
      [
       121.2165442,
       13.9817994
      ],
      [
       121.2164831,
       13.9819277
      ],
      [
       121.2164068,
       13.9820856
      ],
      [
       121.2163763,
       13.9822436
      ],
      [
       121.2163254,
       13.9823571
      ],
      [
       121.2161881,
       13.9824608
      ],
      [
       121.2155544,
       13.9827403
      ],
      [
       121.2148142,
       13.9831339
      ],
      [
       121.2142324,
       13.9835778
      ],
      [
       121.2138512,
       13.9837732
      ],
      [
       121.2136138,
       13.9837662
      ],
      [
       121.2133159,
       13.9837361
      ],
      [
       121.2129816,
       13.9838026
      ],
      [
       121.2128149,
       13.9840007
      ],
      [
       121.2128306,
       13.9842815
      ],
      [
       121.2128955,
       13.9844953
      ],
      [
       121.2128851,
       13.9847031
      ],
      [
       121.212748,
       13.9849607
      ],
      [
       121.2124019,
       13.9849918
      ],
      [
       121.2122463,
       13.9848697
      ],
      [
       121.2121955,
       13.9846796
      ],
      [
       121.2121496,
       13.9845003
      ],
      [
       121.2120238,
       13.9844869
      ],
      [
       121.2118947,
       13.9845392
      ],
      [
       121.2116185,
       13.9848804
      ],
      [
       121.2110251,
       13.9853563
      ],
      [
       121.2108411,
       13.9857155
      ],
      [
       121.2105786,
       13.9860068
      ],
      [
       121.2102549,
       13.9861064
      ],
      [
       121.2098511,
       13.9860777
      ],
      [
       121.2090189,
       13.9865937
      ],
      [
       121.2079485,
       13.9869332
      ],
      [
       121.2073491,
       13.9872162
      ],
      [
       121.2072264,
       13.9874804
      ],
      [
       121.2071695,
       13.9878716
      ],
      [
       121.2068631,
       13.9880405
      ],
      [
       121.2064174,
       13.9881014
      ],
      [
       121.2057585,
       13.988049
      ],
      [
       121.2051575,
       13.9879783
      ],
      [
       121.2049028,
       13.987941
      ],
      [
       121.2047214,
       13.9878333
      ],
      [
       121.2045354,
       13.9877796
      ],
      [
       121.204394,
       13.9878083
      ],
      [
       121.204297,
       13.987962
      ],
      [
       121.2043127,
       13.9881804
      ],
      [
       121.2043909,
       13.9883919
      ],
      [
       121.2044852,
       13.9888858
      ],
      [
       121.2044522,
       13.9890289
      ],
      [
       121.2042715,
       13.989152
      ],
      [
       121.2036467,
       13.9893852
      ],
      [
       121.2034544,
       13.9894896
      ],
      [
       121.203382,
       13.9895703
      ],
      [
       121.2033493,
       13.9896793
      ],
      [
       121.2034158,
       13.9899908
      ],
      [
       121.2035481,
       13.9902814
      ],
      [
       121.2036177,
       13.9906395
      ],
      [
       121.2035411,
       13.990822
      ],
      [
       121.2032695,
       13.9909909
      ],
      [
       121.2026358,
       13.9911463
      ],
      [
       121.2019777,
       13.9913119
      ],
      [
       121.2018919,
       13.9915406
      ],
      [
       121.2019412,
       13.9918655
      ],
      [
       121.2019313,
       13.9922382
      ],
      [
       121.2017984,
       13.9925105
      ],
      [
       121.2016605,
       13.9926539
      ],
      [
       121.2015078,
       13.9927136
      ],
      [
       121.2013847,
       13.9926587
      ],
      [
       121.2012025,
       13.9925488
      ],
      [
       121.2010646,
       13.9924652
      ],
      [
       121.2009926,
       13.9924962
      ],
      [
       121.2009697,
       13.9925656
      ],
      [
       121.2009648,
       13.9926576
      ],
      [
       121.2009996,
       13.9928637
      ],
      [
       121.2010983,
       13.9932827
      ],
      [
       121.2010262,
       13.9934103
      ],
      [
       121.2009017,
       13.9934805
      ],
      [
       121.2007723,
       13.9934553
      ],
      [
       121.2006909,
       13.9934766
      ],
      [
       121.2005895,
       13.9935376
      ],
      [
       121.2004553,
       13.9935781
      ],
      [
       121.2003016,
       13.9936226
      ],
      [
       121.2002518,
       13.9936716
      ],
      [
       121.2001738,
       13.9938034
      ],
      [
       121.2000363,
       13.9938488
      ],
      [
       121.1998421,
       13.9938212
      ],
      [
       121.1995896,
       13.9937773
      ],
      [
       121.1994452,
       13.9937947
      ],
      [
       121.1993959,
       13.9938635
      ],
      [
       121.1994081,
       13.993985
      ],
      [
       121.1995057,
       13.9946381
      ],
      [
       121.1994713,
       13.9949307
      ],
      [
       121.199347,
       13.9950826
      ],
      [
       121.1992041,
       13.9951451
      ],
      [
       121.1988271,
       13.995116
      ],
      [
       121.1983971,
       13.9952881
      ],
      [
       121.197998,
       13.9957357
      ],
      [
       121.197542,
       13.9960442
      ],
      [
       121.1975211,
       13.9969226
      ],
      [
       121.1975281,
       13.9973618
      ],
      [
       121.1976325,
       13.9976997
      ],
      [
       121.197651,
       13.9979294
      ],
      [
       121.1969745,
       13.9985936
      ],
      [
       121.1966888,
       13.998866
      ],
      [
       121.1965671,
       13.9991425
      ],
      [
       121.1964661,
       13.999633
      ],
      [
       121.1964339,
       14.0002592
      ],
      [
       121.1962467,
       14.0004533
      ],
      [
       121.1961886,
       14.000948
      ],
      [
       121.1963435,
       14.0013551
      ],
      [
       121.1966727,
       14.0018561
      ],
      [
       121.1969442,
       14.0021179
      ],
      [
       121.1971097,
       14.0023512
      ],
      [
       121.1971097,
       14.0025195
      ],
      [
       121.1969318,
       14.0025859
      ],
      [
       121.1967416,
       14.0027484
      ],
      [
       121.1964343,
       14.0033033
      ],
      [
       121.1962016,
       14.0038191
      ],
      [
       121.1959259,
       14.0042066
      ],
      [
       121.1958848,
       14.0044147
      ],
      [
       121.1958483,
       14.0046051
      ],
      [
       121.1956619,
       14.00484
      ],
      [
       121.1953038,
       14.0050976
      ],
      [
       121.1948585,
       14.0053794
      ],
      [
       121.1947165,
       14.0055547
      ],
      [
       121.1946843,
       14.0057739
      ],
      [
       121.1948262,
       14.0066568
      ],
      [
       121.1946513,
       14.0076077
      ],
      [
       121.1941171,
       14.00945
      ],
      [
       121.1937246,
       14.0104717
      ],
      [
       121.193278,
       14.0111053
      ],
      [
       121.1927691,
       14.0116294
      ],
      [
       121.1926077,
       14.0118423
      ],
      [
       121.1926464,
       14.012049
      ],
      [
       121.1928336,
       14.0123433
      ],
      [
       121.1927041,
       14.012592
      ],
      [
       121.1923427,
       14.0131243
      ],
      [
       121.1916345,
       14.013527
      ],
      [
       121.1914611,
       14.0139079
      ],
      [
       121.191514,
       14.0142876
      ],
      [
       121.1913496,
       14.014864
      ],
      [
       121.1912655,
       14.015158
      ],
      [
       121.1909169,
       14.0153458
      ],
      [
       121.1906136,
       14.0159469
      ],
      [
       121.1905749,
       14.0164667
      ],
      [
       121.1904785,
       14.0171815
      ],
      [
       121.1899489,
       14.0184601
      ],
      [
       121.1894011,
       14.0196792
      ],
      [
       121.1889946,
       14.0203987
      ],
      [
       121.1884364,
       14.0207562
      ],
      [
       121.1876923,
       14.0211699
      ],
      [
       121.1875005,
       14.0213719
      ],
      [
       121.1873364,
       14.021888
      ],
      [
       121.1872632,
       14.0221821
      ],
      [
       121.1873453,
       14.0223874
      ],
      [
       121.187582,
       14.0226879
      ],
      [
       121.1876337,
       14.0228116
      ],
      [
       121.1876188,
       14.0229318
      ],
      [
       121.1874202,
       14.0233815
      ],
      [
       121.187329,
       14.0235623
      ],
      [
       121.1871922,
       14.0236443
      ],
      [
       121.1869722,
       14.0237427
      ],
      [
       121.1867443,
       14.0237354
      ],
      [
       121.1864492,
       14.0238369
      ],
      [
       121.1863446,
       14.0239409
      ],
      [
       121.1863312,
       14.0240893
      ],
      [
       121.1863111,
       14.0242571
      ],
      [
       121.1863473,
       14.0243742
      ],
      [
       121.1864385,
       14.0244484
      ],
      [
       121.1866195,
       14.024611
      ],
      [
       121.1867389,
       14.0248856
      ],
      [
       121.1867362,
       14.025151
      ],
      [
       121.1864734,
       14.0253696
      ],
      [
       121.1860523,
       14.0255465
      ],
      [
       121.1856756,
       14.0258408
      ],
      [
       121.185662,
       14.0261478
      ],
      [
       121.1859541,
       14.0268573
      ],
      [
       121.1859736,
       14.0276989
      ],
      [
       121.1859834,
       14.0282758
      ],
      [
       121.1858469,
       14.0285027
      ],
      [
       121.185535,
       14.02855
      ],
      [
       121.1847484,
       14.0290293
      ],
      [
       121.1843951,
       14.0294903
      ],
      [
       121.183857,
       14.0298672
      ],
      [
       121.1838409,
       14.0300311
      ],
      [
       121.1841283,
       14.0310427
      ],
      [
       121.1839616,
       14.0313633
      ],
      [
       121.1838356,
       14.0321261
      ],
      [
       121.1837535,
       14.0323297
      ],
      [
       121.1835892,
       14.0325599
      ],
      [
       121.1829041,
       14.03291
      ],
      [
       121.18243,
       14.0333056
      ],
      [
       121.182037,
       14.0333141
      ],
      [
       121.1818385,
       14.0332256
      ],
      [
       121.1816427,
       14.0332699
      ],
      [
       121.1815488,
       14.0333818
      ],
      [
       121.1815488,
       14.0335197
      ],
      [
       121.1814201,
       14.0335847
      ],
      [
       121.1807138,
       14.0338076
      ],
      [
       121.1804593,
       14.0338599
      ],
      [
       121.1803794,
       14.0340661
      ],
      [
       121.1803454,
       14.0343709
      ],
      [
       121.1803364,
       14.0351275
      ],
      [
       121.1804247,
       14.0358866
      ],
      [
       121.1802324,
       14.0363531
      ],
      [
       121.1802015,
       14.0365741
      ],
      [
       121.1802906,
       14.0370718
      ],
      [
       121.1801552,
       14.0373577
      ],
      [
       121.1798262,
       14.0377049
      ],
      [
       121.1796847,
       14.0380225
      ],
      [
       121.1796673,
       14.0382187
      ],
      [
       121.1797867,
       14.038489
      ],
      [
       121.179769,
       14.0387875
      ],
      [
       121.179796,
       14.0389649
      ],
      [
       121.1801315,
       14.0395748
      ],
      [
       121.1804156,
       14.0400217
      ],
      [
       121.180409,
       14.0404839
      ],
      [
       121.1802331,
       14.0413235
      ],
      [
       121.1799139,
       14.0421099
      ],
      [
       121.1796187,
       14.042572
      ],
      [
       121.179724,
       14.0429086
      ],
      [
       121.1794802,
       14.0431189
      ],
      [
       121.179339,
       14.043383
      ],
      [
       121.1792744,
       14.0437319
      ],
      [
       121.1794709,
       14.0440544
      ],
      [
       121.1796981,
       14.0443471
      ],
      [
       121.1800908,
       14.0447999
      ],
      [
       121.1802023,
       14.0454676
      ],
      [
       121.1802832,
       14.0460621
      ],
      [
       121.1803045,
       14.0465401
      ],
      [
       121.180121,
       14.0468173
      ],
      [
       121.1798538,
       14.0473691
      ],
      [
       121.1798061,
       14.0475497
      ],
      [
       121.1796267,
       14.0476953
      ],
      [
       121.1793504,
       14.0477942
      ],
      [
       121.1790551,
       14.047853
      ],
      [
       121.1788218,
       14.0479095
      ],
      [
       121.1786088,
       14.0480115
      ],
      [
       121.1783513,
       14.0481965
      ],
      [
       121.1782003,
       14.0483182
      ],
      [
       121.1780946,
       14.0484127
      ],
      [
       121.1778983,
       14.0484088
      ],
      [
       121.1776928,
       14.0483677
      ],
      [
       121.1773597,
       14.0483039
      ],
      [
       121.1771304,
       14.0482761
      ],
      [
       121.1770158,
       14.0482894
      ],
      [
       121.176794,
       14.0484228
      ],
      [
       121.1765497,
       14.0485756
      ],
      [
       121.1761597,
       14.0487944
      ],
      [
       121.1758378,
       14.0489883
      ],
      [
       121.1754838,
       14.0491418
      ],
      [
       121.1751209,
       14.0492786
      ],
      [
       121.1749269,
       14.0493752
      ],
      [
       121.1747775,
       14.0494366
      ],
      [
       121.1745834,
       14.0494761
      ],
      [
       121.1744696,
       14.0495547
      ],
      [
       121.1743471,
       14.0496827
      ],
      [
       121.1741451,
       14.0500179
      ],
      [
       121.1740126,
       14.0503288
      ],
      [
       121.1739343,
       14.0506241
      ],
      [
       121.1738449,
       14.050954
      ],
      [
       121.173628,
       14.0512272
      ],
      [
       121.1734935,
       14.051425
      ],
      [
       121.1732868,
       14.051592
      ],
      [
       121.1732666,
       14.051616
      ],
      [
       121.1732367,
       14.0517527
      ],
      [
       121.173236,
       14.0518829
      ],
      [
       121.1731712,
       14.0520802
      ],
      [
       121.173128,
       14.0522589
      ],
      [
       121.1731028,
       14.0524952
      ],
      [
       121.1730505,
       14.0526479
      ],
      [
       121.1729284,
       14.0527775
      ],
      [
       121.1727541,
       14.0528696
      ],
      [
       121.1726468,
       14.0530468
      ],
      [
       121.1726428,
       14.0531907
      ],
      [
       121.172724,
       14.0532568
      ],
      [
       121.1729038,
       14.0533489
      ],
      [
       121.1730405,
       14.0534537
      ],
      [
       121.1730642,
       14.0535438
      ],
      [
       121.1730376,
       14.0536471
      ],
      [
       121.1729477,
       14.0537009
      ],
      [
       121.1727745,
       14.0537496
      ],
      [
       121.1727093,
       14.0538172
      ],
      [
       121.1726715,
       14.0539083
      ],
      [
       121.1727267,
       14.0539915
      ],
      [
       121.1727109,
       14.0541276
      ],
      [
       121.1728209,
       14.0542666
      ],
      [
       121.1729274,
       14.0544409
      ],
      [
       121.1730381,
       14.0545309
      ],
      [
       121.1731926,
       14.0545733
      ],
      [
       121.173379,
       14.0546142
      ],
      [
       121.1734708,
       14.0547339
      ],
      [
       121.1734667,
       14.05487
      ],
      [
       121.1733603,
       14.054986
      ],
      [
       121.1732329,
       14.0551203
      ],
      [
       121.1732047,
       14.0552579
      ],
      [
       121.1732396,
       14.055387
      ],
      [
       121.1733656,
       14.0555628
      ],
      [
       121.1734034,
       14.0557687
      ],
      [
       121.1732897,
       14.0560884
      ],
      [
       121.1731167,
       14.05637
      ],
      [
       121.1729587,
       14.0565979
      ],
      [
       121.172922,
       14.0568898
      ],
      [
       121.1729424,
       14.0571997
      ],
      [
       121.1728785,
       14.0574078
      ],
      [
       121.1726924,
       14.0575608
      ],
      [
       121.172455,
       14.0578673
      ],
      [
       121.1722611,
       14.0581254
      ],
      [
       121.1721356,
       14.058235
      ],
      [
       121.1720031,
       14.0583034
      ],
      [
       121.1719164,
       14.0582836
      ],
      [
       121.1718609,
       14.0582084
      ],
      [
       121.171825,
       14.058031
      ],
      [
       121.1718003,
       14.0578275
      ],
      [
       121.1717255,
       14.0576803
      ],
      [
       121.1716394,
       14.0575575
      ],
      [
       121.1715385,
       14.0575494
      ],
      [
       121.1714591,
       14.0575934
      ],
      [
       121.1714055,
       14.0576712
      ],
      [
       121.1714044,
       14.0578241
      ],
      [
       121.171443,
       14.0579553
      ],
      [
       121.171524,
       14.0580859
      ],
      [
       121.1715093,
       14.0582888
      ],
      [
       121.1714774,
       14.0584481
      ],
      [
       121.1713947,
       14.0585298
      ],
      [
       121.1713357,
       14.0585324
      ],
      [
       121.171237,
       14.0584543
      ],
      [
       121.1711592,
       14.058337
      ],
      [
       121.1710337,
       14.0581889
      ],
      [
       121.1709669,
       14.0580365
      ],
      [
       121.1709227,
       14.0578879
      ],
      [
       121.1708132,
       14.0578439
      ],
      [
       121.1706773,
       14.0578522
      ],
      [
       121.1705064,
       14.0579287
      ],
      [
       121.170342,
       14.0580203
      ],
      [
       121.1701741,
       14.0580344
      ],
      [
       121.1699614,
       14.0580255
      ],
      [
       121.1697535,
       14.058108
      ],
      [
       121.1694467,
       14.0581941
      ],
      [
       121.1691959,
       14.0583427
      ],
      [
       121.1690524,
       14.0585027
      ],
      [
       121.1689802,
       14.0586708
      ],
      [
       121.168914,
       14.0588834
      ],
      [
       121.1687847,
       14.0590619
      ],
      [
       121.1686305,
       14.0593481
      ],
      [
       121.1685162,
       14.0595388
      ],
      [
       121.1684561,
       14.0597355
      ],
      [
       121.1683716,
       14.0598908
      ],
      [
       121.1682504,
       14.0600326
      ],
      [
       121.1680972,
       14.06008
      ],
      [
       121.1679529,
       14.0600977
      ],
      [
       121.1678127,
       14.0600591
      ],
      [
       121.1677115,
       14.0599444
      ],
      [
       121.1676067,
       14.0597472
      ],
      [
       121.1675021,
       14.0596546
      ],
      [
       121.1674133,
       14.0596499
      ],
      [
       121.1673258,
       14.0597342
      ],
      [
       121.1672456,
       14.0599002
      ],
      [
       121.1672271,
       14.0600969
      ],
      [
       121.1672312,
       14.0602371
      ],
      [
       121.1671976,
       14.0603787
      ],
      [
       121.1671349,
       14.060465
      ],
      [
       121.1669916,
       14.0605421
      ],
      [
       121.1667172,
       14.0606305
      ],
      [
       121.1664893,
       14.060682
      ],
      [
       121.1663452,
       14.0607588
      ],
      [
       121.1663162,
       14.0608949
      ],
      [
       121.1662661,
       14.0610681
      ],
      [
       121.1662189,
       14.0612008
      ],
      [
       121.1661883,
       14.0613125
      ],
      [
       121.1660976,
       14.0613648
      ],
      [
       121.1659944,
       14.0614855
      ],
      [
       121.1658836,
       14.0617561
      ],
      [
       121.16572,
       14.0622447
      ],
      [
       121.1656851,
       14.0625667
      ],
      [
       121.1656878,
       14.0626294
      ],
      [
       121.1656924,
       14.0627156
      ],
      [
       121.1656315,
       14.0629531
      ],
      [
       121.165558,
       14.0631157
      ],
      [
       121.1654196,
       14.0632401
      ],
      [
       121.1653901,
       14.0633361
      ],
      [
       121.165418,
       14.0634129
      ],
      [
       121.1655156,
       14.0634386
      ],
      [
       121.165662,
       14.0634071
      ],
      [
       121.165808,
       14.0634103
      ],
      [
       121.1659252,
       14.0634394
      ],
      [
       121.1660121,
       14.0635424
      ],
      [
       121.1660207,
       14.063665
      ],
      [
       121.1659796,
       14.063743
      ],
      [
       121.1658573,
       14.0638208
      ],
      [
       121.1656604,
       14.0638828
      ],
      [
       121.1653131,
       14.0639457
      ],
      [
       121.1650457,
       14.0639965
      ],
      [
       121.1649046,
       14.0640672
      ],
      [
       121.1648365,
       14.0641747
      ],
      [
       121.164819,
       14.0643087
      ],
      [
       121.164856,
       14.064535
      ],
      [
       121.1649269,
       14.0647122
      ],
      [
       121.1648931,
       14.0648322
      ],
      [
       121.1647997,
       14.0648761
      ],
      [
       121.1646173,
       14.0648977
      ],
      [
       121.1644867,
       14.0650247
      ],
      [
       121.1644481,
       14.0651701
      ],
      [
       121.1644601,
       14.0653002
      ],
      [
       121.1644325,
       14.0653783
      ],
      [
       121.1643706,
       14.0654147
      ],
      [
       121.1642979,
       14.0653538
      ],
      [
       121.1641976,
       14.0652875
      ],
      [
       121.1640664,
       14.0652045
      ],
      [
       121.1638207,
       14.0651413
      ],
      [
       121.1635318,
       14.065136
      ],
      [
       121.1633175,
       14.0652003
      ],
      [
       121.1631842,
       14.0653145
      ],
      [
       121.1631158,
       14.0654178
      ],
      [
       121.1631118,
       14.0654896
      ],
      [
       121.1631738,
       14.065544
      ],
      [
       121.1632859,
       14.0655708
      ],
      [
       121.1634307,
       14.0655742
      ],
      [
       121.1636885,
       14.0655885
      ],
      [
       121.1638693,
       14.0656613
      ],
      [
       121.1639757,
       14.0657667
      ],
      [
       121.163983,
       14.0658945
      ],
      [
       121.1638929,
       14.0660724
      ],
      [
       121.1637067,
       14.0662202
      ],
      [
       121.1635621,
       14.0663841
      ],
      [
       121.1634573,
       14.0665322
      ],
      [
       121.1632966,
       14.0666022
      ],
      [
       121.1630697,
       14.0667364
      ],
      [
       121.1630045,
       14.0668259
      ],
      [
       121.1629863,
       14.066918
      ],
      [
       121.1630198,
       14.0670091
      ],
      [
       121.1632969,
       14.0672508
      ],
      [
       121.1633953,
       14.067326
      ],
      [
       121.1633924,
       14.0674568
      ],
      [
       121.1632609,
       14.0675963
      ],
      [
       121.163173,
       14.0677537
      ],
      [
       121.1631874,
       14.0678942
      ],
      [
       121.1633036,
       14.0681086
      ],
      [
       121.1633374,
       14.0682512
      ],
      [
       121.1632609,
       14.0683898
      ],
      [
       121.1632011,
       14.0685592
      ],
      [
       121.163233,
       14.068732
      ],
      [
       121.1633671,
       14.0688561
      ],
      [
       121.1635699,
       14.0689315
      ],
      [
       121.1636469,
       14.0689617
      ],
      [
       121.1636429,
       14.0690371
      ],
      [
       121.1636257,
       14.0691293
      ],
      [
       121.1636367,
       14.0693119
      ],
      [
       121.1637019,
       14.0695609
      ],
      [
       121.163855,
       14.0698255
      ],
      [
       121.1640315,
       14.0700185
      ],
      [
       121.1640731,
       14.0701335
      ],
      [
       121.1640771,
       14.0702222
      ],
      [
       121.1639492,
       14.0703448
      ],
      [
       121.1637655,
       14.0704884
      ],
      [
       121.1635337,
       14.0706151
      ],
      [
       121.1633135,
       14.0706562
      ],
      [
       121.1631925,
       14.0707179
      ],
      [
       121.1631381,
       14.07083
      ],
      [
       121.1631625,
       14.0709135
      ],
      [
       121.1632,
       14.0710236
      ],
      [
       121.1631603,
       14.0710915
      ],
      [
       121.1629168,
       14.0712283
      ],
      [
       121.1628084,
       14.0713782
      ],
      [
       121.1627427,
       14.0714864
      ],
      [
       121.1625767,
       14.0715403
      ],
      [
       121.1622631,
       14.0716025
      ],
      [
       121.1620252,
       14.0716298
      ],
      [
       121.1619024,
       14.0717237
      ],
      [
       121.1618278,
       14.0718905
      ],
      [
       121.1619075,
       14.0720526
      ],
      [
       121.161926,
       14.0722105
      ],
      [
       121.1619193,
       14.0723736
      ],
      [
       121.1618158,
       14.072504
      ],
      [
       121.1615644,
       14.0726486
      ],
      [
       121.1613582,
       14.0728037
      ],
      [
       121.1611951,
       14.0729988
      ],
      [
       121.1611487,
       14.073152
      ],
      [
       121.1610481,
       14.0733503
      ],
      [
       121.1608405,
       14.0734669
      ],
      [
       121.1607193,
       14.0735574
      ],
      [
       121.1604669,
       14.0736276
      ],
      [
       121.1602614,
       14.0737642
      ],
      [
       121.1600688,
       14.073868
      ],
      [
       121.1599184,
       14.0738488
      ],
      [
       121.1597727,
       14.0738641
      ],
      [
       121.1596115,
       14.0739206
      ],
      [
       121.1593449,
       14.0740382
      ],
      [
       121.1591915,
       14.0740498
      ],
      [
       121.1588944,
       14.0741002
      ],
      [
       121.1588292,
       14.0741892
      ],
      [
       121.1588357,
       14.0743429
      ],
      [
       121.1588987,
       14.0745305
      ],
      [
       121.1588995,
       14.0747566
      ],
      [
       121.1588345,
       14.0750973
      ],
      [
       121.1586591,
       14.0752243
      ],
      [
       121.1585759,
       14.075479
      ],
      [
       121.1585051,
       14.075818
      ],
      [
       121.158441,
       14.076215
      ],
      [
       121.1583155,
       14.0765465
      ],
      [
       121.1583165,
       14.0767569
      ],
      [
       121.1583742,
       14.0769242
      ],
      [
       121.1585266,
       14.0770819
      ],
      [
       121.1587025,
       14.077316
      ],
      [
       121.1587283,
       14.0775478
      ],
      [
       121.1585912,
       14.0780505
      ],
      [
       121.1583911,
       14.0785505
      ],
      [
       121.1582214,
       14.0789346
      ],
      [
       121.1581151,
       14.0790279
      ],
      [
       121.1579582,
       14.0790209
      ],
      [
       121.1577911,
       14.078908
      ],
      [
       121.1576476,
       14.0788723
      ],
      [
       121.1575154,
       14.0789075
      ],
      [
       121.1574636,
       14.0790011
      ],
      [
       121.1573915,
       14.0790464
      ],
      [
       121.1573137,
       14.0791231
      ],
      [
       121.1573617,
       14.0792179
      ],
      [
       121.1574331,
       14.0793276
      ],
      [
       121.1574625,
       14.0793531
      ],
      [
       121.1576894,
       14.0795269
      ],
      [
       121.1576924,
       14.079528
      ],
      [
       121.1578233,
       14.0795745
      ],
      [
       121.1579113,
       14.0796057
      ],
      [
       121.1579221,
       14.0796077
      ],
      [
       121.1581704,
       14.0796526
      ],
      [
       121.1582999,
       14.0796955
      ],
      [
       121.1583157,
       14.0797007
      ],
      [
       121.1584053,
       14.0797585
      ],
      [
       121.1584182,
       14.0798635
      ],
      [
       121.1584182,
       14.0798638
      ],
      [
       121.1583809,
       14.0799676
      ],
      [
       121.1582766,
       14.08001
      ],
      [
       121.1582663,
       14.0800088
      ],
      [
       121.1580896,
       14.0799877
      ],
      [
       121.1579131,
       14.0800256
      ],
      [
       121.1579056,
       14.0800306
      ],
      [
       121.1577214,
       14.0801531
      ],
      [
       121.1576003,
       14.0803305
      ],
      [
       121.1575966,
       14.080336
      ],
      [
       121.1575119,
       14.080532
      ],
      [
       121.1575033,
       14.080552
      ],
      [
       121.1574658,
       14.0807049
      ],
      [
       121.1573856,
       14.0808103
      ],
      [
       121.1573851,
       14.0808105
      ],
      [
       121.157289,
       14.0808506
      ],
      [
       121.1571803,
       14.0808454
      ],
      [
       121.1570716,
       14.0808342
      ],
      [
       121.1569701,
       14.0808243
      ],
      [
       121.1568813,
       14.0808483
      ],
      [
       121.1567747,
       14.080927
      ],
      [
       121.1567345,
       14.0810386
      ],
      [
       121.1567338,
       14.0810395
      ],
      [
       121.156718,
       14.0811626
      ],
      [
       121.1567535,
       14.0812662
      ],
      [
       121.1567547,
       14.0812697
      ],
      [
       121.1568636,
       14.0813265
      ],
      [
       121.1568644,
       14.081327
      ],
      [
       121.1569945,
       14.0814128
      ],
      [
       121.157075,
       14.0814781
      ],
      [
       121.157091,
       14.0816834
      ],
      [
       121.1570901,
       14.0816915
      ],
      [
       121.1570672,
       14.0818928
      ],
      [
       121.1569333,
       14.0819596
      ],
      [
       121.1569253,
       14.0819636
      ],
      [
       121.1567968,
       14.0820435
      ],
      [
       121.1566802,
       14.0822118
      ],
      [
       121.1566732,
       14.0822219
      ],
      [
       121.1565455,
       14.0823216
      ],
      [
       121.1564741,
       14.082327
      ],
      [
       121.1564656,
       14.0823154
      ],
      [
       121.1564232,
       14.0822573
      ],
      [
       121.1564164,
       14.0821167
      ],
      [
       121.1564162,
       14.0821124
      ],
      [
       121.1563207,
       14.0820289
      ],
      [
       121.1561494,
       14.0819929
      ],
      [
       121.1561373,
       14.0819904
      ],
      [
       121.1559581,
       14.0820305
      ],
      [
       121.1559458,
       14.0820332
      ],
      [
       121.1556864,
       14.0820892
      ],
      [
       121.1555968,
       14.0821309
      ],
      [
       121.1555928,
       14.0821411
      ],
      [
       121.1555493,
       14.0822516
      ],
      [
       121.1555188,
       14.082349
      ],
      [
       121.1555107,
       14.0823749
      ],
      [
       121.1555705,
       14.0824738
      ],
      [
       121.1556526,
       14.0825568
      ],
      [
       121.1556745,
       14.0825588
      ],
      [
       121.1557835,
       14.0825685
      ],
      [
       121.155937,
       14.0825302
      ],
      [
       121.155972,
       14.0825214
      ],
      [
       121.1561189,
       14.082491
      ],
      [
       121.1561493,
       14.0824847
      ],
      [
       121.1563263,
       14.0825476
      ],
      [
       121.1563301,
       14.082549
      ],
      [
       121.1565074,
       14.0826273
      ],
      [
       121.1566003,
       14.0827216
      ],
      [
       121.1566048,
       14.0827261
      ],
      [
       121.1566466,
       14.0829691
      ],
      [
       121.156646,
       14.082977
      ],
      [
       121.1566302,
       14.0832012
      ],
      [
       121.1565471,
       14.083414
      ],
      [
       121.1565276,
       14.0834463
      ],
      [
       121.1564521,
       14.0835714
      ],
      [
       121.1562859,
       14.0837342
      ],
      [
       121.1561048,
       14.0838001
      ],
      [
       121.1560181,
       14.083804
      ],
      [
       121.1560133,
       14.0838042
      ],
      [
       121.1559291,
       14.0837194
      ],
      [
       121.1558798,
       14.0835618
      ],
      [
       121.1558672,
       14.0835217
      ],
      [
       121.155843,
       14.0833245
      ],
      [
       121.155805,
       14.0831495
      ],
      [
       121.1558038,
       14.083144
      ],
      [
       121.1556437,
       14.0830906
      ],
      [
       121.1554976,
       14.0831387
      ],
      [
       121.155464,
       14.0831497
      ],
      [
       121.1553707,
       14.0831979
      ],
      [
       121.1553578,
       14.0832046
      ],
      [
       121.1552722,
       14.0833193
      ],
      [
       121.1552199,
       14.0834377
      ],
      [
       121.1552251,
       14.0834521
      ],
      [
       121.1552602,
       14.0835503
      ],
      [
       121.1553307,
       14.0836832
      ],
      [
       121.1553349,
       14.0836952
      ],
      [
       121.1554002,
       14.0838646
      ],
      [
       121.1553718,
       14.083971
      ],
      [
       121.155287,
       14.0840342
      ],
      [
       121.1551059,
       14.08406
      ],
      [
       121.1549917,
       14.0841109
      ],
      [
       121.1548961,
       14.0841542
      ],
      [
       121.15489,
       14.084157
      ],
      [
       121.1548353,
       14.0841836
      ],
      [
       121.1547894,
       14.0842059
      ],
      [
       121.1546727,
       14.084291
      ],
      [
       121.1546709,
       14.0842923
      ],
      [
       121.154592,
       14.0843909
      ],
      [
       121.1545919,
       14.0844329
      ],
      [
       121.1545918,
       14.0845256
      ],
      [
       121.1546685,
       14.0846131
      ],
      [
       121.1548361,
       14.0846646
      ],
      [
       121.1549606,
       14.0847639
      ],
      [
       121.1549707,
       14.0847718
      ],
      [
       121.1551816,
       14.0849367
      ],
      [
       121.1553201,
       14.0850556
      ],
      [
       121.1553256,
       14.0850603
      ],
      [
       121.1555418,
       14.0851873
      ],
      [
       121.1557168,
       14.0852624
      ],
      [
       121.1557677,
       14.0852843
      ],
      [
       121.1558881,
       14.0853379
      ],
      [
       121.1559804,
       14.0855014
      ],
      [
       121.1559817,
       14.0855036
      ],
      [
       121.155931,
       14.0858163
      ],
      [
       121.1558285,
       14.0859519
      ],
      [
       121.1556563,
       14.0858987
      ],
      [
       121.1556515,
       14.0858972
      ],
      [
       121.1555174,
       14.0858387
      ],
      [
       121.1553533,
       14.0858283
      ],
      [
       121.1551803,
       14.0858954
      ],
      [
       121.1551369,
       14.085921
      ],
      [
       121.1550292,
       14.0859846
      ],
      [
       121.1550105,
       14.0859858
      ],
      [
       121.1549174,
       14.0859919
      ],
      [
       121.1547782,
       14.0859768
      ],
      [
       121.1547715,
       14.0859778
      ],
      [
       121.1546267,
       14.0860002
      ],
      [
       121.1545194,
       14.0860681
      ],
      [
       121.1543884,
       14.0861659
      ],
      [
       121.1542701,
       14.0863697
      ],
      [
       121.1541639,
       14.0865523
      ],
      [
       121.1539834,
       14.0868273
      ],
      [
       121.1537265,
       14.0872321
      ],
      [
       121.1536495,
       14.087396
      ],
      [
       121.1536702,
       14.0875612
      ],
      [
       121.1537327,
       14.0877552
      ],
      [
       121.1537544,
       14.087928
      ],
      [
       121.1536935,
       14.0880393
      ],
      [
       121.1536219,
       14.0881616
      ],
      [
       121.153499,
       14.0881962
      ],
      [
       121.1532885,
       14.0881431
      ],
      [
       121.1527343,
       14.087973
      ],
      [
       121.1525584,
       14.0878473
      ],
      [
       121.1524841,
       14.0876853
      ],
      [
       121.1524229,
       14.0874777
      ],
      [
       121.1523489,
       14.0874189
      ],
      [
       121.1521971,
       14.0874763
      ],
      [
       121.1520935,
       14.0875086
      ],
      [
       121.152007,
       14.0876043
      ],
      [
       121.1519895,
       14.0876928
      ],
      [
       121.1519989,
       14.087828
      ],
      [
       121.152062,
       14.0879269
      ],
      [
       121.1520526,
       14.0880596
      ],
      [
       121.1519654,
       14.0882625
      ],
      [
       121.1518112,
       14.0884121
      ],
      [
       121.1517119,
       14.088507
      ],
      [
       121.151661,
       14.0885916
      ],
      [
       121.1515255,
       14.0887126
      ],
      [
       121.1514263,
       14.0888778
      ],
      [
       121.1513485,
       14.0889701
      ],
      [
       121.1512694,
       14.0890612
      ],
      [
       121.1511889,
       14.0891873
      ],
      [
       121.1511205,
       14.0893109
      ],
      [
       121.1510508,
       14.0894332
      ],
      [
       121.1510602,
       14.0898403
      ],
      [
       121.1510105,
       14.0902227
      ],
      [
       121.1509636,
       14.090427
      ],
      [
       121.1507608,
       14.090715
      ],
      [
       121.1506632,
       14.090758
      ],
      [
       121.1505706,
       14.0907593
      ],
      [
       121.1504674,
       14.0907144
      ],
      [
       121.1503668,
       14.0906559
      ],
      [
       121.1502287,
       14.0905778
      ],
      [
       121.1500946,
       14.0905739
      ],
      [
       121.1499585,
       14.0906336
      ],
      [
       121.1498921,
       14.0907678
      ],
      [
       121.1499135,
       14.0908419
      ],
      [
       121.1499601,
       14.0909632
      ],
      [
       121.1499739,
       14.09105
      ],
      [
       121.1499245,
       14.0911583
      ],
      [
       121.1498027,
       14.0911952
      ],
      [
       121.1496533,
       14.0911776
      ],
      [
       121.1495106,
       14.0911564
      ],
      [
       121.1492977,
       14.0911461
      ],
      [
       121.1489646,
       14.0911706
      ],
      [
       121.1486638,
       14.0912285
      ],
      [
       121.1484694,
       14.0912866
      ],
      [
       121.1483296,
       14.0913365
      ],
      [
       121.1482151,
       14.091477
      ],
      [
       121.1479847,
       14.0918534
      ],
      [
       121.1479211,
       14.091901
      ],
      [
       121.1477757,
       14.091946
      ],
      [
       121.1475904,
       14.0920384
      ],
      [
       121.1474402,
       14.0921664
      ],
      [
       121.1472583,
       14.0924775
      ],
      [
       121.1470955,
       14.0928737
      ],
      [
       121.1469917,
       14.0930038
      ],
      [
       121.1468405,
       14.0931331
      ],
      [
       121.1466473,
       14.0932286
      ],
      [
       121.146503,
       14.0932286
      ],
      [
       121.1463392,
       14.0932012
      ],
      [
       121.1462365,
       14.0931971
      ],
      [
       121.1460948,
       14.0932429
      ],
      [
       121.1459886,
       14.0933243
      ],
      [
       121.1459081,
       14.0934174
      ],
      [
       121.1458566,
       14.0934773
      ],
      [
       121.1457367,
       14.0935402
      ],
      [
       121.1455927,
       14.093566
      ],
      [
       121.1454532,
       14.093591
      ],
      [
       121.1453095,
       14.0936417
      ],
      [
       121.1451845,
       14.0937254
      ],
      [
       121.145133,
       14.0938316
      ],
      [
       121.144983,
       14.0940322
      ],
      [
       121.1447532,
       14.0942538
      ],
      [
       121.1444388,
       14.0944614
      ],
      [
       121.1439321,
       14.0947395
      ],
      [
       121.1437752,
       14.0948407
      ],
      [
       121.1436588,
       14.0949016
      ],
      [
       121.1435671,
       14.0949242
      ],
      [
       121.1434885,
       14.0949794
      ],
      [
       121.1434013,
       14.0951453
      ],
      [
       121.1434083,
       14.095226
      ],
      [
       121.1434485,
       14.09533
      ],
      [
       121.143326,
       14.0954632
      ],
      [
       121.1431894,
       14.0955454
      ],
      [
       121.1430186,
       14.0956979
      ],
      [
       121.142911,
       14.095887
      ],
      [
       121.1428083,
       14.0961648
      ],
      [
       121.142774,
       14.0964624
      ],
      [
       121.142627,
       14.0969466
      ],
      [
       121.1425151,
       14.0972965
      ],
      [
       121.1423826,
       14.0975366
      ],
      [
       121.1422407,
       14.0977244
      ],
      [
       121.142068,
       14.0978833
      ],
      [
       121.1419532,
       14.0980449
      ],
      [
       121.1419025,
       14.0983243
      ],
      [
       121.1418424,
       14.0985555
      ],
      [
       121.1416552,
       14.098786
      ],
      [
       121.141465,
       14.0989718
      ],
      [
       121.1412255,
       14.0992059
      ],
      [
       121.1410531,
       14.0992395
      ],
      [
       121.1409412,
       14.0992082
      ],
      [
       121.1408275,
       14.0990938
      ],
      [
       121.1406749,
       14.0990066
      ],
      [
       121.140507,
       14.0989562
      ],
      [
       121.1403096,
       14.098914
      ],
      [
       121.1401443,
       14.0988831
      ],
      [
       121.1399705,
       14.0989099
      ],
      [
       121.1398458,
       14.0989757
      ],
      [
       121.1397439,
       14.0991195
      ],
      [
       121.1396476,
       14.0991963
      ],
      [
       121.1395347,
       14.0992046
      ],
      [
       121.1394402,
       14.0991432
      ],
      [
       121.1393021,
       14.0990438
      ],
      [
       121.1391192,
       14.0989817
      ],
      [
       121.1389258,
       14.0989562
      ],
      [
       121.1387785,
       14.0989913
      ],
      [
       121.138553,
       14.0991401
      ],
      [
       121.1382783,
       14.0992837
      ],
      [
       121.1380914,
       14.0994616
      ],
      [
       121.1379304,
       14.0995865
      ],
      [
       121.137791,
       14.0997478
      ],
      [
       121.1376676,
       14.0999091
      ],
      [
       121.1375817,
       14.1001328
      ],
      [
       121.1375603,
       14.1002993
      ],
      [
       121.1375227,
       14.1004085
      ],
      [
       121.1374208,
       14.1004918
      ],
      [
       121.1372062,
       14.1005646
      ],
      [
       121.1370185,
       14.1006166
      ],
      [
       121.1368575,
       14.1006947
      ],
      [
       121.136702,
       14.1007883
      ],
      [
       121.1364123,
       14.1008091
      ],
      [
       121.1361548,
       14.1008924
      ],
      [
       121.1359563,
       14.1009548
      ],
      [
       121.1357954,
       14.1010433
      ],
      [
       121.1356774,
       14.1012254
      ],
      [
       121.1356643,
       14.1013712
      ],
      [
       121.1357179,
       14.1015013
      ],
      [
       121.135785,
       14.1016054
      ],
      [
       121.1358011,
       14.1017745
      ],
      [
       121.1357635,
       14.1019227
      ],
      [
       121.1357099,
       14.1021465
      ],
      [
       121.1356696,
       14.1023546
      ],
      [
       121.1356857,
       14.1025002
      ],
      [
       121.1356804,
       14.1027005
      ],
      [
       121.1356509,
       14.102828
      ],
      [
       121.1355272,
       14.1030151
      ],
      [
       121.1354252,
       14.1032024
      ],
      [
       121.1351624,
       14.1035406
      ],
      [
       121.1350551,
       14.1036967
      ],
      [
       121.1350068,
       14.1038475
      ],
      [
       121.135039,
       14.1040036
      ],
      [
       121.1351248,
       14.1040973
      ],
      [
       121.1352268,
       14.1041857
      ],
      [
       121.1352482,
       14.1043418
      ],
      [
       121.1352214,
       14.1044979
      ],
      [
       121.1352214,
       14.1046592
      ],
      [
       121.1353019,
       14.1048465
      ],
      [
       121.1354092,
       14.1049869
      ],
      [
       121.1354574,
       14.1051118
      ],
      [
       121.1354467,
       14.1052523
      ],
      [
       121.1353877,
       14.1054344
      ],
      [
       121.1352482,
       14.1056841
      ],
      [
       121.1351999,
       14.1058974
      ],
      [
       121.1351946,
       14.1061159
      ],
      [
       121.1353126,
       14.1063136
      ],
      [
       121.1354628,
       14.1065113
      ],
      [
       121.135613,
       14.1065685
      ],
      [
       121.1357471,
       14.1066674
      ],
      [
       121.1359134,
       14.1069119
      ],
      [
       121.1361494,
       14.1071877
      ],
      [
       121.1362782,
       14.1073281
      ],
      [
       121.1364069,
       14.1075935
      ],
      [
       121.1366054,
       14.10776
      ],
      [
       121.1369005,
       14.1080669
      ],
      [
       121.1370775,
       14.1082698
      ],
      [
       121.1372921,
       14.1085299
      ],
      [
       121.1374476,
       14.1086808
      ],
      [
       121.1375764,
       14.1088525
      ],
      [
       121.1376568,
       14.1090242
      ],
      [
       121.1376944,
       14.1092063
      ],
      [
       121.1376408,
       14.1094768
      ],
      [
       121.1375978,
       14.1096745
      ],
      [
       121.1375817,
       14.1098254
      ],
      [
       121.1376193,
       14.1099919
      ],
      [
       121.137748,
       14.1101583
      ],
      [
       121.1379519,
       14.110252
      ],
      [
       121.1381404,
       14.1103188
      ],
      [
       121.1383649,
       14.1104341
      ],
      [
       121.1384669,
       14.110585
      ],
      [
       121.1385152,
       14.1107722
      ],
      [
       121.1384722,
       14.1109283
      ],
      [
       121.1384615,
       14.1110896
      ],
      [
       121.1385044,
       14.1112665
      ],
      [
       121.1386117,
       14.1114122
      ],
      [
       121.1387512,
       14.1114954
      ],
      [
       121.1389014,
       14.1115943
      ],
      [
       121.1390087,
       14.1117711
      ],
      [
       121.1391642,
       14.1119792
      ],
      [
       121.1393735,
       14.1120989
      ],
      [
       121.1395505,
       14.1122134
      ],
      [
       121.1397061,
       14.1123486
      ],
      [
       121.1398563,
       14.1124943
      ],
      [
       121.1399689,
       14.1126556
      ],
      [
       121.1401191,
       14.1129573
      ],
      [
       121.1402049,
       14.1132226
      ],
      [
       121.1402318,
       14.1134932
      ],
      [
       121.1401835,
       14.1137117
      ],
      [
       121.140103,
       14.1138938
      ],
      [
       121.1398241,
       14.1142059
      ],
      [
       121.1395559,
       14.1145207
      ],
      [
       121.1392554,
       14.1148458
      ],
      [
       121.1390033,
       14.1150487
      ],
      [
       121.1387673,
       14.115184
      ],
      [
       121.1386117,
       14.1153452
      ],
      [
       121.1384722,
       14.1154389
      ],
      [
       121.1383703,
       14.1156834
      ],
      [
       121.1383277,
       14.115793
      ],
      [
       121.1382845,
       14.1159383
      ],
      [
       121.1380163,
       14.1161776
      ],
      [
       121.1376944,
       14.1164638
      ],
      [
       121.1374208,
       14.1167031
      ],
      [
       121.1369863,
       14.1169892
      ],
      [
       121.1366966,
       14.1171557
      ],
      [
       121.1364606,
       14.1173378
      ],
      [
       121.136246,
       14.1175615
      ],
      [
       121.135908,
       14.1177592
      ],
      [
       121.1355433,
       14.1179256
      ],
      [
       121.1352965,
       14.1180401
      ],
      [
       121.1349425,
       14.1182066
      ],
      [
       121.134524,
       14.1183991
      ],
      [
       121.1341432,
       14.1185395
      ],
      [
       121.1336872,
       14.1186956
      ],
      [
       121.1336155,
       14.1187119
      ],
      [
       121.1334414,
       14.1187514
      ],
      [
       121.1333439,
       14.1187736
      ],
      [
       121.1332695,
       14.1187811
      ],
      [
       121.1331567,
       14.1187924
      ],
      [
       121.1330327,
       14.1188048
      ],
      [
       121.1326787,
       14.1187684
      ],
      [
       121.1324534,
       14.1187268
      ],
      [
       121.132271,
       14.1186332
      ],
      [
       121.13211,
       14.1186124
      ],
      [
       121.1319598,
       14.1186384
      ],
      [
       121.1317667,
       14.1186956
      ],
      [
       121.1316004,
       14.1187892
      ],
      [
       121.1315092,
       14.1189193
      ],
      [
       121.1314502,
       14.119065
      ],
      [
       121.1314234,
       14.1192106
      ],
      [
       121.1312678,
       14.1194812
      ],
      [
       121.1310747,
       14.119684
      ],
      [
       121.1308601,
       14.1199858
      ],
      [
       121.1306402,
       14.1201783
      ],
      [
       121.1305061,
       14.1204332
      ],
      [
       121.1300823,
       14.1210939
      ],
      [
       121.1299428,
       14.1213228
      ],
      [
       121.129798,
       14.1214997
      ],
      [
       121.1295619,
       14.1216765
      ],
      [
       121.1293903,
       14.1218326
      ],
      [
       121.1292776,
       14.1219315
      ],
      [
       121.1291489,
       14.1221291
      ],
      [
       121.1288968,
       14.1223893
      ],
      [
       121.1286178,
       14.1226025
      ],
      [
       121.1283871,
       14.122795
      ],
      [
       121.1281618,
       14.1229979
      ],
      [
       121.1279151,
       14.1231748
      ],
      [
       121.127609,
       14.1232926
      ],
      [
       121.1273518,
       14.1233829
      ],
      [
       121.1272177,
       14.1234349
      ],
      [
       121.1271158,
       14.1235286
      ],
      [
       121.1270407,
       14.1237002
      ],
      [
       121.1268797,
       14.1238251
      ],
      [
       121.1267563,
       14.1238875
      ],
      [
       121.1266276,
       14.1239811
      ],
      [
       121.1265364,
       14.124002
      ],
      [
       121.1264291,
       14.1240904
      ],
      [
       121.126295,
       14.1242725
      ],
      [
       121.1261555,
       14.1244441
      ],
      [
       121.1259088,
       14.1245482
      ],
      [
       121.1257371,
       14.1246418
      ],
      [
       121.1255386,
       14.124673
      ],
      [
       121.1254367,
       14.1247043
      ],
      [
       121.1252919,
       14.1248551
      ],
      [
       121.1251041,
       14.1251308
      ],
      [
       121.1250505,
       14.1254586
      ],
      [
       121.1250236,
       14.1258227
      ],
      [
       121.1250228,
       14.1259943
      ],
      [
       121.125039,
       14.1260599
      ],
      [
       121.1251202,
       14.1262909
      ],
      [
       121.1252489,
       14.1264366
      ],
      [
       121.125367,
       14.1264366
      ],
      [
       121.1255064,
       14.126369
      ],
      [
       121.1256459,
       14.1262753
      ],
      [
       121.1258283,
       14.1262285
      ],
      [
       121.1260053,
       14.1262701
      ],
      [
       121.1261877,
       14.1263638
      ],
      [
       121.1263755,
       14.126447
      ],
      [
       121.1266604,
       14.1265778
      ],
      [
       121.1270331,
       14.1267906
      ],
      [
       121.1272315,
       14.1269467
      ],
      [
       121.1274579,
       14.1270814
      ],
      [
       121.12765,
       14.1273109
      ],
      [
       121.1277412,
       14.1274669
      ],
      [
       121.1278109,
       14.1276594
      ],
      [
       121.1278538,
       14.1278727
      ],
      [
       121.1278324,
       14.1281744
      ],
      [
       121.1277733,
       14.1283773
      ],
      [
       121.1276929,
       14.1286634
      ],
      [
       121.1275749,
       14.1289235
      ],
      [
       121.1271046,
       14.1294531
      ],
      [
       121.1265614,
       14.1297428
      ],
      [
       121.1262083,
       14.1300852
      ],
      [
       121.1258959,
       14.130533
      ],
      [
       121.125733,
       14.1308491
      ],
      [
       121.1257465,
       14.131231
      ],
      [
       121.1260453,
       14.1320607
      ],
      [
       121.1262632,
       14.1327642
      ],
      [
       121.1264663,
       14.1331933
      ],
      [
       121.1268146,
       14.1336043
      ],
      [
       121.1271239,
       14.1338775
      ],
      [
       121.1272153,
       14.1339955
      ],
      [
       121.1272676,
       14.1341349
      ],
      [
       121.1273957,
       14.1346973
      ],
      [
       121.127512,
       14.1352083
      ],
      [
       121.1275637,
       14.135484
      ],
      [
       121.1276071,
       14.1357153
      ],
      [
       121.1274032,
       14.1365876
      ],
      [
       121.1271445,
       14.1371083
      ]
     ]
    ]
   }
  },
  {
   "type": "Feature",
   "properties": {
    "name": "Calamba",
    "osm_id": 1578579,
    "admin_level": "6",
    "region": "calabarzon",
    "franchise": "Multiple (BATELEC, FLECO, QUEZELCO et al)"
   },
   "geometry": {
    "type": "Polygon",
    "coordinates": [
     [
      [
       121.161381,
       14.2342732
      ],
      [
       121.1614805,
       14.2343443
      ],
      [
       121.1617529,
       14.234395
      ],
      [
       121.1621825,
       14.2344814
      ],
      [
       121.1625178,
       14.2344255
      ],
      [
       121.162681,
       14.2343915
      ],
      [
       121.1630372,
       14.2344668
      ],
      [
       121.1636766,
       14.234604
      ],
      [
       121.1641516,
       14.2348165
      ],
      [
       121.1644895,
       14.2349051
      ],
      [
       121.1653207,
       14.2351353
      ],
      [
       121.1657215,
       14.2352136
      ],
      [
       121.1658479,
       14.235229
      ],
      [
       121.1661931,
       14.2353212
      ],
      [
       121.1663712,
       14.2353389
      ],
      [
       121.1667183,
       14.2352902
      ],
      [
       121.1671476,
       14.2352149
      ],
      [
       121.1675769,
       14.2352061
      ],
      [
       121.1680281,
       14.2352631
      ],
      [
       121.1682985,
       14.2353743
      ],
      [
       121.168673,
       14.2355691
      ],
      [
       121.1689092,
       14.235697
      ],
      [
       121.1689836,
       14.2357285
      ],
      [
       121.1691617,
       14.2357904
      ],
      [
       121.1692256,
       14.2358524
      ],
      [
       121.1693307,
       14.236087
      ],
      [
       121.1694131,
       14.2362358
      ],
      [
       121.1695225,
       14.2363305
      ],
      [
       121.1696001,
       14.2363836
      ],
      [
       121.1696778,
       14.2364677
      ],
      [
       121.1695624,
       14.2369161
      ],
      [
       121.1698409,
       14.2369933
      ],
      [
       121.1702239,
       14.2372007
      ],
      [
       121.1702694,
       14.2373173
      ],
      [
       121.1703474,
       14.2374118
      ],
      [
       121.1705001,
       14.2375472
      ],
      [
       121.1707633,
       14.237563
      ],
      [
       121.1709356,
       14.2376291
      ],
      [
       121.1710103,
       14.237878
      ],
      [
       121.1711793,
       14.2381048
      ],
      [
       121.1714035,
       14.2383
      ],
      [
       121.1717371,
       14.2385083
      ],
      [
       121.1720379,
       14.2386358
      ],
      [
       121.172394,
       14.2387678
      ],
      [
       121.1742264,
       14.239598
      ],
      [
       121.2075232,
       14.2662133
      ],
      [
       121.212673,
       14.2613886
      ],
      [
       121.2214277,
       14.2568965
      ],
      [
       121.2037119,
       14.1857679
      ],
      [
       121.2041616,
       14.1852919
      ],
      [
       121.2046499,
       14.1846161
      ],
      [
       121.2045426,
       14.1841618
      ],
      [
       121.2043789,
       14.1840798
      ],
      [
       121.2038314,
       14.1828977
      ],
      [
       121.2036282,
       14.1824955
      ],
      [
       121.2036451,
       14.182293
      ],
      [
       121.2035012,
       14.1818579
      ],
      [
       121.2032615,
       14.1811431
      ],
      [
       121.2031351,
       14.1808439
      ],
      [
       121.203019,
       14.1805837
      ],
      [
       121.2029072,
       14.1804559
      ],
      [
       121.2025655,
       14.1794125
      ],
      [
       121.2030628,
       14.1794618
      ],
      [
       121.2035641,
       14.1794732
      ],
      [
       121.2034543,
       14.1791276
      ],
      [
       121.2034097,
       14.1789887
      ],
      [
       121.2031095,
       14.1780372
      ],
      [
       121.2025607,
       14.1759819
      ],
      [
       121.2024166,
       14.1754421
      ],
      [
       121.202153,
       14.1743289
      ],
      [
       121.2020056,
       14.1736543
      ],
      [
       121.2018795,
       14.1731862
      ],
      [
       121.2013772,
       14.1722928
      ],
      [
       121.2013312,
       14.1722187
      ],
      [
       121.2012409,
       14.1720116
      ],
      [
       121.2012315,
       14.17198
      ],
      [
       121.2012197,
       14.1719475
      ],
      [
       121.2010016,
       14.1712792
      ],
      [
       121.2008321,
       14.1706388
      ],
      [
       121.2006627,
       14.1697592
      ],
      [
       121.2004818,
       14.1687445
      ],
      [
       121.200373,
       14.1681588
      ],
      [
       121.2002162,
       14.1673147
      ],
      [
       121.1999154,
       14.1664431
      ],
      [
       121.1986254,
       14.1650197
      ],
      [
       121.1943835,
       14.1618396
      ],
      [
       121.1892018,
       14.1572838
      ],
      [
       121.1830236,
       14.1518045
      ],
      [
       121.178536,
       14.1461463
      ],
      [
       121.172426,
       14.1388456
      ],
      [
       121.1713354,
       14.137703
      ],
      [
       121.167186,
       14.139179
      ],
      [
       121.1647764,
       14.1400574
      ],
      [
       121.1643956,
       14.1402191
      ],
      [
       121.1640823,
       14.1406384
      ],
      [
       121.1638516,
       14.140836
      ],
      [
       121.1635485,
       14.1407736
      ],
      [
       121.1633366,
       14.1406436
      ],
      [
       121.163224,
       14.1407476
      ],
      [
       121.1629799,
       14.1408568
      ],
      [
       121.1626795,
       14.1408776
      ],
      [
       121.1625373,
       14.140888
      ],
      [
       121.1622289,
       14.1410103
      ],
      [
       121.1620425,
       14.1411
      ],
      [
       121.1619574,
       14.1411618
      ],
      [
       121.1617954,
       14.1412863
      ],
      [
       121.1615916,
       14.1412551
      ],
      [
       121.161377,
       14.1411355
      ],
      [
       121.1612402,
       14.1410418
      ],
      [
       121.1611517,
       14.1410054
      ],
      [
       121.1610471,
       14.1410314
      ],
      [
       121.1608754,
       14.1411485
      ],
      [
       121.1607285,
       14.1411547
      ],
      [
       121.1606394,
       14.1410912
      ],
      [
       121.1606072,
       14.1409976
      ],
      [
       121.1603926,
       14.1405945
      ],
      [
       121.160339,
       14.1405711
      ],
      [
       121.1602102,
       14.1405815
      ],
      [
       121.160119,
       14.1406985
      ],
      [
       121.1599996,
       14.140863
      ],
      [
       121.1597301,
       14.1409586
      ],
      [
       121.1595048,
       14.140995
      ],
      [
       121.1591132,
       14.140969
      ],
      [
       121.1587202,
       14.1412604
      ],
      [
       121.1579231,
       14.1412185
      ],
      [
       121.1577828,
       14.1411745
      ],
      [
       121.1577319,
       14.141099
      ],
      [
       121.157614,
       14.1409406
      ],
      [
       121.1574476,
       14.1409144
      ],
      [
       121.1572813,
       14.1409638
      ],
      [
       121.1570908,
       14.14093
      ],
      [
       121.156769,
       14.140904
      ],
      [
       121.1564444,
       14.1410626
      ],
      [
       121.1561771,
       14.1412679
      ],
      [
       121.1559745,
       14.1415836
      ],
      [
       121.1557497,
       14.1419504
      ],
      [
       121.1554032,
       14.1421987
      ],
      [
       121.1549916,
       14.1424511
      ],
      [
       121.1545309,
       14.1426931
      ],
      [
       121.1541474,
       14.1424148
      ],
      [
       121.1537045,
       14.1423406
      ],
      [
       121.1531388,
       14.1424433
      ],
      [
       121.1526454,
       14.1422951
      ],
      [
       121.1523571,
       14.1420741
      ],
      [
       121.1520957,
       14.1420936
      ],
      [
       121.151479,
       14.1423146
      ],
      [
       121.1509494,
       14.1425434
      ],
      [
       121.1504735,
       14.1424706
      ],
      [
       121.1501718,
       14.1425876
      ],
      [
       121.1496883,
       14.1427012
      ],
      [
       121.1488437,
       14.1425192
      ],
      [
       121.1480929,
       14.1425907
      ],
      [
       121.1473561,
       14.1427086
      ],
      [
       121.1467661,
       14.1428958
      ],
      [
       121.1463476,
       14.1432132
      ],
      [
       121.1461223,
       14.1433796
      ],
      [
       121.1458874,
       14.1434727
      ],
      [
       121.1456878,
       14.143468
      ],
      [
       121.1454357,
       14.1433796
      ],
      [
       121.1452426,
       14.1434472
      ],
      [
       121.1448885,
       14.1434628
      ],
      [
       121.1445559,
       14.1434524
      ],
      [
       121.1443199,
       14.1433224
      ],
      [
       121.1440302,
       14.1433328
      ],
      [
       121.1436171,
       14.1434784
      ],
      [
       121.1431826,
       14.1436137
      ],
      [
       121.1429841,
       14.1436293
      ],
      [
       121.1427964,
       14.1435669
      ],
      [
       121.1425603,
       14.1436501
      ],
      [
       121.1423673,
       14.1438061
      ],
      [
       121.1420615,
       14.1440246
      ],
      [
       121.1418576,
       14.1441286
      ],
      [
       121.1416699,
       14.1441234
      ],
      [
       121.1415411,
       14.1439674
      ],
      [
       121.1414177,
       14.1438165
      ],
      [
       121.1412675,
       14.1437333
      ],
      [
       121.1410797,
       14.1436761
      ],
      [
       121.1408223,
       14.1437593
      ],
      [
       121.1407633,
       14.1439674
      ],
      [
       121.1407257,
       14.1441859
      ],
      [
       121.1406828,
       14.1442899
      ],
      [
       121.1405916,
       14.1443419
      ],
      [
       121.1405058,
       14.1443055
      ],
      [
       121.1404629,
       14.1441287
      ],
      [
       121.1404629,
       14.1438582
      ],
      [
       121.1404261,
       14.143603
      ],
      [
       121.1403341,
       14.1435201
      ],
      [
       121.1401625,
       14.1435461
      ],
      [
       121.1400509,
       14.1437895
      ],
      [
       121.1400498,
       14.1440246
      ],
      [
       121.1400015,
       14.1442431
      ],
      [
       121.1398942,
       14.1443732
      ],
      [
       121.1396582,
       14.144394
      ],
      [
       121.1392773,
       14.1442795
      ],
      [
       121.138934,
       14.1440975
      ],
      [
       121.1387623,
       14.144061
      ],
      [
       121.1386282,
       14.1440871
      ],
      [
       121.1385478,
       14.1441911
      ],
      [
       121.1385124,
       14.1443188
      ],
      [
       121.1384995,
       14.1444044
      ],
      [
       121.1384676,
       14.144452
      ],
      [
       121.1384,
       14.1445383
      ],
      [
       121.1382956,
       14.1445409
      ],
      [
       121.1381401,
       14.1444876
      ],
      [
       121.137904,
       14.1443419
      ],
      [
       121.1377056,
       14.1442275
      ],
      [
       121.1375017,
       14.1441755
      ],
      [
       121.1371906,
       14.1441755
      ],
      [
       121.1369814,
       14.1442847
      ],
      [
       121.1368043,
       14.144394
      ],
      [
       121.1366649,
       14.1443627
      ],
      [
       121.1364986,
       14.1442015
      ],
      [
       121.1363752,
       14.1438946
      ],
      [
       121.1362035,
       14.1435392
      ],
      [
       121.1360983,
       14.1433135
      ],
      [
       121.136155,
       14.1429749
      ],
      [
       121.1359997,
       14.1427762
      ],
      [
       121.1355437,
       14.1423132
      ],
      [
       121.135372,
       14.1421416
      ],
      [
       121.1349643,
       14.1420063
      ],
      [
       121.134562,
       14.1420323
      ],
      [
       121.1342401,
       14.1420219
      ],
      [
       121.1339451,
       14.1419491
      ],
      [
       121.1337386,
       14.1417555
      ],
      [
       121.1335536,
       14.1417246
      ],
      [
       121.1334249,
       14.1417377
      ],
      [
       121.1332752,
       14.1418756
      ],
      [
       121.1330097,
       14.1421838
      ],
      [
       121.1327793,
       14.1423765
      ],
      [
       121.1324397,
       14.1423854
      ],
      [
       121.132218,
       14.1424087
      ],
      [
       121.1319832,
       14.1424359
      ],
      [
       121.1318436,
       14.1423525
      ],
      [
       121.1316438,
       14.1423705
      ],
      [
       121.1314721,
       14.1424849
      ],
      [
       121.131397,
       14.1426878
      ],
      [
       121.1312522,
       14.1428178
      ],
      [
       121.1310751,
       14.1428282
      ],
      [
       121.1307451,
       14.1428198
      ],
      [
       121.1306208,
       14.1429008
      ],
      [
       121.1305922,
       14.1432426
      ],
      [
       121.130516,
       14.14388
      ],
      [
       121.1305351,
       14.1441663
      ],
      [
       121.1304112,
       14.1443141
      ],
      [
       121.1301874,
       14.1443511
      ],
      [
       121.1300731,
       14.1444527
      ],
      [
       121.1301493,
       14.1446005
      ],
      [
       121.1303288,
       14.1447439
      ],
      [
       121.130347,
       14.1448266
      ],
      [
       121.1301763,
       14.1449153
      ],
      [
       121.1300056,
       14.1449389
      ],
      [
       121.1297557,
       14.1451104
      ],
      [
       121.1295758,
       14.145341
      ],
      [
       121.1294783,
       14.1456011
      ],
      [
       121.1294966,
       14.1459617
      ],
      [
       121.1294661,
       14.1461331
      ],
      [
       121.1292832,
       14.1462455
      ],
      [
       121.1290698,
       14.1464051
      ],
      [
       121.12896,
       14.146612
      ],
      [
       121.1288625,
       14.1469076
      ],
      [
       121.1286918,
       14.1471263
      ],
      [
       121.12844,
       14.1473362
      ],
      [
       121.1280116,
       14.1463762
      ],
      [
       121.1276898,
       14.14583
      ],
      [
       121.1273679,
       14.1453982
      ],
      [
       121.1271688,
       14.1452584
      ],
      [
       121.1267824,
       14.1449515
      ],
      [
       121.1265997,
       14.1447896
      ],
      [
       121.1264564,
       14.1447529
      ],
      [
       121.1254822,
       14.1443889
      ],
      [
       121.1246706,
       14.1439004
      ],
      [
       121.1237198,
       14.1439117
      ],
      [
       121.1226528,
       14.1442799
      ],
      [
       121.1211471,
       14.1446734
      ],
      [
       121.1198248,
       14.1450924
      ],
      [
       121.1188952,
       14.1452955
      ],
      [
       121.1182405,
       14.145232
      ],
      [
       121.1175026,
       14.1451226
      ],
      [
       121.1165123,
       14.144775
      ],
      [
       121.1155517,
       14.1464423
      ],
      [
       121.1153639,
       14.1467683
      ],
      [
       121.1149372,
       14.1475089
      ],
      [
       121.1127347,
       14.1511446
      ],
      [
       121.111501,
       14.1506036
      ],
      [
       121.1108441,
       14.1515049
      ],
      [
       121.110256,
       14.1526753
      ],
      [
       121.1092552,
       14.1522816
      ],
      [
       121.108627,
       14.1520344
      ],
      [
       121.1085848,
       14.1520502
      ],
      [
       121.1059704,
       14.1530307
      ],
      [
       121.1030437,
       14.1541282
      ],
      [
       121.1022475,
       14.1550547
      ],
      [
       121.0998142,
       14.1557724
      ],
      [
       121.0964941,
       14.1562672
      ],
      [
       121.0906093,
       14.1560817
      ],
      [
       121.0902477,
       14.1560703
      ],
      [
       121.0866817,
       14.1557772
      ],
      [
       121.0792115,
       14.1551944
      ],
      [
       121.0731701,
       14.1545748
      ],
      [
       121.0727242,
       14.1545291
      ],
      [
       121.0712224,
       14.1543808
      ],
      [
       121.0644314,
       14.1536863
      ],
      [
       121.0597474,
       14.1533859
      ],
      [
       121.0492799,
       14.1545943
      ],
      [
       121.0475223,
       14.1547385
      ],
      [
       121.0459645,
       14.1569545
      ],
      [
       121.0451479,
       14.1564752
      ],
      [
       121.044783,
       14.1562707
      ],
      [
       121.0447352,
       14.1562439
      ],
      [
       121.0442843,
       14.1560491
      ],
      [
       121.0436941,
       14.1558013
      ],
      [
       121.0432801,
       14.1554759
      ],
      [
       121.0427285,
       14.1549482
      ],
      [
       121.0426158,
       14.1547959
      ],
      [
       121.0423002,
       14.1543697
      ],
      [
       121.0421277,
       14.1541368
      ],
      [
       121.041971,
       14.1538944
      ],
      [
       121.0417253,
       14.1533995
      ],
      [
       121.0416204,
       14.1530468
      ],
      [
       121.0364062,
       14.1526931
      ],
      [
       121.035226,
       14.1527763
      ],
      [
       121.0337669,
       14.1528387
      ],
      [
       121.0325223,
       14.1530676
      ],
      [
       121.0312956,
       14.1537413
      ],
      [
       121.030207,
       14.1547062
      ],
      [
       121.0292852,
       14.157653
      ],
      [
       121.0262378,
       14.1570904
      ],
      [
       121.0227582,
       14.1561258
      ],
      [
       121.0231146,
       14.1574452
      ],
      [
       121.0225138,
       14.1625634
      ],
      [
       121.0218057,
       14.1672862
      ],
      [
       121.0219773,
       14.1688049
      ],
      [
       121.0231789,
       14.1706982
      ],
      [
       121.0252174,
       14.1715512
      ],
      [
       121.0267838,
       14.17178
      ],
      [
       121.0301312,
       14.1719881
      ],
      [
       121.0322126,
       14.1719048
      ],
      [
       121.0323375,
       14.1724456
      ],
      [
       121.031813,
       14.1744248
      ],
      [
       121.0319927,
       14.1756184
      ],
      [
       121.0316976,
       14.1767315
      ],
      [
       121.0314401,
       14.1775636
      ],
      [
       121.0312255,
       14.1784998
      ],
      [
       121.0312255,
       14.1794984
      ],
      [
       121.0312983,
       14.1802334
      ],
      [
       121.0313211,
       14.1804636
      ],
      [
       121.0315375,
       14.1807234
      ],
      [
       121.0318222,
       14.1811903
      ],
      [
       121.0322514,
       14.1817936
      ],
      [
       121.0330667,
       14.1823345
      ],
      [
       121.0340166,
       14.1831187
      ],
      [
       121.035128,
       14.1843782
      ],
      [
       121.0356644,
       14.1851896
      ],
      [
       121.0360721,
       14.1862089
      ],
      [
       121.0359863,
       14.1871035
      ],
      [
       121.0360936,
       14.18779
      ],
      [
       121.0367158,
       14.1883933
      ],
      [
       121.0377887,
       14.1885597
      ],
      [
       121.0387758,
       14.1887469
      ],
      [
       121.0391191,
       14.1897663
      ],
      [
       121.0392946,
       14.1908361
      ],
      [
       121.0395694,
       14.1911672
      ],
      [
       121.0397023,
       14.191481
      ],
      [
       121.0401958,
       14.1920843
      ],
      [
       121.0404962,
       14.1923547
      ],
      [
       121.0412472,
       14.1923755
      ],
      [
       121.0417193,
       14.1925836
      ],
      [
       121.0426205,
       14.1929321
      ],
      [
       121.0432642,
       14.192542
      ],
      [
       121.0435162,
       14.1924187
      ],
      [
       121.0438651,
       14.1927292
      ],
      [
       121.0444057,
       14.1929433
      ],
      [
       121.0449416,
       14.1929433
      ],
      [
       121.0455011,
       14.193057
      ],
      [
       121.0461825,
       14.1934573
      ],
      [
       121.0465043,
       14.1938525
      ],
      [
       121.0475772,
       14.1937901
      ],
      [
       121.0483245,
       14.1938763
      ],
      [
       121.0484619,
       14.1938064
      ],
      [
       121.0485857,
       14.1937435
      ],
      [
       121.0488639,
       14.1937537
      ],
      [
       121.0492185,
       14.19391
      ],
      [
       121.0492122,
       14.1943044
      ],
      [
       121.0490793,
       14.1948303
      ],
      [
       121.0491222,
       14.1954335
      ],
      [
       121.0492834,
       14.1955738
      ],
      [
       121.0496677,
       14.1955823
      ],
      [
       121.0499142,
       14.1955252
      ],
      [
       121.050136,
       14.1956364
      ],
      [
       121.0501767,
       14.1959511
      ],
      [
       121.0501092,
       14.1962604
      ],
      [
       121.0499161,
       14.1966193
      ],
      [
       121.0502165,
       14.1971393
      ],
      [
       121.0508709,
       14.1974671
      ],
      [
       121.0511305,
       14.1976083
      ],
      [
       121.0512785,
       14.1978987
      ],
      [
       121.0511659,
       14.1983666
      ],
      [
       121.0514825,
       14.1983667
      ],
      [
       121.0520833,
       14.1988451
      ],
      [
       121.0523675,
       14.19949
      ],
      [
       121.0527378,
       14.1995057
      ],
      [
       121.0529578,
       14.1996861
      ],
      [
       121.0529416,
       14.199906
      ],
      [
       121.0526898,
       14.1999303
      ],
      [
       121.0523247,
       14.1998644
      ],
      [
       121.0521218,
       14.1999407
      ],
      [
       121.0520404,
       14.200114
      ],
      [
       121.0520147,
       14.2003978
      ],
      [
       121.0521692,
       14.2006341
      ],
      [
       121.0523576,
       14.2008082
      ],
      [
       121.0526198,
       14.2007381
      ],
      [
       121.0528506,
       14.2004965
      ],
      [
       121.0530168,
       14.2004834
      ],
      [
       121.0530649,
       14.2007407
      ],
      [
       121.0530542,
       14.2009485
      ],
      [
       121.0529631,
       14.2011541
      ],
      [
       121.0522451,
       14.2013848
      ],
      [
       121.0515684,
       14.201695
      ],
      [
       121.0514413,
       14.2021069
      ],
      [
       121.0515039,
       14.2023606
      ],
      [
       121.0518957,
       14.2022202
      ],
      [
       121.0521433,
       14.2023822
      ],
      [
       121.0521692,
       14.2026311
      ],
      [
       121.0519975,
       14.2028599
      ],
      [
       121.0513752,
       14.2030679
      ],
      [
       121.051504,
       14.2033383
      ],
      [
       121.0525237,
       14.203712
      ],
      [
       121.0534995,
       14.2038792
      ],
      [
       121.0541152,
       14.2042003
      ],
      [
       121.0544222,
       14.2046488
      ],
      [
       121.0546961,
       14.2053398
      ],
      [
       121.0547174,
       14.2058183
      ],
      [
       121.0544708,
       14.2064787
      ],
      [
       121.0544825,
       14.2065563
      ],
      [
       121.054501,
       14.2066781
      ],
      [
       121.0545942,
       14.2068323
      ],
      [
       121.05475,
       14.2071601
      ],
      [
       121.0552994,
       14.2075923
      ],
      [
       121.0555459,
       14.2078676
      ],
      [
       121.0557581,
       14.2081324
      ],
      [
       121.0558031,
       14.2088494
      ],
      [
       121.056071,
       14.2089844
      ],
      [
       121.0565627,
       14.2090994
      ],
      [
       121.0567614,
       14.2090996
      ],
      [
       121.0569061,
       14.2091793
      ],
      [
       121.0571476,
       14.2092244
      ],
      [
       121.0575124,
       14.209313
      ],
      [
       121.057936,
       14.2096668
      ],
      [
       121.058408,
       14.2100569
      ],
      [
       121.0586658,
       14.2104103
      ],
      [
       121.0589752,
       14.2106519
      ],
      [
       121.0592934,
       14.2107013
      ],
      [
       121.0600874,
       14.2110549
      ],
      [
       121.0607525,
       14.2115958
      ],
      [
       121.0612461,
       14.2123238
      ],
      [
       121.0618469,
       14.2130726
      ],
      [
       121.0622117,
       14.2134886
      ],
      [
       121.0622117,
       14.2136966
      ],
      [
       121.0621687,
       14.2140503
      ],
      [
       121.0621693,
       14.2143839
      ],
      [
       121.0622981,
       14.2144359
      ],
      [
       121.0625126,
       14.2145087
      ],
      [
       121.0628238,
       14.2145607
      ],
      [
       121.0631885,
       14.2147271
      ],
      [
       121.0635211,
       14.2148103
      ],
      [
       121.0638216,
       14.2149351
      ],
      [
       121.0640039,
       14.2151223
      ],
      [
       121.0640039,
       14.2152472
      ],
      [
       121.0643043,
       14.2153824
      ],
      [
       121.0648944,
       14.2155384
      ],
      [
       121.0655811,
       14.2155904
      ],
      [
       121.0662034,
       14.2158192
      ],
      [
       121.0665574,
       14.2161416
      ],
      [
       121.0674157,
       14.2172128
      ],
      [
       121.067641,
       14.2175664
      ],
      [
       121.0679092,
       14.2177744
      ],
      [
       121.0682526,
       14.2177744
      ],
      [
       121.0685422,
       14.2178264
      ],
      [
       121.0689392,
       14.2178056
      ],
      [
       121.0694542,
       14.217816
      ],
      [
       121.0702214,
       14.2177699
      ],
      [
       121.0707846,
       14.2175976
      ],
      [
       121.071321,
       14.2175144
      ],
      [
       121.0716153,
       14.2175076
      ],
      [
       121.0719755,
       14.217556
      ],
      [
       121.072233,
       14.2177848
      ],
      [
       121.0723617,
       14.2180344
      ],
      [
       121.0724046,
       14.2182736
      ],
      [
       121.072587,
       14.2183776
      ],
      [
       121.0728552,
       14.218388
      ],
      [
       121.0733595,
       14.2183048
      ],
      [
       121.0741427,
       14.218284
      ],
      [
       121.0745718,
       14.218388
      ],
      [
       121.0749474,
       14.2184088
      ],
      [
       121.0750976,
       14.2183672
      ],
      [
       121.0751619,
       14.2182112
      ],
      [
       121.0753443,
       14.2181488
      ],
      [
       121.0756447,
       14.2181384
      ],
      [
       121.0759666,
       14.2181696
      ],
      [
       121.0763957,
       14.2182424
      ],
      [
       121.0767498,
       14.2183568
      ],
      [
       121.0771253,
       14.2187936
      ],
      [
       121.0774043,
       14.219116
      ],
      [
       121.0777583,
       14.2193968
      ],
      [
       121.0779943,
       14.2195528
      ],
      [
       121.0783699,
       14.2195944
      ],
      [
       121.078681,
       14.2196568
      ],
      [
       121.0790243,
       14.2198024
      ],
      [
       121.0792389,
       14.219948
      ],
      [
       121.0794105,
       14.2202392
      ],
      [
       121.0796573,
       14.2203641
      ],
      [
       121.0800114,
       14.2204161
      ],
      [
       121.0804512,
       14.2203953
      ],
      [
       121.0806122,
       14.2204785
      ],
      [
       121.0809233,
       14.2207073
      ],
      [
       121.0813417,
       14.2210609
      ],
      [
       121.0820391,
       14.2215601
      ],
      [
       121.0828223,
       14.2218825
      ],
      [
       121.0831656,
       14.2221321
      ],
      [
       121.0833373,
       14.2225585
      ],
      [
       121.0834339,
       14.2230161
      ],
      [
       121.0836163,
       14.2232553
      ],
      [
       121.0838523,
       14.2232969
      ],
      [
       121.0840883,
       14.2233593
      ],
      [
       121.0844102,
       14.2233697
      ],
      [
       121.0846269,
       14.2234227
      ],
      [
       121.0848978,
       14.2236817
      ],
      [
       121.0854257,
       14.223938
      ],
      [
       121.0860742,
       14.2239677
      ],
      [
       121.0867003,
       14.2238501
      ],
      [
       121.0872426,
       14.2238793
      ],
      [
       121.0877254,
       14.2241184
      ],
      [
       121.0884635,
       14.2242396
      ],
      [
       121.088757,
       14.2242968
      ],
      [
       121.0888197,
       14.2247736
      ],
      [
       121.0889506,
       14.2250222
      ],
      [
       121.0892838,
       14.225263
      ],
      [
       121.08942,
       14.2255198
      ],
      [
       121.0893991,
       14.2262192
      ],
      [
       121.089574,
       14.2268864
      ],
      [
       121.0898835,
       14.2270507
      ],
      [
       121.0909612,
       14.2273783
      ],
      [
       121.091274,
       14.2271963
      ],
      [
       121.0914884,
       14.2266763
      ],
      [
       121.0917993,
       14.226562
      ],
      [
       121.0925867,
       14.226646
      ],
      [
       121.0929166,
       14.2267361
      ],
      [
       121.09352,
       14.2267048
      ],
      [
       121.0939057,
       14.2268328
      ],
      [
       121.0940661,
       14.2270928
      ],
      [
       121.0943907,
       14.2274376
      ],
      [
       121.0949781,
       14.2279664
      ],
      [
       121.095514,
       14.228346
      ],
      [
       121.0959115,
       14.2283512
      ],
      [
       121.0964914,
       14.2282576
      ],
      [
       121.09692,
       14.228268
      ],
      [
       121.09773,
       14.2284817
      ],
      [
       121.098083,
       14.2285566
      ],
      [
       121.0990159,
       14.2286959
      ],
      [
       121.0998484,
       14.2287048
      ],
      [
       121.1000271,
       14.22858
      ],
      [
       121.1001585,
       14.2283096
      ],
      [
       121.1004069,
       14.2282103
      ],
      [
       121.1007802,
       14.2283002
      ],
      [
       121.1011144,
       14.228632
      ],
      [
       121.1016182,
       14.2287469
      ],
      [
       121.1025199,
       14.228944
      ],
      [
       121.1030456,
       14.2291
      ],
      [
       121.103066,
       14.229517
      ],
      [
       121.1031834,
       14.2297109
      ],
      [
       121.1033956,
       14.2298294
      ],
      [
       121.1039663,
       14.2298018
      ],
      [
       121.1043852,
       14.2298933
      ],
      [
       121.1046661,
       14.2300141
      ],
      [
       121.1049381,
       14.2301971
      ],
      [
       121.1050801,
       14.23017
      ],
      [
       121.1051962,
       14.2299902
      ],
      [
       121.105434,
       14.2299556
      ],
      [
       121.1057442,
       14.2301398
      ],
      [
       121.1058973,
       14.2305172
      ],
      [
       121.1059623,
       14.2309516
      ],
      [
       121.1064945,
       14.2313887
      ],
      [
       121.1069288,
       14.2315896
      ],
      [
       121.1076265,
       14.2317474
      ],
      [
       121.1084605,
       14.2318543
      ],
      [
       121.1087528,
       14.2320758
      ],
      [
       121.109182,
       14.2325214
      ],
      [
       121.1095253,
       14.2327086
      ],
      [
       121.1106245,
       14.23316
      ],
      [
       121.1117349,
       14.2338214
      ],
      [
       121.112626,
       14.2343868
      ],
      [
       121.1130665,
       14.2347395
      ],
      [
       121.113127,
       14.235009
      ],
      [
       121.1132252,
       14.2355789
      ],
      [
       121.1133906,
       14.2362753
      ],
      [
       121.1134134,
       14.2364146
      ],
      [
       121.1134257,
       14.2365735
      ],
      [
       121.1133705,
       14.2367218
      ],
      [
       121.1134385,
       14.2368325
      ],
      [
       121.1135935,
       14.236887
      ],
      [
       121.1140713,
       14.2372529
      ],
      [
       121.1143749,
       14.2373814
      ],
      [
       121.1144894,
       14.2374242
      ],
      [
       121.1146002,
       14.2374355
      ],
      [
       121.1147255,
       14.237391
      ],
      [
       121.1149068,
       14.2374716
      ],
      [
       121.1151866,
       14.2375722
      ],
      [
       121.1159038,
       14.2376805
      ],
      [
       121.1165012,
       14.2377575
      ],
      [
       121.1167099,
       14.2374695
      ],
      [
       121.1168102,
       14.2370977
      ],
      [
       121.117057,
       14.2369105
      ],
      [
       121.1172973,
       14.236885
      ],
      [
       121.1177066,
       14.2370306
      ],
      [
       121.1178246,
       14.2371372
      ],
      [
       121.117948,
       14.2371804
      ],
      [
       121.1182269,
       14.237118
      ],
      [
       121.1184195,
       14.2364961
      ],
      [
       121.1183337,
       14.2359746
      ],
      [
       121.1184383,
       14.2353418
      ],
      [
       121.1188047,
       14.2348519
      ],
      [
       121.1193672,
       14.2346235
      ],
      [
       121.1210417,
       14.2342197
      ],
      [
       121.1243494,
       14.2338739
      ],
      [
       121.1247823,
       14.2340605
      ],
      [
       121.1260515,
       14.2344656
      ],
      [
       121.1276334,
       14.2346247
      ],
      [
       121.1281645,
       14.2345808
      ],
      [
       121.1283992,
       14.2344991
      ],
      [
       121.1286463,
       14.2344234
      ],
      [
       121.1290253,
       14.2343885
      ],
      [
       121.1292711,
       14.2343658
      ],
      [
       121.1294894,
       14.2343873
      ],
      [
       121.1296424,
       14.234408
      ],
      [
       121.1297271,
       14.2344175
      ],
      [
       121.1297729,
       14.2344373
      ],
      [
       121.129927,
       14.2344398
      ],
      [
       121.1301597,
       14.2342821
      ],
      [
       121.1302322,
       14.2341363
      ],
      [
       121.130306,
       14.2339933
      ],
      [
       121.1302754,
       14.2335614
      ],
      [
       121.1301806,
       14.2332922
      ],
      [
       121.130197,
       14.2330107
      ],
      [
       121.1304287,
       14.2324351
      ],
      [
       121.1309251,
       14.2320696
      ],
      [
       121.1315436,
       14.2316572
      ],
      [
       121.1320242,
       14.2315335
      ],
      [
       121.1326036,
       14.2314607
      ],
      [
       121.1328391,
       14.2314036
      ],
      [
       121.1331186,
       14.2313359
      ],
      [
       121.1336121,
       14.2310447
      ],
      [
       121.1340876,
       14.2306681
      ],
      [
       121.1345508,
       14.2304139
      ],
      [
       121.1347498,
       14.2301504
      ],
      [
       121.1348659,
       14.2299833
      ],
      [
       121.1349868,
       14.2298094
      ],
      [
       121.1349624,
       14.2296042
      ],
      [
       121.1346769,
       14.2292109
      ],
      [
       121.1341271,
       14.2284136
      ],
      [
       121.1339983,
       14.2280496
      ],
      [
       121.1339554,
       14.2273736
      ],
      [
       121.1339554,
       14.2269264
      ],
      [
       121.1339769,
       14.226552
      ],
      [
       121.1339018,
       14.2262088
      ],
      [
       121.1337945,
       14.2259488
      ],
      [
       121.1337516,
       14.2257408
      ],
      [
       121.1338374,
       14.22546
      ],
      [
       121.1338743,
       14.2253104
      ],
      [
       121.1343738,
       14.225148
      ],
      [
       121.1346528,
       14.2250024
      ],
      [
       121.1348971,
       14.2248672
      ],
      [
       121.1353241,
       14.2249842
      ],
      [
       121.1355636,
       14.2250052
      ],
      [
       121.1360171,
       14.2251343
      ],
      [
       121.1368411,
       14.2255353
      ],
      [
       121.1370144,
       14.2260121
      ],
      [
       121.1374673,
       14.2262939
      ],
      [
       121.1390259,
       14.2271295
      ],
      [
       121.139311,
       14.2272823
      ],
      [
       121.1392305,
       14.2273923
      ],
      [
       121.1394973,
       14.227585
      ],
      [
       121.1399362,
       14.2277726
      ],
      [
       121.1408121,
       14.2280229
      ],
      [
       121.1442857,
       14.2290435
      ],
      [
       121.1449373,
       14.2296321
      ],
      [
       121.1450716,
       14.2297534
      ],
      [
       121.1452155,
       14.2299002
      ],
      [
       121.1452903,
       14.2299765
      ],
      [
       121.1453683,
       14.230056
      ],
      [
       121.1454633,
       14.2301529
      ],
      [
       121.1455481,
       14.2302394
      ],
      [
       121.1456333,
       14.2303263
      ],
      [
       121.1456727,
       14.2303665
      ],
      [
       121.145751,
       14.2303929
      ],
      [
       121.1458205,
       14.2304165
      ],
      [
       121.1459342,
       14.2304549
      ],
      [
       121.1460598,
       14.2304973
      ],
      [
       121.1461244,
       14.2305192
      ],
      [
       121.1461793,
       14.2305377
      ],
      [
       121.1462638,
       14.2305662
      ],
      [
       121.1463051,
       14.2305802
      ],
      [
       121.1463877,
       14.2306206
      ],
      [
       121.1465038,
       14.2306772
      ],
      [
       121.1464783,
       14.2307442
      ],
      [
       121.1465075,
       14.230763
      ],
      [
       121.1473645,
       14.2313437
      ],
      [
       121.1481643,
       14.2316181
      ],
      [
       121.1483855,
       14.231694
      ],
      [
       121.1498555,
       14.2321907
      ],
      [
       121.1499438,
       14.2319792
      ],
      [
       121.1513493,
       14.2324713
      ],
      [
       121.1519812,
       14.2326925
      ],
      [
       121.1526638,
       14.2325365
      ],
      [
       121.1529458,
       14.2324372
      ],
      [
       121.15365,
       14.2321894
      ],
      [
       121.1540824,
       14.232469
      ],
      [
       121.1538997,
       14.2326793
      ],
      [
       121.154127,
       14.2329047
      ],
      [
       121.1544749,
       14.2332496
      ],
      [
       121.1545497,
       14.2333069
      ],
      [
       121.1548987,
       14.2335745
      ],
      [
       121.155116,
       14.2337305
      ],
      [
       121.1552244,
       14.2331625
      ],
      [
       121.1558724,
       14.2332106
      ],
      [
       121.1562103,
       14.233143
      ],
      [
       121.1565429,
       14.2331638
      ],
      [
       121.1567924,
       14.2332392
      ],
      [
       121.1568605,
       14.2332995
      ],
      [
       121.1569226,
       14.2333544
      ],
      [
       121.1572552,
       14.2335104
      ],
      [
       121.1579182,
       14.2338182
      ],
      [
       121.1583514,
       14.2340724
      ],
      [
       121.1583962,
       14.2340835
      ],
      [
       121.1593363,
       14.2343161
      ],
      [
       121.1598382,
       14.2344997
      ],
      [
       121.1597438,
       14.2348062
      ],
      [
       121.1600405,
       14.2349104
      ],
      [
       121.1601578,
       14.2351298
      ],
      [
       121.1607571,
       14.2352232
      ],
      [
       121.160841,
       14.2348373
      ],
      [
       121.1610639,
       14.2348895
      ],
      [
       121.1612261,
       14.2349274
      ],
      [
       121.161381,
       14.2342732
      ]
     ]
    ]
   }
  },
  {
   "type": "Feature",
   "properties": {
    "name": "Santa Rosa",
    "osm_id": 1335521,
    "admin_level": "6",
    "region": "calabarzon",
    "franchise": "Multiple (BATELEC, FLECO, QUEZELCO et al)"
   },
   "geometry": {
    "type": "Polygon",
    "coordinates": [
     [
      [
       121.1012036,
       14.2423682
      ],
      [
       121.1010117,
       14.242058
      ],
      [
       121.1007196,
       14.2399285
      ],
      [
       121.100576,
       14.239782
      ],
      [
       121.1004152,
       14.2396808
      ],
      [
       121.1002135,
       14.239494
      ],
      [
       121.1000526,
       14.2390677
      ],
      [
       121.0994729,
       14.2382069
      ],
      [
       121.0992533,
       14.237929
      ],
      [
       121.0988559,
       14.2375133
      ],
      [
       121.0983467,
       14.2372738
      ],
      [
       121.0978806,
       14.2371428
      ],
      [
       121.0975152,
       14.237201
      ],
      [
       121.0972095,
       14.2374194
      ],
      [
       121.0968232,
       14.2375026
      ],
      [
       121.0961312,
       14.2377106
      ],
      [
       121.0957128,
       14.237799
      ],
      [
       121.0954017,
       14.2376274
      ],
      [
       121.0949671,
       14.2373206
      ],
      [
       121.0945648,
       14.2370502
      ],
      [
       121.0942278,
       14.2370103
      ],
      [
       121.0939272,
       14.2368202
      ],
      [
       121.0938164,
       14.2366269
      ],
      [
       121.0936555,
       14.2366269
      ],
      [
       121.0935208,
       14.2367059
      ],
      [
       121.0934833,
       14.2368671
      ],
      [
       121.0934833,
       14.2371843
      ],
      [
       121.0934624,
       14.2374901
      ],
      [
       121.0932848,
       14.2376731
      ],
      [
       121.0931244,
       14.2377708
      ],
      [
       121.0928884,
       14.2377084
      ],
      [
       121.0927805,
       14.2375015
      ],
      [
       121.0928181,
       14.2371739
      ],
      [
       121.0928937,
       14.2367309
      ],
      [
       121.0929415,
       14.2364564
      ],
      [
       121.0927581,
       14.2356432
      ],
      [
       121.0925023,
       14.2353451
      ],
      [
       121.092386,
       14.2353339
      ],
      [
       121.0921561,
       14.2353041
      ],
      [
       121.0918654,
       14.2352448
      ],
      [
       121.0914273,
       14.2350713
      ],
      [
       121.0912997,
       14.2350425
      ],
      [
       121.0911332,
       14.2351948
      ],
      [
       121.0908912,
       14.2352966
      ],
      [
       121.0906697,
       14.2353166
      ],
      [
       121.0903543,
       14.2352501
      ],
      [
       121.0901589,
       14.2350826
      ],
      [
       121.0899438,
       14.2347021
      ],
      [
       121.0897292,
       14.2341613
      ],
      [
       121.0895581,
       14.2338275
      ],
      [
       121.0895469,
       14.2335737
      ],
      [
       121.0897078,
       14.2333709
      ],
      [
       121.0899814,
       14.2332461
      ],
      [
       121.0902626,
       14.2332076
      ],
      [
       121.0903114,
       14.2330974
      ],
      [
       121.0903806,
       14.2327917
      ],
      [
       121.090284,
       14.2326357
      ],
      [
       121.0900587,
       14.2324225
      ],
      [
       121.0897851,
       14.2324329
      ],
      [
       121.0892326,
       14.2324277
      ],
      [
       121.0887235,
       14.2323954
      ],
      [
       121.0883534,
       14.2323954
      ],
      [
       121.0879827,
       14.2323549
      ],
      [
       121.0875856,
       14.2323397
      ],
      [
       121.0871245,
       14.2322807
      ],
      [
       121.0866843,
       14.2321262
      ],
      [
       121.0862659,
       14.2318351
      ],
      [
       121.0861183,
       14.2312686
      ],
      [
       121.0859931,
       14.2308404
      ],
      [
       121.0859938,
       14.2306659
      ],
      [
       121.0860795,
       14.2304688
      ],
      [
       121.0860719,
       14.2297992
      ],
      [
       121.085944,
       14.2294639
      ],
      [
       121.085826,
       14.228944
      ],
      [
       121.0856329,
       14.2286008
      ],
      [
       121.0853969,
       14.2285592
      ],
      [
       121.0851608,
       14.2286632
      ],
      [
       121.0846029,
       14.2289544
      ],
      [
       121.0841738,
       14.2291936
      ],
      [
       121.083573,
       14.2292872
      ],
      [
       121.0829614,
       14.2292456
      ],
      [
       121.082661,
       14.2290896
      ],
      [
       121.0823821,
       14.2286424
      ],
      [
       121.0822211,
       14.2282056
      ],
      [
       121.0821353,
       14.2273944
      ],
      [
       121.0820495,
       14.2270096
      ],
      [
       121.0819207,
       14.2269576
      ],
      [
       121.0818027,
       14.2269992
      ],
      [
       121.081674,
       14.2271552
      ],
      [
       121.081631,
       14.2273528
      ],
      [
       121.081395,
       14.227488
      ],
      [
       121.0810946,
       14.2275192
      ],
      [
       121.0807405,
       14.2274776
      ],
      [
       121.0803758,
       14.2273944
      ],
      [
       121.0796784,
       14.2274152
      ],
      [
       121.0792814,
       14.2276024
      ],
      [
       121.0786913,
       14.2276232
      ],
      [
       121.0781549,
       14.22754
      ],
      [
       121.0774575,
       14.2275504
      ],
      [
       121.0770713,
       14.2275608
      ],
      [
       121.0768567,
       14.2274152
      ],
      [
       121.0766743,
       14.2269888
      ],
      [
       121.0764276,
       14.2265832
      ],
      [
       121.0760199,
       14.2261672
      ],
      [
       121.07558,
       14.2260632
      ],
      [
       121.0748971,
       14.2260414
      ],
      [
       121.0744534,
       14.2260008
      ],
      [
       121.0740887,
       14.226032
      ],
      [
       121.0737346,
       14.2259696
      ],
      [
       121.0733162,
       14.225512
      ],
      [
       121.0731016,
       14.2252312
      ],
      [
       121.0728763,
       14.2251584
      ],
      [
       121.0725544,
       14.2252416
      ],
      [
       121.0722648,
       14.2252728
      ],
      [
       121.0719107,
       14.2250752
      ],
      [
       121.0718571,
       14.224888
      ],
      [
       121.0719107,
       14.2246073
      ],
      [
       121.0719107,
       14.2243161
      ],
      [
       121.0716318,
       14.2240977
      ],
      [
       121.0713743,
       14.2240457
      ],
      [
       121.0711275,
       14.2241393
      ],
      [
       121.0708807,
       14.2242433
      ],
      [
       121.0706876,
       14.2241705
      ],
      [
       121.0704623,
       14.2240145
      ],
      [
       121.0700546,
       14.2239209
      ],
      [
       121.0697864,
       14.2237758
      ],
      [
       121.0696147,
       14.2236193
      ],
      [
       121.0696362,
       14.2232657
      ],
      [
       121.0695396,
       14.2231201
      ],
      [
       121.0692929,
       14.2231825
      ],
      [
       121.0690139,
       14.2234009
      ],
      [
       121.0687242,
       14.2235985
      ],
      [
       121.068456,
       14.2235881
      ],
      [
       121.0681127,
       14.2235673
      ],
      [
       121.0678981,
       14.2234633
      ],
      [
       121.0676514,
       14.2230161
      ],
      [
       121.0676406,
       14.2227457
      ],
      [
       121.0678552,
       14.2223609
      ],
      [
       121.0680591,
       14.2220073
      ],
      [
       121.0680054,
       14.2216745
      ],
      [
       121.0677372,
       14.2212897
      ],
      [
       121.0672973,
       14.2209673
      ],
      [
       121.0669325,
       14.2207905
      ],
      [
       121.0663639,
       14.2204473
      ],
      [
       121.0660957,
       14.2203017
      ],
      [
       121.0656692,
       14.2204187
      ],
      [
       121.0653985,
       14.2204782
      ],
      [
       121.0653139,
       14.2204772
      ],
      [
       121.0652657,
       14.2204483
      ],
      [
       121.0652253,
       14.2203797
      ],
      [
       121.0651973,
       14.2202494
      ],
      [
       121.0651571,
       14.2201038
      ],
      [
       121.0651557,
       14.2200076
      ],
      [
       121.0652159,
       14.2198623
      ],
      [
       121.0652186,
       14.2197141
      ],
      [
       121.0651274,
       14.2195684
      ],
      [
       121.0649076,
       14.219472
      ],
      [
       121.0647519,
       14.2194514
      ],
      [
       121.0646151,
       14.2194748
      ],
      [
       121.0644275,
       14.2195578
      ],
      [
       121.0642208,
       14.2195658
      ],
      [
       121.0639796,
       14.219524
      ],
      [
       121.063824,
       14.2194122
      ],
      [
       121.0636817,
       14.2192278
      ],
      [
       121.063518,
       14.2188872
      ],
      [
       121.0633358,
       14.218679
      ],
      [
       121.062991,
       14.2183724
      ],
      [
       121.0627189,
       14.2181187
      ],
      [
       121.0625229,
       14.217985
      ],
      [
       121.0623688,
       14.2179512
      ],
      [
       121.0622321,
       14.2179484
      ],
      [
       121.0621555,
       14.2179824
      ],
      [
       121.062102,
       14.2180459
      ],
      [
       121.0620871,
       14.2181293
      ],
      [
       121.062098,
       14.2182357
      ],
      [
       121.0620992,
       14.2184283
      ],
      [
       121.0620604,
       14.2186062
      ],
      [
       121.0619798,
       14.2187793
      ],
      [
       121.0619169,
       14.2189338
      ],
      [
       121.0618485,
       14.2191236
      ],
      [
       121.061831,
       14.2192707
      ],
      [
       121.0618444,
       14.2193643
      ],
      [
       121.0618177,
       14.2194096
      ],
      [
       121.06176,
       14.219433
      ],
      [
       121.0616419,
       14.2194462
      ],
      [
       121.0614901,
       14.2194439
      ],
      [
       121.0612813,
       14.2194109
      ],
      [
       121.0610569,
       14.2194218
      ],
      [
       121.0607582,
       14.2194798
      ],
      [
       121.0606027,
       14.2194889
      ],
      [
       121.0603867,
       14.2194785
      ],
      [
       121.0601587,
       14.2195268
      ],
      [
       121.0598234,
       14.2196334
      ],
      [
       121.059633,
       14.2196865
      ],
      [
       121.0594706,
       14.2197192
      ],
      [
       121.059342,
       14.2197359
      ],
      [
       121.0592347,
       14.2197229
      ],
      [
       121.0591447,
       14.2196906
      ],
      [
       121.0590577,
       14.219615
      ],
      [
       121.0589759,
       14.2194876
      ],
      [
       121.0587572,
       14.2191641
      ],
      [
       121.0586954,
       14.2189691
      ],
      [
       121.0587117,
       14.2188129
      ],
      [
       121.0587439,
       14.2187388
      ],
      [
       121.0588243,
       14.2186948
      ],
      [
       121.0589382,
       14.218674
      ],
      [
       121.0590186,
       14.2186493
      ],
      [
       121.0590591,
       14.2185672
      ],
      [
       121.0590361,
       14.2184491
      ],
      [
       121.0589746,
       14.21838
      ],
      [
       121.0589127,
       14.2183399
      ],
      [
       121.058623,
       14.2182151
      ],
      [
       121.0583912,
       14.2181434
      ],
      [
       121.0581444,
       14.2181109
      ],
      [
       121.057978,
       14.2180669
      ],
      [
       121.0578708,
       14.2180095
      ],
      [
       121.0577568,
       14.2179432
      ],
      [
       121.0576308,
       14.2179211
      ],
      [
       121.0574283,
       14.2179185
      ],
      [
       121.0572995,
       14.2179029
      ],
      [
       121.0572271,
       14.2178665
      ],
      [
       121.0571532,
       14.2178459
      ],
      [
       121.0570192,
       14.2178509
      ],
      [
       121.0569172,
       14.2178186
      ],
      [
       121.0568409,
       14.217743
      ],
      [
       121.056814,
       14.2176533
      ],
      [
       121.056806,
       14.2175571
      ],
      [
       121.0568099,
       14.2174234
      ],
      [
       121.0567886,
       14.2172672
      ],
      [
       121.0567128,
       14.2170792
      ],
      [
       121.0566518,
       14.2169032
      ],
      [
       121.0565793,
       14.2167602
      ],
      [
       121.0564381,
       14.2166892
      ],
      [
       121.0563138,
       14.2166016
      ],
      [
       121.0562307,
       14.2164716
      ],
      [
       121.0561529,
       14.2161908
      ],
      [
       121.0560749,
       14.2160844
      ],
      [
       121.0559676,
       14.2160688
      ],
      [
       121.0557452,
       14.2160971
      ],
      [
       121.0554768,
       14.2161286
      ],
      [
       121.0551497,
       14.2162038
      ],
      [
       121.0547003,
       14.2162772
      ],
      [
       121.0544794,
       14.2162438
      ],
      [
       121.0543617,
       14.2161837
      ],
      [
       121.054265,
       14.2160814
      ],
      [
       121.0540407,
       14.216084
      ],
      [
       121.0536611,
       14.2161778
      ],
      [
       121.0532425,
       14.2162144
      ],
      [
       121.0528241,
       14.2163288
      ],
      [
       121.0526738,
       14.2164172
      ],
      [
       121.0525237,
       14.2165056
      ],
      [
       121.0521482,
       14.216464
      ],
      [
       121.0518049,
       14.216568
      ],
      [
       121.0514186,
       14.2166512
      ],
      [
       121.0511719,
       14.2167344
      ],
      [
       121.0509895,
       14.2169736
      ],
      [
       121.0508285,
       14.21714
      ],
      [
       121.0507177,
       14.217146
      ],
      [
       121.0506354,
       14.2171504
      ],
      [
       121.0505446,
       14.2170899
      ],
      [
       121.0501929,
       14.2181316
      ],
      [
       121.0483753,
       14.223515
      ],
      [
       121.0480683,
       14.2244497
      ],
      [
       121.0480654,
       14.2245669
      ],
      [
       121.0481125,
       14.2246556
      ],
      [
       121.0473021,
       14.2268933
      ],
      [
       121.0472708,
       14.2269599
      ],
      [
       121.0472431,
       14.2270242
      ],
      [
       121.047196,
       14.2270906
      ],
      [
       121.047038,
       14.2277615
      ],
      [
       121.0466175,
       14.228372
      ],
      [
       121.0467301,
       14.2288608
      ],
      [
       121.0469447,
       14.2292092
      ],
      [
       121.0471593,
       14.2293859
      ],
      [
       121.0473094,
       14.2295679
      ],
      [
       121.0475214,
       14.2297291
      ],
      [
       121.0476796,
       14.2298591
      ],
      [
       121.0478406,
       14.2302413
      ],
      [
       121.0480927,
       14.2305923
      ],
      [
       121.0481893,
       14.2310811
      ],
      [
       121.0482099,
       14.231285
      ],
      [
       121.0483982,
       14.2316372
      ],
      [
       121.0486006,
       14.2318025
      ],
      [
       121.0488521,
       14.231975
      ],
      [
       121.049407,
       14.2323186
      ],
      [
       121.0494553,
       14.232589
      ],
      [
       121.0496591,
       14.2328802
      ],
      [
       121.0499166,
       14.233161
      ],
      [
       121.0502112,
       14.2333608
      ],
      [
       121.0504559,
       14.2334587
      ],
      [
       121.0508005,
       14.2336455
      ],
      [
       121.0510002,
       14.2337902
      ],
      [
       121.0510539,
       14.2340918
      ],
      [
       121.0513006,
       14.2343465
      ],
      [
       121.0515098,
       14.2347677
      ],
      [
       121.0517097,
       14.2352254
      ],
      [
       121.0517834,
       14.2355009
      ],
      [
       121.051821,
       14.2357453
      ],
      [
       121.0517512,
       14.2359324
      ],
      [
       121.0515474,
       14.2361872
      ],
      [
       121.0513864,
       14.2363692
      ],
      [
       121.0513569,
       14.2365811
      ],
      [
       121.0514347,
       14.2368996
      ],
      [
       121.0517727,
       14.2375443
      ],
      [
       121.0521465,
       14.2381306
      ],
      [
       121.0522287,
       14.2384072
      ],
      [
       121.0522769,
       14.2387764
      ],
      [
       121.0522539,
       14.2391396
      ],
      [
       121.0522501,
       14.2394471
      ],
      [
       121.0522501,
       14.2396343
      ],
      [
       121.0523681,
       14.2397695
      ],
      [
       121.052513,
       14.2398735
      ],
      [
       121.0527168,
       14.2400087
      ],
      [
       121.0529368,
       14.2402791
      ],
      [
       121.0531138,
       14.2405703
      ],
      [
       121.0534357,
       14.2408978
      ],
      [
       121.0537629,
       14.2411734
      ],
      [
       121.053948,
       14.2413702
      ],
      [
       121.0541062,
       14.2418597
      ],
      [
       121.0542725,
       14.2424265
      ],
      [
       121.0544481,
       14.2431243
      ],
      [
       121.0545478,
       14.2433809
      ],
      [
       121.0547553,
       14.243846
      ],
      [
       121.0548932,
       14.2444691
      ],
      [
       121.0548948,
       14.2448079
      ],
      [
       121.0548465,
       14.2451458
      ],
      [
       121.0548197,
       14.2454474
      ],
      [
       121.0548948,
       14.2457386
      ],
      [
       121.0551094,
       14.2459154
      ],
      [
       121.0553508,
       14.2460349
      ],
      [
       121.0555653,
       14.2462793
      ],
      [
       121.0559194,
       14.2467629
      ],
      [
       121.0560948,
       14.2470897
      ],
      [
       121.0561337,
       14.2472591
      ],
      [
       121.0561232,
       14.2474284
      ],
      [
       121.0561061,
       14.2479239
      ],
      [
       121.0560728,
       14.248252
      ],
      [
       121.0559945,
       14.2484973
      ],
      [
       121.0559009,
       14.2486961
      ],
      [
       121.0558214,
       14.2487974
      ],
      [
       121.0557134,
       14.2490745
      ],
      [
       121.0556576,
       14.2493959
      ],
      [
       121.0555903,
       14.2496016
      ],
      [
       121.0554479,
       14.2497683
      ],
      [
       121.0553435,
       14.249857
      ],
      [
       121.0550515,
       14.2499792
      ],
      [
       121.0547413,
       14.2500707
      ],
      [
       121.0546609,
       14.2501338
      ],
      [
       121.0546204,
       14.2502099
      ],
      [
       121.0545973,
       14.2503299
      ],
      [
       121.0545517,
       14.2503865
      ],
      [
       121.0544884,
       14.2504495
      ],
      [
       121.0544431,
       14.250496
      ],
      [
       121.0542103,
       14.2507893
      ],
      [
       121.0540693,
       14.2510112
      ],
      [
       121.0539727,
       14.2513648
      ],
      [
       121.0538332,
       14.2517287
      ],
      [
       121.0536401,
       14.2519887
      ],
      [
       121.0536509,
       14.2521031
      ],
      [
       121.0537796,
       14.2523007
      ],
      [
       121.0538288,
       14.2524674
      ],
      [
       121.053844,
       14.252519
      ],
      [
       121.0539298,
       14.2528518
      ],
      [
       121.05408,
       14.2534549
      ],
      [
       121.0541015,
       14.2540684
      ],
      [
       121.0541015,
       14.2543908
      ],
      [
       121.0541658,
       14.2546819
      ],
      [
       121.0539835,
       14.2550979
      ],
      [
       121.0538762,
       14.255597
      ],
      [
       121.053929,
       14.2558774
      ],
      [
       121.0539813,
       14.2561121
      ],
      [
       121.0541229,
       14.2563873
      ],
      [
       121.0544298,
       14.2566722
      ],
      [
       121.0546765,
       14.2567678
      ],
      [
       121.0549651,
       14.2567822
      ],
      [
       121.0551745,
       14.2567993
      ],
      [
       121.0552845,
       14.2568777
      ],
      [
       121.0553344,
       14.2569726
      ],
      [
       121.0553637,
       14.2573216
      ],
      [
       121.0554013,
       14.2574512
      ],
      [
       121.0556865,
       14.257598
      ],
      [
       121.055906,
       14.2577141
      ],
      [
       121.0560305,
       14.2578909
      ],
      [
       121.0560648,
       14.2581758
      ],
      [
       121.0560929,
       14.2582891
      ],
      [
       121.0561292,
       14.2584358
      ],
      [
       121.0565155,
       14.2588829
      ],
      [
       121.0565476,
       14.259174
      ],
      [
       121.0567622,
       14.2595796
      ],
      [
       121.0571055,
       14.2599331
      ],
      [
       121.0572987,
       14.2601203
      ],
      [
       121.0573201,
       14.2603179
      ],
      [
       121.0571914,
       14.2604946
      ],
      [
       121.0569983,
       14.260609
      ],
      [
       121.0569446,
       14.2608482
      ],
      [
       121.0569553,
       14.2612641
      ],
      [
       121.0569983,
       14.2615448
      ],
      [
       121.0571055,
       14.261628
      ],
      [
       121.0573952,
       14.2617216
      ],
      [
       121.0577493,
       14.2618464
      ],
      [
       121.057996,
       14.2620128
      ],
      [
       121.0581033,
       14.2622623
      ],
      [
       121.0581033,
       14.2625223
      ],
      [
       121.0580819,
       14.2627094
      ],
      [
       121.0581677,
       14.262855
      ],
      [
       121.0582643,
       14.2630942
      ],
      [
       121.058275,
       14.2633437
      ],
      [
       121.0584359,
       14.2635309
      ],
      [
       121.0587041,
       14.2635621
      ],
      [
       121.0590904,
       14.2634893
      ],
      [
       121.0593586,
       14.2633229
      ],
      [
       121.0596161,
       14.2633541
      ],
      [
       121.0599272,
       14.2634997
      ],
      [
       121.0600667,
       14.2636245
      ],
      [
       121.0600774,
       14.2639052
      ],
      [
       121.060056,
       14.2641652
      ],
      [
       121.0600882,
       14.2644979
      ],
      [
       121.0602705,
       14.2647371
      ],
      [
       121.060571,
       14.2649034
      ],
      [
       121.0608714,
       14.2651322
      ],
      [
       121.061204,
       14.2653505
      ],
      [
       121.0615902,
       14.2654441
      ],
      [
       121.0617297,
       14.2656001
      ],
      [
       121.0617082,
       14.2658289
      ],
      [
       121.061837,
       14.2662552
      ],
      [
       121.0620301,
       14.2666711
      ],
      [
       121.0622232,
       14.2668271
      ],
      [
       121.0624592,
       14.2668895
      ],
      [
       121.0627811,
       14.2668479
      ],
      [
       121.0630386,
       14.2669102
      ],
      [
       121.0632317,
       14.2669934
      ],
      [
       121.0633175,
       14.2671702
      ],
      [
       121.0633175,
       14.2673782
      ],
      [
       121.0633031,
       14.2676761
      ],
      [
       121.0633083,
       14.2677437
      ],
      [
       121.0633245,
       14.2679568
      ],
      [
       121.0635107,
       14.268262
      ],
      [
       121.0637514,
       14.2685757
      ],
      [
       121.0638218,
       14.2686675
      ],
      [
       121.0640256,
       14.2687403
      ],
      [
       121.0642188,
       14.2689586
      ],
      [
       121.0642831,
       14.269073
      ],
      [
       121.064487,
       14.2695305
      ],
      [
       121.0647123,
       14.2697697
      ],
      [
       121.0651951,
       14.2699464
      ],
      [
       121.0656958,
       14.2703007
      ],
      [
       121.065871,
       14.2704247
      ],
      [
       121.0662465,
       14.2705911
      ],
      [
       121.0664466,
       14.2709826
      ],
      [
       121.0665861,
       14.2716688
      ],
      [
       121.0668328,
       14.2723135
      ],
      [
       121.0669653,
       14.2725459
      ],
      [
       121.067137,
       14.2725874
      ],
      [
       121.0672872,
       14.2724731
      ],
      [
       121.067373,
       14.2722131
      ],
      [
       121.0674052,
       14.2718908
      ],
      [
       121.0675232,
       14.2718284
      ],
      [
       121.0677056,
       14.27187
      ],
      [
       121.0678558,
       14.2720572
      ],
      [
       121.0680704,
       14.2723587
      ],
      [
       121.0685639,
       14.2725043
      ],
      [
       121.0690682,
       14.2729722
      ],
      [
       121.0693042,
       14.2733361
      ],
      [
       121.069272,
       14.2736064
      ],
      [
       121.0692146,
       14.2738523
      ],
      [
       121.0693579,
       14.2739807
      ],
      [
       121.0695724,
       14.2739703
      ],
      [
       121.0697763,
       14.2738872
      ],
      [
       121.0700123,
       14.2739807
      ],
      [
       121.0705595,
       14.2742719
      ],
      [
       121.0707826,
       14.2744849
      ],
      [
       121.0708063,
       14.2747294
      ],
      [
       121.0706882,
       14.2749373
      ],
      [
       121.0705273,
       14.2751343
      ],
      [
       121.0704415,
       14.2754255
      ],
      [
       121.0702913,
       14.2756542
      ],
      [
       121.0703557,
       14.2757998
      ],
      [
       121.0705166,
       14.275831
      ],
      [
       121.0706453,
       14.275727
      ],
      [
       121.071053,
       14.2758206
      ],
      [
       121.0713701,
       14.2760567
      ],
      [
       121.0715837,
       14.2761398
      ],
      [
       121.0718432,
       14.2761918
      ],
      [
       121.0722439,
       14.2763405
      ],
      [
       121.0724692,
       14.2765068
      ],
      [
       121.0726731,
       14.2768395
      ],
      [
       121.0730271,
       14.2770163
      ],
      [
       121.0732524,
       14.2771099
      ],
      [
       121.0734992,
       14.2773594
      ],
      [
       121.0738273,
       14.2775405
      ],
      [
       121.0743897,
       14.277557
      ],
      [
       121.0748296,
       14.2777337
      ],
      [
       121.0753553,
       14.2781912
      ],
      [
       121.0760956,
       14.2785343
      ],
      [
       121.0769861,
       14.2790022
      ],
      [
       121.0773401,
       14.2791686
      ],
      [
       121.0774903,
       14.2791998
      ],
      [
       121.0776083,
       14.2791478
      ],
      [
       121.0777156,
       14.2789502
      ],
      [
       121.0778122,
       14.2788462
      ],
      [
       121.0780804,
       14.2788151
      ],
      [
       121.078413,
       14.2789086
      ],
      [
       121.0794108,
       14.2796676
      ],
      [
       121.0795288,
       14.2800419
      ],
      [
       121.079568,
       14.2803507
      ],
      [
       121.0799006,
       14.2806627
      ],
      [
       121.0802224,
       14.280829
      ],
      [
       121.0805443,
       14.2807874
      ],
      [
       121.0808699,
       14.2806346
      ],
      [
       121.0810952,
       14.2807282
      ],
      [
       121.0813098,
       14.2808841
      ],
      [
       121.0816209,
       14.2812272
      ],
      [
       121.0820715,
       14.2814872
      ],
      [
       121.0824471,
       14.2816847
      ],
      [
       121.0826509,
       14.2819342
      ],
      [
       121.0827153,
       14.2822254
      ],
      [
       121.0826579,
       14.282451
      ],
      [
       121.0824326,
       14.2827213
      ],
      [
       121.0822716,
       14.2828773
      ],
      [
       121.0822609,
       14.2830332
      ],
      [
       121.0824862,
       14.2831892
      ],
      [
       121.0827759,
       14.28321
      ],
      [
       121.0830479,
       14.2831403
      ],
      [
       121.0834019,
       14.2833275
      ],
      [
       121.0836916,
       14.2834834
      ],
      [
       121.0838311,
       14.283733
      ],
      [
       121.0839598,
       14.2839305
      ],
      [
       121.0842817,
       14.2841696
      ],
      [
       121.0843568,
       14.2843984
      ],
      [
       121.0843139,
       14.2846895
      ],
      [
       121.0842388,
       14.285147
      ],
      [
       121.0842495,
       14.2853965
      ],
      [
       121.084389,
       14.2855733
      ],
      [
       121.0845606,
       14.2857292
      ],
      [
       121.0846894,
       14.2859164
      ],
      [
       121.0847017,
       14.2861643
      ],
      [
       121.0846245,
       14.286384
      ],
      [
       121.0845602,
       14.2865919
      ],
      [
       121.0846138,
       14.2867895
      ],
      [
       121.0848767,
       14.2869948
      ],
      [
       121.0852146,
       14.2872365
      ],
      [
       121.0855096,
       14.2874341
      ],
      [
       121.0856089,
       14.2875406
      ],
      [
       121.0856223,
       14.2876316
      ],
      [
       121.0855874,
       14.2877148
      ],
      [
       121.0854426,
       14.2877746
      ],
      [
       121.0852897,
       14.287772
      ],
      [
       121.0850912,
       14.2878318
      ],
      [
       121.0850376,
       14.2879046
      ],
      [
       121.0849732,
       14.2880449
      ],
      [
       121.0848633,
       14.2883568
      ],
      [
       121.0848391,
       14.2884946
      ],
      [
       121.0848176,
       14.2887649
      ],
      [
       121.0849142,
       14.289056
      ],
      [
       121.0852039,
       14.2891392
      ],
      [
       121.0855472,
       14.2893159
      ],
      [
       121.0859227,
       14.2895239
      ],
      [
       121.0864699,
       14.2900333
      ],
      [
       121.0867523,
       14.2901437
      ],
      [
       121.0869586,
       14.2901103
      ],
      [
       121.0869971,
       14.2899394
      ],
      [
       121.0870024,
       14.2896747
      ],
      [
       121.086991,
       14.289349
      ],
      [
       121.0869662,
       14.2891121
      ],
      [
       121.0870885,
       14.2889319
      ],
      [
       121.0872623,
       14.288828
      ],
      [
       121.0873895,
       14.289011
      ],
      [
       121.0876849,
       14.289173
      ],
      [
       121.0879693,
       14.2892172
      ],
      [
       121.0883394,
       14.2891626
      ],
      [
       121.0886264,
       14.2892016
      ],
      [
       121.0888624,
       14.2894095
      ],
      [
       121.0890093,
       14.2897964
      ],
      [
       121.0889745,
       14.2900659
      ],
      [
       121.0891092,
       14.2902234
      ],
      [
       121.0892586,
       14.2903205
      ],
      [
       121.0893928,
       14.2903856
      ],
      [
       121.0895236,
       14.2903777
      ],
      [
       121.0896188,
       14.2903595
      ],
      [
       121.089828,
       14.2903335
      ],
      [
       121.0899138,
       14.2903962
      ],
      [
       121.0899755,
       14.2904609
      ],
      [
       121.0902505,
       14.2907234
      ],
      [
       121.0904235,
       14.2908204
      ],
      [
       121.0907303,
       14.2910616
      ],
      [
       121.0908151,
       14.2911341
      ],
      [
       121.0909035,
       14.2913719
      ],
      [
       121.0909069,
       14.2915301
      ],
      [
       121.0908177,
       14.2915993
      ],
      [
       121.090588,
       14.2916204
      ],
      [
       121.0903866,
       14.291622
      ],
      [
       121.0902143,
       14.2915616
      ],
      [
       121.0899782,
       14.2914473
      ],
      [
       121.0898709,
       14.2913329
      ],
      [
       121.0896778,
       14.2913017
      ],
      [
       121.0896107,
       14.2915149
      ],
      [
       121.0896858,
       14.2918579
      ],
      [
       121.0898019,
       14.2923398
      ],
      [
       121.0897798,
       14.2930354
      ],
      [
       121.0898186,
       14.2934097
      ],
      [
       121.0898578,
       14.2935911
      ],
      [
       121.0899889,
       14.2936605
      ],
      [
       121.0903041,
       14.2937242
      ],
      [
       121.0904262,
       14.2937242
      ],
      [
       121.0906367,
       14.2939337
      ],
      [
       121.0909183,
       14.2942583
      ],
      [
       121.0914159,
       14.2947534
      ],
      [
       121.0917807,
       14.2951069
      ],
      [
       121.0921776,
       14.2956891
      ],
      [
       121.09251,
       14.2962924
      ],
      [
       121.0927497,
       14.2966342
      ],
      [
       121.0930788,
       14.2968536
      ],
      [
       121.0932934,
       14.2968016
      ],
      [
       121.0934651,
       14.2966976
      ],
      [
       121.0936689,
       14.2966976
      ],
      [
       121.0937797,
       14.2967506
      ],
      [
       121.0940766,
       14.2972486
      ],
      [
       121.0942039,
       14.2974177
      ],
      [
       121.0941731,
       14.2974883
      ],
      [
       121.0941692,
       14.2975558
      ],
      [
       121.0941658,
       14.2976154
      ],
      [
       121.0941623,
       14.2976755
      ],
      [
       121.0943018,
       14.2980653
      ],
      [
       121.0943554,
       14.2983096
      ],
      [
       121.0943823,
       14.2985592
      ],
      [
       121.0943179,
       14.298949
      ],
      [
       121.0942227,
       14.2995491
      ],
      [
       121.0942095,
       14.2996323
      ],
      [
       121.0941892,
       14.29976
      ],
      [
       121.0938887,
       14.3018806
      ],
      [
       121.0939692,
       14.3023224
      ],
      [
       121.093976,
       14.3035506
      ],
      [
       121.0939364,
       14.3048763
      ],
      [
       121.0939317,
       14.3052437
      ],
      [
       121.0939317,
       14.305489
      ],
      [
       121.0939317,
       14.3057012
      ],
      [
       121.0938673,
       14.3060286
      ],
      [
       121.093701,
       14.3066576
      ],
      [
       121.0935883,
       14.3069331
      ],
      [
       121.0924715,
       14.3087892
      ],
      [
       121.0923438,
       14.3089658
      ],
      [
       121.0919278,
       14.3095412
      ],
      [
       121.0918664,
       14.3096158
      ],
      [
       121.0916066,
       14.3099312
      ],
      [
       121.0915894,
       14.3099521
      ],
      [
       121.0915178,
       14.3101986
      ],
      [
       121.091382,
       14.3112189
      ],
      [
       121.0913461,
       14.3120711
      ],
      [
       121.0912495,
       14.3125833
      ],
      [
       121.0912495,
       14.3128328
      ],
      [
       121.0912441,
       14.3130147
      ],
      [
       121.0912065,
       14.3133994
      ],
      [
       121.0911958,
       14.3136697
      ],
      [
       121.0912173,
       14.313784
      ],
      [
       121.091287,
       14.31394
      ],
      [
       121.0913353,
       14.3141999
      ],
      [
       121.0913943,
       14.3144805
      ],
      [
       121.0914211,
       14.3147612
      ],
      [
       121.0914265,
       14.3149016
      ],
      [
       121.0914909,
       14.3150003
      ],
      [
       121.0915928,
       14.3150471
      ],
      [
       121.0916384,
       14.3150726
      ],
      [
       121.0917322,
       14.3151251
      ],
      [
       121.0918127,
       14.315255
      ],
      [
       121.0918395,
       14.315385
      ],
      [
       121.0918556,
       14.3155409
      ],
      [
       121.0918449,
       14.3157384
      ],
      [
       121.0918342,
       14.3158736
      ],
      [
       121.0918771,
       14.3159255
      ],
      [
       121.0919307,
       14.3159671
      ],
      [
       121.0920058,
       14.3160191
      ],
      [
       121.0920863,
       14.3160451
      ],
      [
       121.092199,
       14.3160243
      ],
      [
       121.0923009,
       14.3160035
      ],
      [
       121.0923974,
       14.3160672
      ],
      [
       121.0925101,
       14.3162374
      ],
      [
       121.092612,
       14.3163986
      ],
      [
       121.0926549,
       14.3165597
      ],
      [
       121.0926657,
       14.3167104
      ],
      [
       121.0926442,
       14.3168144
      ],
      [
       121.0925798,
       14.3168716
      ],
      [
       121.0924653,
       14.3170078
      ],
      [
       121.0923139,
       14.3171427
      ],
      [
       121.0922815,
       14.3172647
      ],
      [
       121.0922183,
       14.3177451
      ],
      [
       121.0921635,
       14.3181623
      ],
      [
       121.0920841,
       14.3189387
      ],
      [
       121.0921472,
       14.3190812
      ],
      [
       121.0922312,
       14.3192124
      ],
      [
       121.0923246,
       14.3193414
      ],
      [
       121.0924344,
       14.3195111
      ],
      [
       121.0925511,
       14.3196038
      ],
      [
       121.0926819,
       14.3196106
      ],
      [
       121.092857,
       14.3197667
      ],
      [
       121.0930321,
       14.3198617
      ],
      [
       121.0931769,
       14.3199794
      ],
      [
       121.093317,
       14.3199998
      ],
      [
       121.0934057,
       14.3200179
      ],
      [
       121.0934945,
       14.3200699
      ],
      [
       121.0936322,
       14.3201468
      ],
      [
       121.093714,
       14.3202305
      ],
      [
       121.0939031,
       14.3202735
      ],
      [
       121.0939498,
       14.3202622
      ],
      [
       121.0940362,
       14.3202509
      ],
      [
       121.0942206,
       14.3202803
      ],
      [
       121.0944308,
       14.3202984
      ],
      [
       121.0946713,
       14.3203866
      ],
      [
       121.0948324,
       14.3204703
      ],
      [
       121.0950029,
       14.3205948
      ],
      [
       121.0950426,
       14.3206672
      ],
      [
       121.095122,
       14.3207102
      ],
      [
       121.095192,
       14.3207079
      ],
      [
       121.0952551,
       14.3206762
      ],
      [
       121.0953251,
       14.3206808
      ],
      [
       121.0953788,
       14.3207056
      ],
      [
       121.0954722,
       14.3207893
      ],
      [
       121.0955282,
       14.3208459
      ],
      [
       121.0955913,
       14.3208572
      ],
      [
       121.0957057,
       14.3209251
      ],
      [
       121.0957944,
       14.3209703
      ],
      [
       121.0958201,
       14.3210246
      ],
      [
       121.0959252,
       14.3210722
      ],
      [
       121.0959836,
       14.3211174
      ],
      [
       121.0960746,
       14.3211513
      ],
      [
       121.096119,
       14.3212147
      ],
      [
       121.0964015,
       14.3213346
      ],
      [
       121.0966164,
       14.3214703
      ],
      [
       121.0966583,
       14.3215553
      ],
      [
       121.0967823,
       14.3218071
      ],
      [
       121.0968727,
       14.3219906
      ],
      [
       121.0969089,
       14.3221837
      ],
      [
       121.0968982,
       14.322272
      ],
      [
       121.0968767,
       14.3223812
      ],
      [
       121.0968338,
       14.3224591
      ],
      [
       121.0968392,
       14.3225527
      ],
      [
       121.0969602,
       14.3226514
      ],
      [
       121.0970575,
       14.3226931
      ],
      [
       121.0971265,
       14.3228148
      ],
      [
       121.0971774,
       14.3229576
      ],
      [
       121.0973542,
       14.3233739
      ],
      [
       121.0975687,
       14.3236286
      ],
      [
       121.097853,
       14.3237741
      ],
      [
       121.0979818,
       14.3239093
      ],
      [
       121.0981856,
       14.3239509
      ],
      [
       121.0983037,
       14.3239821
      ],
      [
       121.0986094,
       14.3240652
      ],
      [
       121.0990332,
       14.3241172
      ],
      [
       121.0994141,
       14.3241744
      ],
      [
       121.1002466,
       14.3243397
      ],
      [
       121.1003176,
       14.3243243
      ],
      [
       121.1003421,
       14.3242263
      ],
      [
       121.1012595,
       14.3243771
      ],
      [
       121.1013828,
       14.3243303
      ],
      [
       121.1014875,
       14.324316
      ],
      [
       121.1015291,
       14.3243355
      ],
      [
       121.1014579,
       14.3243666
      ],
      [
       121.1014499,
       14.3243913
      ],
      [
       121.1014366,
       14.3244239
      ],
      [
       121.1014204,
       14.324494
      ],
      [
       121.1013829,
       14.3246084
      ],
      [
       121.1013454,
       14.3247383
      ],
      [
       121.1013131,
       14.3248812
      ],
      [
       121.1011951,
       14.3252919
      ],
      [
       121.101541,
       14.3253946
      ],
      [
       121.1016229,
       14.3254478
      ],
      [
       121.1016484,
       14.3254842
      ],
      [
       121.1016726,
       14.3255024
      ],
      [
       121.1018039,
       14.3255426
      ],
      [
       121.1017968,
       14.3256396
      ],
      [
       121.1016966,
       14.3260689
      ],
      [
       121.1016698,
       14.3262092
      ],
      [
       121.1018147,
       14.3271032
      ],
      [
       121.1016218,
       14.3282981
      ],
      [
       121.1015518,
       14.3285377
      ],
      [
       121.1013426,
       14.3293382
      ],
      [
       121.1024101,
       14.3294785
      ],
      [
       121.1023216,
       14.3300112
      ],
      [
       121.1022787,
       14.3301516
      ],
      [
       121.1021789,
       14.3308421
      ],
      [
       121.102166,
       14.3310664
      ],
      [
       121.1023913,
       14.3311183
      ],
      [
       121.1024986,
       14.3312275
      ],
      [
       121.1027186,
       14.3312534
      ],
      [
       121.102842,
       14.331425
      ],
      [
       121.1030297,
       14.3316485
      ],
      [
       121.103255,
       14.3318823
      ],
      [
       121.1034535,
       14.3320019
      ],
      [
       121.1035286,
       14.3321682
      ],
      [
       121.103652,
       14.3323917
      ],
      [
       121.1036842,
       14.3326983
      ],
      [
       121.1036842,
       14.3329062
      ],
      [
       121.1036734,
       14.3331661
      ],
      [
       121.1036949,
       14.3332753
      ],
      [
       121.1040275,
       14.3335767
      ],
      [
       121.1042635,
       14.3338938
      ],
      [
       121.1043333,
       14.3340757
      ],
      [
       121.1043923,
       14.3342316
      ],
      [
       121.1044996,
       14.3343563
      ],
      [
       121.1045371,
       14.3344967
      ],
      [
       121.1045371,
       14.3345746
      ],
      [
       121.1044835,
       14.3346682
      ],
      [
       121.1043228,
       14.3349431
      ],
      [
       121.104285,
       14.3350995
      ],
      [
       121.1043656,
       14.3353269
      ],
      [
       121.1567114,
       14.3773194
      ],
      [
       121.1652945,
       14.3528741
      ],
      [
       121.1725043,
       14.3300894
      ],
      [
       121.1776541,
       14.3167834
      ],
      [
       121.1306003,
       14.2982418
      ],
      [
       121.1301872,
       14.298169
      ],
      [
       121.1297083,
       14.2974505
      ],
      [
       121.1294614,
       14.2971542
      ],
      [
       121.1289518,
       14.2967902
      ],
      [
       121.1281557,
       14.2963912
      ],
      [
       121.1281392,
       14.296129
      ],
      [
       121.1281261,
       14.2960898
      ],
      [
       121.1280647,
       14.2959637
      ],
      [
       121.1280507,
       14.2959119
      ],
      [
       121.1279434,
       14.2957924
      ],
      [
       121.1278241,
       14.2956778
      ],
      [
       121.1277771,
       14.295526
      ],
      [
       121.1277235,
       14.2953428
      ],
      [
       121.1278146,
       14.2948905
      ],
      [
       121.1278308,
       14.2946371
      ],
      [
       121.1278281,
       14.294446
      ],
      [
       121.1279058,
       14.2942901
      ],
      [
       121.1279648,
       14.2941887
      ],
      [
       121.1280346,
       14.2941653
      ],
      [
       121.1282599,
       14.2942303
      ],
      [
       121.1283457,
       14.2941861
      ],
      [
       121.1283377,
       14.2939938
      ],
      [
       121.1281687,
       14.293895
      ],
      [
       121.1280507,
       14.2937702
      ],
      [
       121.1279434,
       14.2936819
      ],
      [
       121.1278736,
       14.2935675
      ],
      [
       121.1279031,
       14.2934843
      ],
      [
       121.1280442,
       14.2933024
      ],
      [
       121.1281875,
       14.2931569
      ],
      [
       121.1285307,
       14.2928371
      ],
      [
       121.1285201,
       14.2927176
      ],
      [
       121.128445,
       14.2926188
      ],
      [
       121.1280399,
       14.2922107
      ],
      [
       121.1279344,
       14.2920699
      ],
      [
       121.1278361,
       14.2919183
      ],
      [
       121.1278026,
       14.2917767
      ],
      [
       121.1278025,
       14.2917572
      ],
      [
       121.1278602,
       14.2914999
      ],
      [
       121.1278455,
       14.2914219
      ],
      [
       121.1277999,
       14.2913102
      ],
      [
       121.1275075,
       14.2908864
      ],
      [
       121.1274432,
       14.2908176
      ],
      [
       121.1272782,
       14.2907604
      ],
      [
       121.1271334,
       14.290776
      ],
      [
       121.1270261,
       14.2907773
      ],
      [
       121.1269094,
       14.290646
      ],
      [
       121.1269185,
       14.2905543
      ],
      [
       121.1269459,
       14.2904938
      ],
      [
       121.1270529,
       14.2902925
      ],
      [
       121.1271441,
       14.2900482
      ],
      [
       121.1271494,
       14.2899598
      ],
      [
       121.1272728,
       14.2898299
      ],
      [
       121.1273533,
       14.2897675
      ],
      [
       121.1273908,
       14.2896999
      ],
      [
       121.1273801,
       14.2896271
      ],
      [
       121.1273157,
       14.2895907
      ],
      [
       121.1271977,
       14.2895491
      ],
      [
       121.1271065,
       14.2895024
      ],
      [
       121.1270368,
       14.289362
      ],
      [
       121.1270422,
       14.2892112
      ],
      [
       121.1271119,
       14.2891852
      ],
      [
       121.1273318,
       14.2891852
      ],
      [
       121.1274069,
       14.2891541
      ],
      [
       121.1274552,
       14.2890605
      ],
      [
       121.1273694,
       14.2889305
      ],
      [
       121.1273646,
       14.2888687
      ],
      [
       121.1274284,
       14.288811
      ],
      [
       121.127541,
       14.2887538
      ],
      [
       121.1276805,
       14.2887954
      ],
      [
       121.1278361,
       14.2888941
      ],
      [
       121.1279756,
       14.2889045
      ],
      [
       121.1280775,
       14.2887798
      ],
      [
       121.1280775,
       14.2886914
      ],
      [
       121.1280775,
       14.288525
      ],
      [
       121.1280399,
       14.2884263
      ],
      [
       121.127938,
       14.2883847
      ],
      [
       121.1278361,
       14.2884315
      ],
      [
       121.1277181,
       14.2885302
      ],
      [
       121.1276054,
       14.2884991
      ],
      [
       121.1275303,
       14.2884315
      ],
      [
       121.1275303,
       14.2883119
      ],
      [
       121.127584,
       14.2882339
      ],
      [
       121.1277288,
       14.2881871
      ],
      [
       121.1278307,
       14.2882287
      ],
      [
       121.1279434,
       14.2882651
      ],
      [
       121.1280775,
       14.2882287
      ],
      [
       121.1281526,
       14.2881456
      ],
      [
       121.1281687,
       14.2880416
      ],
      [
       121.1280721,
       14.287896
      ],
      [
       121.1279327,
       14.2877661
      ],
      [
       121.1278575,
       14.2876465
      ],
      [
       121.1277985,
       14.2875789
      ],
      [
       121.1277073,
       14.2875789
      ],
      [
       121.1276376,
       14.2877141
      ],
      [
       121.127525,
       14.2878232
      ],
      [
       121.1274391,
       14.2878232
      ],
      [
       121.1273817,
       14.2877973
      ],
      [
       121.1273525,
       14.2877507
      ],
      [
       121.127423,
       14.2876517
      ],
      [
       121.127492,
       14.2875379
      ],
      [
       121.1274273,
       14.2874336
      ],
      [
       121.127308,
       14.2873299
      ],
      [
       121.1272031,
       14.2873502
      ],
      [
       121.1271977,
       14.2874386
      ],
      [
       121.1272406,
       14.2875529
      ],
      [
       121.1271763,
       14.2876309
      ],
      [
       121.1270904,
       14.2876049
      ],
      [
       121.1269349,
       14.2874646
      ],
      [
       121.1268276,
       14.2873606
      ],
      [
       121.1266881,
       14.2873502
      ],
      [
       121.126554,
       14.2873606
      ],
      [
       121.1264789,
       14.287267
      ],
      [
       121.1264574,
       14.2871474
      ],
      [
       121.1265433,
       14.2871007
      ],
      [
       121.1266345,
       14.2870279
      ],
      [
       121.1266988,
       14.2868875
      ],
      [
       121.1266988,
       14.2868459
      ],
      [
       121.1266076,
       14.2868147
      ],
      [
       121.1264789,
       14.2867939
      ],
      [
       121.1262697,
       14.2868303
      ],
      [
       121.1261463,
       14.2868407
      ],
      [
       121.126039,
       14.2867628
      ],
      [
       121.12598,
       14.2866796
      ],
      [
       121.126039,
       14.28656
      ],
      [
       121.1261517,
       14.2864508
      ],
      [
       121.1261892,
       14.2863417
      ],
      [
       121.1261678,
       14.2862481
      ],
      [
       121.1260712,
       14.2861805
      ],
      [
       121.1259156,
       14.2861597
      ],
      [
       121.1257762,
       14.2860454
      ],
      [
       121.1257279,
       14.2859882
      ],
      [
       121.1257279,
       14.2859518
      ],
      [
       121.1258083,
       14.2858946
      ],
      [
       121.1258298,
       14.2858114
      ],
      [
       121.1258137,
       14.285749
      ],
      [
       121.1257171,
       14.2855775
      ],
      [
       121.1254771,
       14.2854943
      ],
      [
       121.1252827,
       14.2854657
      ],
      [
       121.1252076,
       14.2853436
      ],
      [
       121.1252612,
       14.2850758
      ],
      [
       121.125284,
       14.284929
      ],
      [
       121.1252236,
       14.2847522
      ],
      [
       121.1250587,
       14.284543
      ],
      [
       121.124942,
       14.2842129
      ],
      [
       121.124879,
       14.2838723
      ],
      [
       121.1248486,
       14.2836639
      ],
      [
       121.1248135,
       14.2835671
      ],
      [
       121.1247231,
       14.2834482
      ],
      [
       121.1246408,
       14.2833033
      ],
      [
       121.1241428,
       14.2823765
      ],
      [
       121.1241696,
       14.2822931
      ],
      [
       121.124293,
       14.2820852
      ],
      [
       121.1243144,
       14.281898
      ],
      [
       121.124234,
       14.2817628
      ],
      [
       121.1241803,
       14.2815913
      ],
      [
       121.1240838,
       14.2814509
      ],
      [
       121.1240194,
       14.2813885
      ],
      [
       121.1239014,
       14.2814093
      ],
      [
       121.123837,
       14.2814925
      ],
      [
       121.123719,
       14.2817524
      ],
      [
       121.1236171,
       14.2818304
      ],
      [
       121.1234454,
       14.2817888
      ],
      [
       121.1231772,
       14.2817524
      ],
      [
       121.1229358,
       14.2817109
      ],
      [
       121.1227534,
       14.2816901
      ],
      [
       121.1226139,
       14.2817472
      ],
      [
       121.1224047,
       14.281846
      ],
      [
       121.1222545,
       14.2818356
      ],
      [
       121.1220989,
       14.2817576
      ],
      [
       121.1219219,
       14.2816537
      ],
      [
       121.1217985,
       14.2814821
      ],
      [
       121.1217771,
       14.2813262
      ],
      [
       121.1217803,
       14.2811454
      ],
      [
       121.1218154,
       14.2809091
      ],
      [
       121.1218579,
       14.2807702
      ],
      [
       121.1219417,
       14.2807575
      ],
      [
       121.1220024,
       14.2807803
      ],
      [
       121.1220775,
       14.281009
      ],
      [
       121.1221526,
       14.2811078
      ],
      [
       121.1223082,
       14.2810974
      ],
      [
       121.1225335,
       14.2810402
      ],
      [
       121.1226676,
       14.2809467
      ],
      [
       121.122689,
       14.2808219
      ],
      [
       121.1227581,
       14.2806175
      ],
      [
       121.122823,
       14.2803652
      ],
      [
       121.1227425,
       14.2802768
      ],
      [
       121.1224262,
       14.2800837
      ],
      [
       121.1222707,
       14.2799889
      ],
      [
       121.1220435,
       14.2800223
      ],
      [
       121.1219249,
       14.2800719
      ],
      [
       121.1217496,
       14.2800863
      ],
      [
       121.1215028,
       14.2800655
      ],
      [
       121.1212346,
       14.2800603
      ],
      [
       121.1210469,
       14.2800083
      ],
      [
       121.1207383,
       14.2798896
      ],
      [
       121.1205135,
       14.279823
      ],
      [
       121.1205148,
       14.2796854
      ],
      [
       121.1206241,
       14.2794766
      ],
      [
       121.1207479,
       14.2793627
      ],
      [
       121.120878,
       14.2793271
      ],
      [
       121.1210572,
       14.2792282
      ],
      [
       121.1211055,
       14.279145
      ],
      [
       121.1210948,
       14.2790306
      ],
      [
       121.1209879,
       14.2789017
      ],
      [
       121.1209778,
       14.2787864
      ],
      [
       121.1210368,
       14.2787188
      ],
      [
       121.1212729,
       14.2785785
      ],
      [
       121.1214177,
       14.2785525
      ],
      [
       121.1215357,
       14.2785993
      ],
      [
       121.121584,
       14.2786929
      ],
      [
       121.1216173,
       14.2788203
      ],
      [
       121.121687,
       14.2789451
      ],
      [
       121.1217728,
       14.2789763
      ],
      [
       121.1218479,
       14.2789451
      ],
      [
       121.1218801,
       14.2788151
      ],
      [
       121.1218318,
       14.2787111
      ],
      [
       121.1217245,
       14.2785188
      ],
      [
       121.1215851,
       14.2783628
      ],
      [
       121.1214992,
       14.2782017
      ],
      [
       121.1214724,
       14.2781029
      ],
      [
       121.1215314,
       14.2780561
      ],
      [
       121.1216548,
       14.2780717
      ],
      [
       121.1217567,
       14.2779937
      ],
      [
       121.1218211,
       14.2778326
      ],
      [
       121.1218801,
       14.2776714
      ],
      [
       121.1219177,
       14.2774998
      ],
      [
       121.1219713,
       14.2774011
      ],
      [
       121.1219713,
       14.2773387
      ],
      [
       121.1219123,
       14.2773179
      ],
      [
       121.1217406,
       14.2772399
      ],
      [
       121.1215904,
       14.2771983
      ],
      [
       121.1214402,
       14.2771775
      ],
      [
       121.121261,
       14.2772193
      ],
      [
       121.1212149,
       14.2773439
      ],
      [
       121.1210969,
       14.2774842
      ],
      [
       121.1209252,
       14.2775466
      ],
      [
       121.1208126,
       14.277557
      ],
      [
       121.1207533,
       14.2774842
      ],
      [
       121.1207321,
       14.2774582
      ],
      [
       121.1206999,
       14.2773751
      ],
      [
       121.1207107,
       14.2773023
      ],
      [
       121.120818,
       14.2772139
      ],
      [
       121.1209628,
       14.2770424
      ],
      [
       121.120995,
       14.2769592
      ],
      [
       121.1209735,
       14.2768604
      ],
      [
       121.1208394,
       14.2767512
      ],
      [
       121.1207482,
       14.2767304
      ],
      [
       121.1206302,
       14.2767512
      ],
      [
       121.1205712,
       14.2768188
      ],
      [
       121.1205202,
       14.2770095
      ],
      [
       121.1204537,
       14.2770998
      ],
      [
       121.1204156,
       14.2771047
      ],
      [
       121.1203513,
       14.2770818
      ],
      [
       121.1203001,
       14.2769798
      ],
      [
       121.1202829,
       14.2768238
      ],
      [
       121.1202108,
       14.2767392
      ],
      [
       121.1200693,
       14.2766589
      ],
      [
       121.1199505,
       14.2766889
      ],
      [
       121.119803,
       14.2766657
      ],
      [
       121.1195938,
       14.2765434
      ],
      [
       121.1193899,
       14.2765382
      ],
      [
       121.1192451,
       14.2764654
      ],
      [
       121.1191592,
       14.2763822
      ],
      [
       121.1191485,
       14.2762782
      ],
      [
       121.1192182,
       14.2760703
      ],
      [
       121.119288,
       14.2758883
      ],
      [
       121.1192987,
       14.2757791
      ],
      [
       121.1191968,
       14.2757116
      ],
      [
       121.1190412,
       14.2756596
      ],
      [
       121.1188282,
       14.2756353
      ],
      [
       121.1186237,
       14.2756336
      ],
      [
       121.1184787,
       14.2756786
      ],
      [
       121.118333,
       14.2756611
      ],
      [
       121.1182197,
       14.2756041
      ],
      [
       121.1181454,
       14.2755066
      ],
      [
       121.1181239,
       14.2754724
      ],
      [
       121.1180635,
       14.2753786
      ],
      [
       121.1179415,
       14.2752593
      ],
      [
       121.1177859,
       14.2752333
      ],
      [
       121.1175714,
       14.2751605
      ],
      [
       121.1174534,
       14.2751449
      ],
      [
       121.1173179,
       14.2750578
      ],
      [
       121.1172495,
       14.2749785
      ],
      [
       121.1171422,
       14.2748902
      ],
      [
       121.1169813,
       14.2748746
      ],
      [
       121.116756,
       14.2749109
      ],
      [
       121.1165562,
       14.2750422
      ],
      [
       121.116422,
       14.2750643
      ],
      [
       121.1162732,
       14.2750045
      ],
      [
       121.1162142,
       14.2748798
      ],
      [
       121.1161981,
       14.2746822
      ],
      [
       121.1162088,
       14.2745678
      ],
      [
       121.116123,
       14.2744379
      ],
      [
       121.1159781,
       14.2744067
      ],
      [
       121.1158387,
       14.2744743
      ],
      [
       121.1157046,
       14.2746275
      ],
      [
       121.1155342,
       14.2746094
      ],
      [
       121.1152713,
       14.2745002
      ],
      [
       121.1149763,
       14.2743443
      ],
      [
       121.11481,
       14.2742663
      ],
      [
       121.1147724,
       14.2740739
      ],
      [
       121.1146759,
       14.2738504
      ],
      [
       121.1145793,
       14.2737932
      ],
      [
       121.1145418,
       14.2736372
      ],
      [
       121.1144989,
       14.2735281
      ],
      [
       121.1143862,
       14.2734709
      ],
      [
       121.1142789,
       14.2734657
      ],
      [
       121.1141609,
       14.2733981
      ],
      [
       121.1161732,
       14.2690764
      ],
      [
       121.1149255,
       14.2685788
      ],
      [
       121.1148605,
       14.2685495
      ],
      [
       121.1158424,
       14.2665143
      ],
      [
       121.1159283,
       14.2663362
      ],
      [
       121.1159473,
       14.2662968
      ],
      [
       121.1144668,
       14.2650074
      ],
      [
       121.1162156,
       14.2613161
      ],
      [
       121.1153573,
       14.2606818
      ],
      [
       121.1157617,
       14.2595448
      ],
      [
       121.1168056,
       14.2590805
      ],
      [
       121.1175889,
       14.2575519
      ],
      [
       121.1192518,
       14.2580198
      ],
      [
       121.1199277,
       14.2562625
      ],
      [
       121.1199751,
       14.2561433
      ],
      [
       121.1198238,
       14.2561338
      ],
      [
       121.119665,
       14.2560825
      ],
      [
       121.119341,
       14.2559779
      ],
      [
       121.1189547,
       14.2558739
      ],
      [
       121.1187294,
       14.2558115
      ],
      [
       121.1185223,
       14.2557766
      ],
      [
       121.1184848,
       14.2556623
      ],
      [
       121.1185599,
       14.2554855
      ],
      [
       121.1186919,
       14.2553228
      ],
      [
       121.118649,
       14.2551876
      ],
      [
       121.1186972,
       14.2550004
      ],
      [
       121.1188474,
       14.2549796
      ],
      [
       121.1189654,
       14.2549276
      ],
      [
       121.1189118,
       14.2548028
      ],
      [
       121.1186007,
       14.2545741
      ],
      [
       121.1182359,
       14.2544389
      ],
      [
       121.1180635,
       14.2543114
      ],
      [
       121.1179202,
       14.254139
      ],
      [
       121.1177521,
       14.2540193
      ],
      [
       121.1176237,
       14.2540767
      ],
      [
       121.1174507,
       14.2542492
      ],
      [
       121.1171443,
       14.2545078
      ],
      [
       121.1168972,
       14.2546179
      ],
      [
       121.1167094,
       14.2547664
      ],
      [
       121.1165908,
       14.2548431
      ],
      [
       121.116408,
       14.2548526
      ],
      [
       121.1162103,
       14.2548239
      ],
      [
       121.1160571,
       14.2547856
      ],
      [
       121.1160127,
       14.2546946
      ],
      [
       121.1159978,
       14.2545844
      ],
      [
       121.1161115,
       14.2544886
      ],
      [
       121.1161115,
       14.2543881
      ],
      [
       121.1160769,
       14.2542156
      ],
      [
       121.1160176,
       14.2540432
      ],
      [
       121.1160275,
       14.2539618
      ],
      [
       121.1161016,
       14.2538516
      ],
      [
       121.1162054,
       14.2538516
      ],
      [
       121.1162943,
       14.253866
      ],
      [
       121.1163487,
       14.2539378
      ],
      [
       121.1163388,
       14.2540815
      ],
      [
       121.1163388,
       14.2541725
      ],
      [
       121.1163685,
       14.25423
      ],
      [
       121.1164426,
       14.2542492
      ],
      [
       121.1165078,
       14.2541926
      ],
      [
       121.1165047,
       14.2541129
      ],
      [
       121.1165047,
       14.2539934
      ],
      [
       121.1165394,
       14.253926
      ],
      [
       121.1166217,
       14.2538555
      ],
      [
       121.1166343,
       14.2537604
      ],
      [
       121.1165869,
       14.253693
      ],
      [
       121.1164952,
       14.2536286
      ],
      [
       121.1163497,
       14.2535305
      ],
      [
       121.1162738,
       14.2533957
      ],
      [
       121.1162105,
       14.2533313
      ],
      [
       121.1160556,
       14.253319
      ],
      [
       121.1159322,
       14.2532669
      ],
      [
       121.1158531,
       14.2531382
      ],
      [
       121.1156634,
       14.2530156
      ],
      [
       121.1154515,
       14.2528286
      ],
      [
       121.115404,
       14.2526998
      ],
      [
       121.1153977,
       14.2524454
      ],
      [
       121.1153756,
       14.2523197
      ],
      [
       121.1154546,
       14.2522094
      ],
      [
       121.1154705,
       14.2520837
      ],
      [
       121.1153724,
       14.2519243
      ],
      [
       121.1152807,
       14.2518507
      ],
      [
       121.115287,
       14.2517189
      ],
      [
       121.1153345,
       14.2516239
      ],
      [
       121.1153946,
       14.2515534
      ],
      [
       121.1153471,
       14.2514829
      ],
      [
       121.1152333,
       14.2514522
      ],
      [
       121.115072,
       14.2515411
      ],
      [
       121.1149075,
       14.2515626
      ],
      [
       121.1146798,
       14.2515197
      ],
      [
       121.1143854,
       14.2513421
      ],
      [
       121.1143305,
       14.2511766
      ],
      [
       121.1142436,
       14.2510076
      ],
      [
       121.1140845,
       14.2509934
      ],
      [
       121.11385,
       14.2510015
      ],
      [
       121.113693,
       14.2509974
      ],
      [
       121.1135716,
       14.2509508
      ],
      [
       121.1135235,
       14.2509224
      ],
      [
       121.1135088,
       14.2508513
      ],
      [
       121.1135602,
       14.2507862
      ],
      [
       121.1136512,
       14.2506687
      ],
      [
       121.1135863,
       14.2505511
      ],
      [
       121.1133162,
       14.2503969
      ],
      [
       121.1131676,
       14.2503827
      ],
      [
       121.1129771,
       14.2503502
      ],
      [
       121.1128096,
       14.2501798
      ],
      [
       121.1127301,
       14.2499951
      ],
      [
       121.1127552,
       14.2499099
      ],
      [
       121.1128222,
       14.2498754
      ],
      [
       121.1128955,
       14.2499018
      ],
      [
       121.112929,
       14.2500032
      ],
      [
       121.1130127,
       14.2500641
      ],
      [
       121.1130797,
       14.2500763
      ],
      [
       121.1131781,
       14.2500377
      ],
      [
       121.1132157,
       14.2499809
      ],
      [
       121.113222,
       14.2498977
      ],
      [
       121.1130818,
       14.2496178
      ],
      [
       121.1129583,
       14.2495386
      ],
      [
       121.1129248,
       14.2494493
      ],
      [
       121.1127987,
       14.2491589
      ],
      [
       121.1127653,
       14.2490427
      ],
      [
       121.1127667,
       14.2489588
      ],
      [
       121.1127901,
       14.2489196
      ],
      [
       121.1129206,
       14.2489178
      ],
      [
       121.1129792,
       14.2488894
      ],
      [
       121.1130211,
       14.2488325
      ],
      [
       121.1130564,
       14.2487386
      ],
      [
       121.1130381,
       14.2486635
      ],
      [
       121.1129855,
       14.2485911
      ],
      [
       121.1129185,
       14.2484694
      ],
      [
       121.1129583,
       14.2483781
      ],
      [
       121.1130734,
       14.2483476
      ],
      [
       121.1131739,
       14.2483233
      ],
      [
       121.1132367,
       14.2482908
      ],
      [
       121.1132848,
       14.2481975
      ],
      [
       121.1132576,
       14.2481143
      ],
      [
       121.1131299,
       14.248023
      ],
      [
       121.1131111,
       14.2479702
      ],
      [
       121.1131257,
       14.2478587
      ],
      [
       121.1131613,
       14.2477653
      ],
      [
       121.1131843,
       14.2475645
      ],
      [
       121.1131597,
       14.2473882
      ],
      [
       121.1130985,
       14.2472763
      ],
      [
       121.1129841,
       14.2472013
      ],
      [
       121.1128193,
       14.2472309
      ],
      [
       121.1126419,
       14.2472064
      ],
      [
       121.1125039,
       14.2471607
      ],
      [
       121.1124215,
       14.2470814
      ],
      [
       121.1124056,
       14.2470126
      ],
      [
       121.1123792,
       14.2469
      ],
      [
       121.1123303,
       14.2468219
      ],
      [
       121.1122402,
       14.2467407
      ],
      [
       121.1121963,
       14.2466677
      ],
      [
       121.1121126,
       14.2464891
      ],
      [
       121.1120891,
       14.2463885
      ],
      [
       121.1121944,
       14.2463486
      ],
      [
       121.1122778,
       14.2463021
      ],
      [
       121.112316,
       14.2462202
      ],
      [
       121.1123201,
       14.246146
      ],
      [
       121.1122378,
       14.2460213
      ],
      [
       121.1121146,
       14.2459413
      ],
      [
       121.1119576,
       14.2458784
      ],
      [
       121.111853,
       14.2458114
      ],
      [
       121.1117651,
       14.2456735
      ],
      [
       121.1117274,
       14.2455822
      ],
      [
       121.1116499,
       14.2454949
      ],
      [
       121.1114908,
       14.2454198
      ],
      [
       121.111315,
       14.2454158
      ],
      [
       121.1111329,
       14.245432
      ],
      [
       121.1110366,
       14.2454137
      ],
      [
       121.1108963,
       14.245359
      ],
      [
       121.1107079,
       14.2452271
      ],
      [
       121.1106137,
       14.2451236
      ],
      [
       121.1105216,
       14.2450851
      ],
      [
       121.1103793,
       14.2450911
      ],
      [
       121.1101553,
       14.2451764
      ],
      [
       121.1100778,
       14.2452595
      ],
      [
       121.109992,
       14.2453366
      ],
      [
       121.1098685,
       14.245361
      ],
      [
       121.1097554,
       14.2453164
      ],
      [
       121.1096592,
       14.2452595
      ],
      [
       121.109567,
       14.2452251
      ],
      [
       121.1092521,
       14.2451493
      ],
      [
       121.1089935,
       14.2450871
      ],
      [
       121.1088804,
       14.2449856
      ],
      [
       121.1087213,
       14.2450039
      ],
      [
       121.1085643,
       14.2450424
      ],
      [
       121.108445,
       14.2450566
      ],
      [
       121.1083341,
       14.2450303
      ],
      [
       121.1082713,
       14.2449917
      ],
      [
       121.1080222,
       14.2448477
      ],
      [
       121.1077835,
       14.244728
      ],
      [
       121.1073627,
       14.2445595
      ],
      [
       121.1072518,
       14.2444946
      ],
      [
       121.1071626,
       14.2444235
      ],
      [
       121.1068624,
       14.2441091
      ],
      [
       121.1067264,
       14.2440442
      ],
      [
       121.1066615,
       14.2439488
      ],
      [
       121.1065736,
       14.2439123
      ],
      [
       121.1064794,
       14.2439285
      ],
      [
       121.1063747,
       14.2439549
      ],
      [
       121.1062658,
       14.2439874
      ],
      [
       121.1061193,
       14.2440584
      ],
      [
       121.105933,
       14.2440685
      ],
      [
       121.1058472,
       14.2440848
      ],
      [
       121.1057237,
       14.2440746
      ],
      [
       121.1055897,
       14.2440361
      ],
      [
       121.1054814,
       14.2439852
      ],
      [
       121.1053292,
       14.2438941
      ],
      [
       121.1052688,
       14.2438384
      ],
      [
       121.1052825,
       14.2437829
      ],
      [
       121.1054443,
       14.2429046
      ],
      [
       121.1049401,
       14.2427587
      ],
      [
       121.1047164,
       14.2425932
      ],
      [
       121.1045074,
       14.2425646
      ],
      [
       121.1039872,
       14.2427792
      ],
      [
       121.1034698,
       14.2430217
      ],
      [
       121.1026523,
       14.2428772
      ],
      [
       121.1021275,
       14.2431181
      ],
      [
       121.1016967,
       14.243011
      ],
      [
       121.1015586,
       14.2426202
      ],
      [
       121.1012036,
       14.2423682
      ]
     ]
    ]
   }
  },
  {
   "type": "Feature",
   "properties": {
    "name": "San Pablo",
    "osm_id": 6490067,
    "admin_level": "6",
    "region": "calabarzon",
    "franchise": "Multiple (BATELEC, FLECO, QUEZELCO et al)"
   },
   "geometry": {
    "type": "Polygon",
    "coordinates": [
     [
      [
       121.3324034,
       14.131152
      ],
      [
       121.3335541,
       14.1318348
      ],
      [
       121.3354603,
       14.1340112
      ],
      [
       121.3405711,
       14.1386364
      ],
      [
       121.3449115,
       14.1466462
      ],
      [
       121.3458676,
       14.142252
      ],
      [
       121.3466682,
       14.1409344
      ],
      [
       121.3504673,
       14.1371751
      ],
      [
       121.3506603,
       14.1363564
      ],
      [
       121.3513176,
       14.1352628
      ],
      [
       121.3535187,
       14.1349412
      ],
      [
       121.3537479,
       14.1357073
      ],
      [
       121.3557319,
       14.1351693
      ],
      [
       121.3564254,
       14.1356839
      ],
      [
       121.3576073,
       14.1346722
      ],
      [
       121.3567148,
       14.1334559
      ],
      [
       121.356558,
       14.1325962
      ],
      [
       121.3569319,
       14.1309413
      ],
      [
       121.3577581,
       14.1302044
      ],
      [
       121.3589159,
       14.1299822
      ],
      [
       121.3591752,
       14.1288594
      ],
      [
       121.3600798,
       14.1276196
      ],
      [
       121.3609238,
       14.1274189
      ],
      [
       121.361694,
       14.1274785
      ],
      [
       121.361871,
       14.1269843
      ],
      [
       121.3625684,
       14.1268491
      ],
      [
       121.363298,
       14.1263288
      ],
      [
       121.364403,
       14.1254393
      ],
      [
       121.364682,
       14.1250335
      ],
      [
       121.364741,
       14.1246433
      ],
      [
       121.3650414,
       14.1242766
      ],
      [
       121.3654062,
       14.1229435
      ],
      [
       121.3660607,
       14.1225949
      ],
      [
       121.3667473,
       14.1224649
      ],
      [
       121.3673964,
       14.122288
      ],
      [
       121.3677183,
       14.1221371
      ],
      [
       121.3678555,
       14.1217793
      ],
      [
       121.3679925,
       14.1215933
      ],
      [
       121.3680163,
       14.1214577
      ],
      [
       121.3681145,
       14.1211842
      ],
      [
       121.3682756,
       14.1210752
      ],
      [
       121.3685496,
       14.1211372
      ],
      [
       121.3687779,
       14.1212036
      ],
      [
       121.3689048,
       14.1212559
      ],
      [
       121.3690802,
       14.1212502
      ],
      [
       121.369273,
       14.1212162
      ],
      [
       121.3693636,
       14.1211283
      ],
      [
       121.36944,
       14.1210221
      ],
      [
       121.36944,
       14.1208316
      ],
      [
       121.3695039,
       14.1206102
      ],
      [
       121.3695987,
       14.1203571
      ],
      [
       121.3697523,
       14.1202243
      ],
      [
       121.3701234,
       14.1197652
      ],
      [
       121.3701762,
       14.1195756
      ],
      [
       121.3702644,
       14.1193585
      ],
      [
       121.3702096,
       14.1190219
      ],
      [
       121.3704996,
       14.1182589
      ],
      [
       121.3705671,
       14.117948
      ],
      [
       121.3708101,
       14.1177283
      ],
      [
       121.3712936,
       14.1170362
      ],
      [
       121.3719588,
       14.1166304
      ],
      [
       121.3732356,
       14.1163183
      ],
      [
       121.374355,
       14.1163888
      ],
      [
       121.3752221,
       14.1158614
      ],
      [
       121.3756546,
       14.1155984
      ],
      [
       121.3760382,
       14.1150259
      ],
      [
       121.3766851,
       14.1140854
      ],
      [
       121.3768673,
       14.1138471
      ],
      [
       121.3775141,
       14.1127483
      ],
      [
       121.3781757,
       14.113142
      ],
      [
       121.3788004,
       14.111665
      ],
      [
       121.3798565,
       14.1118393
      ],
      [
       121.3800271,
       14.1109962
      ],
      [
       121.3801099,
       14.1105381
      ],
      [
       121.380224,
       14.10969
      ],
      [
       121.3806557,
       14.1084625
      ],
      [
       121.3805529,
       14.1079034
      ],
      [
       121.3798821,
       14.1075
      ],
      [
       121.3789433,
       14.1060251
      ],
      [
       121.3798231,
       14.1058794
      ],
      [
       121.3813466,
       14.1046724
      ],
      [
       121.3816975,
       14.1032399
      ],
      [
       121.3813793,
       14.1021461
      ],
      [
       121.3807789,
       14.101767
      ],
      [
       121.3808854,
       14.1016418
      ],
      [
       121.3810249,
       14.1014545
      ],
      [
       121.3811697,
       14.1014181
      ],
      [
       121.3812931,
       14.1014597
      ],
      [
       121.3814272,
       14.101595
      ],
      [
       121.3815935,
       14.1017459
      ],
      [
       121.381851,
       14.1019488
      ],
      [
       121.382071,
       14.1020685
      ],
      [
       121.3824853,
       14.1020842
      ],
      [
       121.3829007,
       14.1019802
      ],
      [
       121.3833296,
       14.1020062
      ],
      [
       121.3841137,
       14.1021361
      ],
      [
       121.3853967,
       14.1009993
      ],
      [
       121.3877356,
       14.0951304
      ],
      [
       121.3899139,
       14.0921404
      ],
      [
       121.3904972,
       14.092314
      ],
      [
       121.3981211,
       14.0780227
      ],
      [
       121.4013523,
       14.0703162
      ],
      [
       121.4021015,
       14.0685629
      ],
      [
       121.4049813,
       14.0682059
      ],
      [
       121.4050251,
       14.0686955
      ],
      [
       121.409888,
       14.0675476
      ],
      [
       121.4309128,
       14.0634042
      ],
      [
       121.4262345,
       14.0543605
      ],
      [
       121.4267238,
       14.0518083
      ],
      [
       121.4203618,
       14.0448585
      ],
      [
       121.4063585,
       14.0359787
      ],
      [
       121.4050213,
       14.035862
      ],
      [
       121.4050274,
       14.0367272
      ],
      [
       121.402878,
       14.0363529
      ],
      [
       121.4022359,
       14.0354415
      ],
      [
       121.3988351,
       14.0343966
      ],
      [
       121.3928088,
       14.0336281
      ],
      [
       121.389957,
       14.0302931
      ],
      [
       121.3801656,
       14.0220184
      ],
      [
       121.3784237,
       14.0234631
      ],
      [
       121.3762187,
       14.0231406
      ],
      [
       121.375452,
       14.022671
      ],
      [
       121.3735807,
       14.0221787
      ],
      [
       121.3696323,
       14.0207344
      ],
      [
       121.3648899,
       14.0187377
      ],
      [
       121.3594093,
       14.0172328
      ],
      [
       121.3538247,
       14.0131443
      ],
      [
       121.3508053,
       14.0119036
      ],
      [
       121.3497408,
       14.0101603
      ],
      [
       121.3475332,
       14.0087227
      ],
      [
       121.3478458,
       14.0079729
      ],
      [
       121.3473469,
       14.0075409
      ],
      [
       121.3469462,
       14.00661
      ],
      [
       121.345975,
       14.0059235
      ],
      [
       121.3443442,
       14.005632
      ],
      [
       121.3430138,
       14.0049033
      ],
      [
       121.3418307,
       14.0046647
      ],
      [
       121.3400313,
       14.0031923
      ],
      [
       121.3387585,
       14.0018154
      ],
      [
       121.3382382,
       14.0013079
      ],
      [
       121.3380719,
       14.0009721
      ],
      [
       121.3378402,
       14.0006712
      ],
      [
       121.3377982,
       14.0003476
      ],
      [
       121.3377741,
       13.9998895
      ],
      [
       121.3377822,
       13.9995486
      ],
      [
       121.3377098,
       13.9991999
      ],
      [
       121.3375944,
       13.9988069
      ],
      [
       121.3373235,
       13.9977424
      ],
      [
       121.337176,
       13.9976331
      ],
      [
       121.336956,
       13.9975733
      ],
      [
       121.33669,
       13.9973639
      ],
      [
       121.3363008,
       13.9963855
      ],
      [
       121.3362104,
       13.9958061
      ],
      [
       121.3356282,
       13.9952059
      ],
      [
       121.3350126,
       13.9947108
      ],
      [
       121.3344498,
       13.9944156
      ],
      [
       121.334129,
       13.994157
      ],
      [
       121.3338962,
       13.993698
      ],
      [
       121.3337649,
       13.993439
      ],
      [
       121.3335895,
       13.9930931
      ],
      [
       121.333433,
       13.9928782
      ],
      [
       121.3331647,
       13.9927038
      ],
      [
       121.3327495,
       13.992632
      ],
      [
       121.3325712,
       13.9924349
      ],
      [
       121.3325747,
       13.9922379
      ],
      [
       121.3325283,
       13.9920583
      ],
      [
       121.3324285,
       13.9920042
      ],
      [
       121.3323106,
       13.9919848
      ],
      [
       121.332212,
       13.991973
      ],
      [
       121.332039,
       13.9919414
      ],
      [
       121.3317968,
       13.991776
      ],
      [
       121.3315795,
       13.9915932
      ],
      [
       121.3311933,
       13.9911222
      ],
      [
       121.3311356,
       13.9909262
      ],
      [
       121.3311748,
       13.9907557
      ],
      [
       121.3313546,
       13.9905456
      ],
      [
       121.3311356,
       13.9902626
      ],
      [
       121.3310713,
       13.9899607
      ],
      [
       121.3311061,
       13.9896119
      ],
      [
       121.331141,
       13.9892345
      ],
      [
       121.331087,
       13.9887009
      ],
      [
       121.3308862,
       13.9878889
      ],
      [
       121.3303953,
       13.9872461
      ],
      [
       121.3302183,
       13.9869598
      ],
      [
       121.3301364,
       13.9867336
      ],
      [
       121.3298643,
       13.9863299
      ],
      [
       121.329588,
       13.9860671
      ],
      [
       121.3292628,
       13.9857595
      ],
      [
       121.3289635,
       13.9856174
      ],
      [
       121.3284239,
       13.9855726
      ],
      [
       121.3281202,
       13.9855327
      ],
      [
       121.3275772,
       13.9852737
      ],
      [
       121.3272135,
       13.9851142
      ],
      [
       121.3267693,
       13.9852433
      ],
      [
       121.3263847,
       13.9854396
      ],
      [
       121.3260032,
       13.9854216
      ],
      [
       121.3257087,
       13.9853567
      ],
      [
       121.3253161,
       13.9851178
      ],
      [
       121.3247456,
       13.9845319
      ],
      [
       121.3240271,
       13.984155
      ],
      [
       121.3239283,
       13.9841881
      ],
      [
       121.3219282,
       13.9852404
      ],
      [
       121.3122662,
       13.9810582
      ],
      [
       121.3072908,
       13.9811453
      ],
      [
       121.3062715,
       13.9813067
      ],
      [
       121.3056385,
       13.9810204
      ],
      [
       121.3057378,
       13.9807757
      ],
      [
       121.3049358,
       13.9804426
      ],
      [
       121.3049573,
       13.9799793
      ],
      [
       121.3022107,
       13.9781417
      ],
      [
       121.3008081,
       13.9764531
      ],
      [
       121.3001777,
       13.9763225
      ],
      [
       121.2972644,
       13.974907
      ],
      [
       121.2965566,
       13.9754296
      ],
      [
       121.29515,
       13.9749976
      ],
      [
       121.2951726,
       13.9721656
      ],
      [
       121.2945197,
       13.9722451
      ],
      [
       121.293861,
       13.9722463
      ],
      [
       121.293177,
       13.9723427
      ],
      [
       121.2927452,
       13.9723244
      ],
      [
       121.2921497,
       13.9722984
      ],
      [
       121.2916401,
       13.9723921
      ],
      [
       121.2914792,
       13.9727123
      ],
      [
       121.2911761,
       13.9729543
      ],
      [
       121.290696,
       13.9730272
      ],
      [
       121.2902266,
       13.972871
      ],
      [
       121.289894,
       13.9729387
      ],
      [
       121.2894407,
       13.9734645
      ],
      [
       121.2883452,
       13.9739341
      ],
      [
       121.2881774,
       13.9741777
      ],
      [
       121.2879789,
       13.9742844
      ],
      [
       121.2873727,
       13.9740787
      ],
      [
       121.2869543,
       13.9741412
      ],
      [
       121.2868121,
       13.9742167
      ],
      [
       121.2867638,
       13.9743468
      ],
      [
       121.286729,
       13.9745134
      ],
      [
       121.2866968,
       13.9749195
      ],
      [
       121.286548,
       13.9750267
      ],
      [
       121.2862891,
       13.9749911
      ],
      [
       121.2860101,
       13.9748622
      ],
      [
       121.2855434,
       13.9749507
      ],
      [
       121.2851518,
       13.9748908
      ],
      [
       121.2846181,
       13.9746878
      ],
      [
       121.2838885,
       13.9741959
      ],
      [
       121.2835103,
       13.9737846
      ],
      [
       121.2832904,
       13.9737898
      ],
      [
       121.2831724,
       13.9740449
      ],
      [
       121.2829658,
       13.9741542
      ],
      [
       121.2821531,
       13.9738965
      ],
      [
       121.2816381,
       13.973579
      ],
      [
       121.2812707,
       13.9730662
      ],
      [
       121.2809649,
       13.9728789
      ],
      [
       121.2807208,
       13.9729335
      ],
      [
       121.2802783,
       13.9732875
      ],
      [
       121.2795112,
       13.9738133
      ],
      [
       121.2790149,
       13.9742688
      ],
      [
       121.2786797,
       13.9742922
      ],
      [
       121.2783766,
       13.9743859
      ],
      [
       121.2780789,
       13.9742297
      ],
      [
       121.2781566,
       13.9739018
      ],
      [
       121.277875,
       13.9736259
      ],
      [
       121.2773734,
       13.9737664
      ],
      [
       121.2769791,
       13.9736597
      ],
      [
       121.2767994,
       13.9734228
      ],
      [
       121.2762952,
       13.9728086
      ],
      [
       121.2760913,
       13.9727487
      ],
      [
       121.2757614,
       13.9726524
      ],
      [
       121.2755399,
       13.9726069
      ],
      [
       121.2753001,
       13.9723557
      ],
      [
       121.2750453,
       13.9719131
      ],
      [
       121.2746,
       13.9717388
      ],
      [
       121.2744096,
       13.97158
      ],
      [
       121.27432,
       13.9712563
      ],
      [
       121.2740845,
       13.9706147
      ],
      [
       121.2738999,
       13.9705206
      ],
      [
       121.2736372,
       13.9704765
      ],
      [
       121.2734467,
       13.9704504
      ],
      [
       121.2733018,
       13.9704478
      ],
      [
       121.2730953,
       13.9704556
      ],
      [
       121.2730068,
       13.9704139
      ],
      [
       121.2728888,
       13.9703411
      ],
      [
       121.2727627,
       13.9702812
      ],
      [
       121.272634,
       13.9703072
      ],
      [
       121.2724838,
       13.9703931
      ],
      [
       121.2723362,
       13.9704556
      ],
      [
       121.272119,
       13.9704139
      ],
      [
       121.2719795,
       13.9703254
      ],
      [
       121.2718508,
       13.9701354
      ],
      [
       121.2717622,
       13.9698725
      ],
      [
       121.2716979,
       13.969719
      ],
      [
       121.271581,
       13.9696709
      ],
      [
       121.2713143,
       13.969771
      ],
      [
       121.2710702,
       13.9698205
      ],
      [
       121.2708682,
       13.9697954
      ],
      [
       121.2707806,
       13.9696799
      ],
      [
       121.2707779,
       13.9695211
      ],
      [
       121.2707993,
       13.9694066
      ],
      [
       121.2707698,
       13.9692843
      ],
      [
       121.2705848,
       13.9691073
      ],
      [
       121.2704158,
       13.9689511
      ],
      [
       121.2703702,
       13.9687793
      ],
      [
       121.2704024,
       13.9684956
      ],
      [
       121.2703675,
       13.9683941
      ],
      [
       121.2702522,
       13.9683212
      ],
      [
       121.2700617,
       13.9681729
      ],
      [
       121.2699705,
       13.9680479
      ],
      [
       121.27,
       13.9678839
      ],
      [
       121.2699679,
       13.967772
      ],
      [
       121.2697425,
       13.9676497
      ],
      [
       121.269528,
       13.967595
      ],
      [
       121.2694368,
       13.9674935
      ],
      [
       121.2693858,
       13.9672957
      ],
      [
       121.2692732,
       13.9671291
      ],
      [
       121.2691149,
       13.9670224
      ],
      [
       121.2688601,
       13.9669339
      ],
      [
       121.2684822,
       13.966778
      ],
      [
       121.2672669,
       13.9668037
      ],
      [
       121.2667358,
       13.966835
      ],
      [
       121.2663066,
       13.9669287
      ],
      [
       121.2660009,
       13.9669859
      ],
      [
       121.2651855,
       13.967569
      ],
      [
       121.2649655,
       13.9677876
      ],
      [
       121.2648529,
       13.967975
      ],
      [
       121.2647078,
       13.9680471
      ],
      [
       121.2645444,
       13.9680375
      ],
      [
       121.2642762,
       13.9680922
      ],
      [
       121.2641233,
       13.9681833
      ],
      [
       121.2639651,
       13.9682353
      ],
      [
       121.263831,
       13.9682197
      ],
      [
       121.2636781,
       13.9681702
      ],
      [
       121.2635386,
       13.9681676
      ],
      [
       121.2634152,
       13.9682301
      ],
      [
       121.2632596,
       13.9684748
      ],
      [
       121.2630799,
       13.9686778
      ],
      [
       121.262887,
       13.9687551
      ],
      [
       121.2626964,
       13.9687247
      ],
      [
       121.262581,
       13.968644
      ],
      [
       121.2623396,
       13.9686414
      ],
      [
       121.2621573,
       13.9687429
      ],
      [
       121.2619829,
       13.9687299
      ],
      [
       121.2617737,
       13.9686726
      ],
      [
       121.2609619,
       13.9686724
      ],
      [
       121.2608403,
       13.9686023
      ],
      [
       121.2608081,
       13.9684852
      ],
      [
       121.2608349,
       13.9681468
      ],
      [
       121.2607518,
       13.9678995
      ],
      [
       121.2606579,
       13.967746
      ],
      [
       121.2604272,
       13.9676887
      ],
      [
       121.2601671,
       13.9676757
      ],
      [
       121.2597164,
       13.9677017
      ],
      [
       121.2592202,
       13.9677746
      ],
      [
       121.2579435,
       13.967746
      ],
      [
       121.2568171,
       13.9673424
      ],
      [
       121.2562701,
       13.9739803
      ],
      [
       121.2600508,
       13.9810571
      ],
      [
       121.2602898,
       13.9854018
      ],
      [
       121.2599205,
       13.9903341
      ],
      [
       121.2578092,
       13.989951
      ],
      [
       121.2571659,
       13.9898343
      ],
      [
       121.2561664,
       13.9896525
      ],
      [
       121.2555526,
       13.9890759
      ],
      [
       121.2546349,
       13.9884276
      ],
      [
       121.2534665,
       13.9884721
      ],
      [
       121.2518645,
       13.9887531
      ],
      [
       121.2508675,
       13.9891371
      ],
      [
       121.2459225,
       13.9916491
      ],
      [
       121.2457843,
       13.9917338
      ],
      [
       121.2444995,
       13.9925211
      ],
      [
       121.2518228,
       14.0029501
      ],
      [
       121.2529786,
       14.0037654
      ],
      [
       121.2537127,
       14.0044957
      ],
      [
       121.2539584,
       14.005227
      ],
      [
       121.2542206,
       14.0055786
      ],
      [
       121.2544163,
       14.006219
      ],
      [
       121.2561342,
       14.0069868
      ],
      [
       121.2572307,
       14.0076505
      ],
      [
       121.2577848,
       14.0083222
      ],
      [
       121.2579938,
       14.0092854
      ],
      [
       121.259276,
       14.0108226
      ],
      [
       121.2596011,
       14.011736
      ],
      [
       121.2617629,
       14.0112259
      ],
      [
       121.2622575,
       14.0112475
      ],
      [
       121.2628001,
       14.0116039
      ],
      [
       121.2644385,
       14.0139225
      ],
      [
       121.2649226,
       14.0141146
      ],
      [
       121.2656257,
       14.0140732
      ],
      [
       121.2710783,
       14.0200063
      ],
      [
       121.2713277,
       14.0194702
      ],
      [
       121.2734091,
       14.0215208
      ],
      [
       121.2739026,
       14.0211253
      ],
      [
       121.2747261,
       14.0218591
      ],
      [
       121.2739938,
       14.0228688
      ],
      [
       121.275115,
       14.0238837
      ],
      [
       121.2765312,
       14.0247268
      ],
      [
       121.2763381,
       14.0248205
      ],
      [
       121.2777838,
       14.0263871
      ],
      [
       121.2767941,
       14.0283127
      ],
      [
       121.2778562,
       14.0296398
      ],
      [
       121.2772447,
       14.0301707
      ],
      [
       121.2780037,
       14.0309253
      ],
      [
       121.2764695,
       14.0322992
      ],
      [
       121.2792027,
       14.0353438
      ],
      [
       121.2782908,
       14.0364471
      ],
      [
       121.2791276,
       14.0373319
      ],
      [
       121.2776967,
       14.0392339
      ],
      [
       121.2788121,
       14.0407563
      ],
      [
       121.2777114,
       14.0437429
      ],
      [
       121.2794047,
       14.044704
      ],
      [
       121.2813605,
       14.0457443
      ],
      [
       121.2811742,
       14.0460671
      ],
      [
       121.2822832,
       14.0467747
      ],
      [
       121.2827861,
       14.0470999
      ],
      [
       121.2830205,
       14.0472289
      ],
      [
       121.2833311,
       14.0467552
      ],
      [
       121.2843798,
       14.0471846
      ],
      [
       121.284033,
       14.0477236
      ],
      [
       121.2844687,
       14.0480239
      ],
      [
       121.283941,
       14.0488125
      ],
      [
       121.2841412,
       14.0489544
      ],
      [
       121.2837698,
       14.0494639
      ],
      [
       121.284634,
       14.0500375
      ],
      [
       121.286233,
       14.0513189
      ],
      [
       121.2874629,
       14.050991
      ],
      [
       121.2875806,
       14.0509873
      ],
      [
       121.2877629,
       14.0511382
      ],
      [
       121.2879078,
       14.0512813
      ],
      [
       121.2879561,
       14.0513542
      ],
      [
       121.2879507,
       14.0514582
      ],
      [
       121.2879185,
       14.0515467
      ],
      [
       121.2878649,
       14.0515961
      ],
      [
       121.2877764,
       14.0516872
      ],
      [
       121.2878622,
       14.0519292
      ],
      [
       121.2879722,
       14.0521764
      ],
      [
       121.2901153,
       14.0532874
      ],
      [
       121.2900133,
       14.0534279
      ],
      [
       121.2897771,
       14.0538625
      ],
      [
       121.2896681,
       14.0538304
      ],
      [
       121.2892123,
       14.0550508
      ],
      [
       121.2885698,
       14.0564138
      ],
      [
       121.2884098,
       14.0567743
      ],
      [
       121.2896816,
       14.0572981
      ],
      [
       121.2896461,
       14.0576588
      ],
      [
       121.2895482,
       14.0581384
      ],
      [
       121.2891574,
       14.0580373
      ],
      [
       121.2890815,
       14.0582219
      ],
      [
       121.2887559,
       14.0589483
      ],
      [
       121.2879081,
       14.0606383
      ],
      [
       121.2882017,
       14.060777
      ],
      [
       121.2883741,
       14.0608528
      ],
      [
       121.2878703,
       14.0617565
      ],
      [
       121.2878375,
       14.06213
      ],
      [
       121.2874117,
       14.0621051
      ],
      [
       121.2873943,
       14.0623762
      ],
      [
       121.2873458,
       14.0631296
      ],
      [
       121.2872716,
       14.0642833
      ],
      [
       121.2873558,
       14.0643096
      ],
      [
       121.2876705,
       14.0644079
      ],
      [
       121.2882499,
       14.0645848
      ],
      [
       121.2881289,
       14.0648734
      ],
      [
       121.2877698,
       14.0657296
      ],
      [
       121.2876434,
       14.0657813
      ],
      [
       121.2875726,
       14.0659002
      ],
      [
       121.2873619,
       14.0663747
      ],
      [
       121.2871886,
       14.0667409
      ],
      [
       121.2874301,
       14.0668521
      ],
      [
       121.2872461,
       14.0672959
      ],
      [
       121.2864656,
       14.067074
      ],
      [
       121.2860806,
       14.0669638
      ],
      [
       121.2861334,
       14.0668168
      ],
      [
       121.2858305,
       14.0667443
      ],
      [
       121.2857042,
       14.0667117
      ],
      [
       121.2853528,
       14.0674558
      ],
      [
       121.2858687,
       14.0676771
      ],
      [
       121.2857292,
       14.0679977
      ],
      [
       121.2853912,
       14.0678601
      ],
      [
       121.2850738,
       14.0677309
      ],
      [
       121.2847952,
       14.0676175
      ],
      [
       121.2844184,
       14.068396
      ],
      [
       121.2841791,
       14.0688903
      ],
      [
       121.282786,
       14.0683565
      ],
      [
       121.2827027,
       14.0683246
      ],
      [
       121.2825469,
       14.0687259
      ],
      [
       121.2817049,
       14.0684002
      ],
      [
       121.2812549,
       14.0694164
      ],
      [
       121.2818977,
       14.0697265
      ],
      [
       121.2809507,
       14.0710647
      ],
      [
       121.2802238,
       14.0723984
      ],
      [
       121.2794083,
       14.0722417
      ],
      [
       121.2790309,
       14.073116
      ],
      [
       121.2782142,
       14.0728887
      ],
      [
       121.2780404,
       14.0732344
      ],
      [
       121.2775549,
       14.0730471
      ],
      [
       121.2778474,
       14.0723124
      ],
      [
       121.2770533,
       14.0720692
      ],
      [
       121.2769638,
       14.0722304
      ],
      [
       121.2763106,
       14.0719914
      ],
      [
       121.2756434,
       14.0731048
      ],
      [
       121.2749683,
       14.0728339
      ],
      [
       121.2746923,
       14.0735269
      ],
      [
       121.2744243,
       14.0741521
      ],
      [
       121.2735969,
       14.0760636
      ],
      [
       121.2743372,
       14.0764278
      ],
      [
       121.2737686,
       14.0780252
      ],
      [
       121.2743372,
       14.0782126
      ],
      [
       121.2732281,
       14.0813969
      ],
      [
       121.2726595,
       14.0829787
      ],
      [
       121.2714471,
       14.0825833
      ],
      [
       121.2701943,
       14.087139
      ],
      [
       121.2714597,
       14.0874176
      ],
      [
       121.27141,
       14.088102
      ],
      [
       121.2723835,
       14.0883858
      ],
      [
       121.2728981,
       14.0887617
      ],
      [
       121.2730251,
       14.088965
      ],
      [
       121.2732538,
       14.0894764
      ],
      [
       121.2733491,
       14.0899816
      ],
      [
       121.2736163,
       14.0907153
      ],
      [
       121.2737967,
       14.0911168
      ],
      [
       121.2743264,
       14.0916208
      ],
      [
       121.2749879,
       14.0921724
      ],
      [
       121.2756593,
       14.0924564
      ],
      [
       121.2763242,
       14.0927463
      ],
      [
       121.2782903,
       14.0941053
      ],
      [
       121.279147,
       14.0949509
      ],
      [
       121.2793724,
       14.0964909
      ],
      [
       121.2797371,
       14.097417
      ],
      [
       121.2804023,
       14.0984264
      ],
      [
       121.2805203,
       14.0991028
      ],
      [
       121.2813251,
       14.0995313
      ],
      [
       121.2817669,
       14.1006584
      ],
      [
       121.2830678,
       14.1022089
      ],
      [
       121.2843591,
       14.1030052
      ],
      [
       121.2843884,
       14.1034137
      ],
      [
       121.2870884,
       14.1061317
      ],
      [
       121.288172,
       14.1086914
      ],
      [
       121.2913906,
       14.1115008
      ],
      [
       121.2957036,
       14.1155848
      ],
      [
       121.2967233,
       14.1165389
      ],
      [
       121.2973929,
       14.1163105
      ],
      [
       121.2985014,
       14.1154613
      ],
      [
       121.2993608,
       14.1148861
      ],
      [
       121.3006815,
       14.1144199
      ],
      [
       121.3039206,
       14.1127923
      ],
      [
       121.3038884,
       14.1124802
      ],
      [
       121.3039528,
       14.1122825
      ],
      [
       121.3041218,
       14.1121654
      ],
      [
       121.3045295,
       14.112129
      ],
      [
       121.3048567,
       14.1121862
      ],
      [
       121.3051276,
       14.1122721
      ],
      [
       121.3099207,
       14.1096786
      ],
      [
       121.311872,
       14.108776
      ],
      [
       121.3132008,
       14.1095769
      ],
      [
       121.3138032,
       14.10994
      ],
      [
       121.3163835,
       14.111783
      ],
      [
       121.3206053,
       14.1151946
      ],
      [
       121.3199079,
       14.1177022
      ],
      [
       121.3193607,
       14.1195646
      ],
      [
       121.3191891,
       14.1201368
      ],
      [
       121.3246419,
       14.1221623
      ],
      [
       121.3254434,
       14.1233228
      ],
      [
       121.3255219,
       14.1236174
      ],
      [
       121.3259685,
       14.1252922
      ],
      [
       121.327624,
       14.127185
      ],
      [
       121.3305874,
       14.129844
      ],
      [
       121.3324034,
       14.131152
      ]
     ]
    ]
   }
  },
  {
   "type": "Feature",
   "properties": {
    "name": "Lucena",
    "osm_id": 11124741,
    "admin_level": "6",
    "region": "calabarzon",
    "franchise": "Multiple (BATELEC, FLECO, QUEZELCO et al)"
   },
   "geometry": {
    "type": "Polygon",
    "coordinates": [
     [
      [
       121.6335869,
       13.9752474
      ],
      [
       121.6335842,
       13.9751069
      ],
      [
       121.6336459,
       13.9749351
      ],
      [
       121.6335869,
       13.9748075
      ],
      [
       121.6335601,
       13.9746696
      ],
      [
       121.6336352,
       13.9745551
      ],
      [
       121.6337505,
       13.9743911
      ],
      [
       121.6337988,
       13.9742609
      ],
      [
       121.6337585,
       13.974162
      ],
      [
       121.6337505,
       13.9740605
      ],
      [
       121.6338578,
       13.9738289
      ],
      [
       121.6339248,
       13.9735764
      ],
      [
       121.6339168,
       13.9734697
      ],
      [
       121.6337988,
       13.9733187
      ],
      [
       121.6336593,
       13.9732016
      ],
      [
       121.6335225,
       13.973048
      ],
      [
       121.633383,
       13.9727487
      ],
      [
       121.6332597,
       13.9724858
      ],
      [
       121.6331711,
       13.9723531
      ],
      [
       121.6329834,
       13.9722594
      ],
      [
       121.6329512,
       13.9721787
      ],
      [
       121.6329646,
       13.9720303
      ],
      [
       121.633029,
       13.9719522
      ],
      [
       121.6331819,
       13.9718637
      ],
      [
       121.6334286,
       13.9717961
      ],
      [
       121.6335896,
       13.9717544
      ],
      [
       121.63367,
       13.9716945
      ],
      [
       121.6337585,
       13.9712182
      ],
      [
       121.6337317,
       13.9710725
      ],
      [
       121.63367,
       13.971023
      ],
      [
       121.6334957,
       13.9710464
      ],
      [
       121.6334259,
       13.9711271
      ],
      [
       121.6333482,
       13.9711636
      ],
      [
       121.6332301,
       13.9711636
      ],
      [
       121.6331738,
       13.9710855
      ],
      [
       121.6332114,
       13.9709137
      ],
      [
       121.6331845,
       13.9707393
      ],
      [
       121.6332114,
       13.9706534
      ],
      [
       121.633324,
       13.9706118
      ],
      [
       121.6334903,
       13.970682
      ],
      [
       121.6335949,
       13.9707029
      ],
      [
       121.6336942,
       13.970656
      ],
      [
       121.6337532,
       13.970505
      ],
      [
       121.6338658,
       13.9701224
      ],
      [
       121.6360438,
       13.9710308
      ],
      [
       121.6379482,
       13.9716555
      ],
      [
       121.638549,
       13.9704426
      ],
      [
       121.6389835,
       13.9702083
      ],
      [
       121.6396487,
       13.969542
      ],
      [
       121.6404319,
       13.9702916
      ],
      [
       121.6394609,
       13.9710985
      ],
      [
       121.6399196,
       13.9718611
      ],
      [
       121.6402844,
       13.9720251
      ],
      [
       121.640389,
       13.9717336
      ],
      [
       121.6408718,
       13.9716321
      ],
      [
       121.6416385,
       13.9728316
      ],
      [
       121.6416915,
       13.9730058
      ],
      [
       121.641603,
       13.9732139
      ],
      [
       121.6415822,
       13.973355
      ],
      [
       121.6416653,
       13.9734692
      ],
      [
       121.6418176,
       13.9735095
      ],
      [
       121.6419561,
       13.9735699
      ],
      [
       121.6421014,
       13.9735498
      ],
      [
       121.642503,
       13.9733751
      ],
      [
       121.6426207,
       13.9732811
      ],
      [
       121.643043,
       13.9730258
      ],
      [
       121.643313,
       13.9726563
      ],
      [
       121.6433753,
       13.9725286
      ],
      [
       121.6434052,
       13.9723068
      ],
      [
       121.6433822,
       13.9721121
      ],
      [
       121.6433476,
       13.971971
      ],
      [
       121.6433476,
       13.9718366
      ],
      [
       121.643403,
       13.971709
      ],
      [
       121.6435276,
       13.9716149
      ],
      [
       121.6439776,
       13.9716082
      ],
      [
       121.6441714,
       13.9715679
      ],
      [
       121.644303,
       13.9715074
      ],
      [
       121.6443861,
       13.9713932
      ],
      [
       121.6445245,
       13.9711245
      ],
      [
       121.6446907,
       13.9708625
      ],
      [
       121.6448568,
       13.9707214
      ],
      [
       121.6449884,
       13.9706609
      ],
      [
       121.6451338,
       13.9706273
      ],
      [
       121.6452861,
       13.9706945
      ],
      [
       121.6454038,
       13.970802
      ],
      [
       121.6458122,
       13.9711043
      ],
      [
       121.646013,
       13.9712656
      ],
      [
       121.6461584,
       13.9713193
      ],
      [
       121.6463038,
       13.9712992
      ],
      [
       121.6464353,
       13.9712387
      ],
      [
       121.6465322,
       13.9711245
      ],
      [
       121.6466015,
       13.9710036
      ],
      [
       121.6466222,
       13.9708625
      ],
      [
       121.6466638,
       13.9707214
      ],
      [
       121.6467468,
       13.9706072
      ],
      [
       121.6468645,
       13.9705064
      ],
      [
       121.6470099,
       13.9704459
      ],
      [
       121.6471692,
       13.9704527
      ],
      [
       121.6472938,
       13.9705266
      ],
      [
       121.6474253,
       13.9706005
      ],
      [
       121.6475222,
       13.970708
      ],
      [
       121.6476953,
       13.9709565
      ],
      [
       121.6479168,
       13.9711648
      ],
      [
       121.6480345,
       13.9712521
      ],
      [
       121.6483184,
       13.9713865
      ],
      [
       121.6484776,
       13.9714201
      ],
      [
       121.6491007,
       13.9714268
      ],
      [
       121.649253,
       13.9714335
      ],
      [
       121.6494122,
       13.9714335
      ],
      [
       121.6495576,
       13.9714268
      ],
      [
       121.6496961,
       13.9713731
      ],
      [
       121.6498207,
       13.9712656
      ],
      [
       121.6499176,
       13.9711581
      ],
      [
       121.6499869,
       13.9710372
      ],
      [
       121.6499661,
       13.970755
      ],
      [
       121.6499315,
       13.9706206
      ],
      [
       121.649883,
       13.9704863
      ],
      [
       121.6498138,
       13.9703653
      ],
      [
       121.6497584,
       13.9702108
      ],
      [
       121.6496961,
       13.9700899
      ],
      [
       121.6496061,
       13.9699757
      ],
      [
       121.6495646,
       13.9698211
      ],
      [
       121.6496061,
       13.9693643
      ],
      [
       121.6496822,
       13.9692366
      ],
      [
       121.6497861,
       13.9691157
      ],
      [
       121.6498692,
       13.9689813
      ],
      [
       121.649973,
       13.9688671
      ],
      [
       121.6502084,
       13.9687664
      ],
      [
       121.6503538,
       13.9687798
      ],
      [
       121.650513,
       13.9688201
      ],
      [
       121.6508246,
       13.9689276
      ],
      [
       121.6509769,
       13.9689142
      ],
      [
       121.6512607,
       13.9688268
      ],
      [
       121.6513784,
       13.9687328
      ],
      [
       121.651503,
       13.9685782
      ],
      [
       121.6515999,
       13.9683028
      ],
      [
       121.651683,
       13.9681886
      ],
      [
       121.6518007,
       13.9680945
      ],
      [
       121.6519323,
       13.9680273
      ],
      [
       121.6522853,
       13.967772
      ],
      [
       121.6524307,
       13.967725
      ],
      [
       121.6525761,
       13.9676847
      ],
      [
       121.6527076,
       13.9676175
      ],
      [
       121.6527976,
       13.9675033
      ],
      [
       121.6528738,
       13.9673824
      ],
      [
       121.6529084,
       13.9672413
      ],
      [
       121.6528876,
       13.9671002
      ],
      [
       121.6528392,
       13.9669725
      ],
      [
       121.6528184,
       13.9668382
      ],
      [
       121.6527215,
       13.9665694
      ],
      [
       121.6526176,
       13.9664754
      ],
      [
       121.6523684,
       13.9663612
      ],
      [
       121.6522438,
       13.9662873
      ],
      [
       121.6519669,
       13.9661798
      ],
      [
       121.6518492,
       13.9661193
      ],
      [
       121.6517592,
       13.9660118
      ],
      [
       121.651683,
       13.9658774
      ],
      [
       121.6516623,
       13.9657162
      ],
      [
       121.6515099,
       13.9653332
      ],
      [
       121.6514546,
       13.9652123
      ],
      [
       121.6512261,
       13.9649436
      ],
      [
       121.6511223,
       13.9648428
      ],
      [
       121.6509976,
       13.9647689
      ],
      [
       121.6508799,
       13.9646748
      ],
      [
       121.6507692,
       13.9646009
      ],
      [
       121.6505407,
       13.9644262
      ],
      [
       121.6504369,
       13.9643389
      ],
      [
       121.6503399,
       13.9642381
      ],
      [
       121.6502638,
       13.9641239
      ],
      [
       121.6502222,
       13.9639963
      ],
      [
       121.6501669,
       13.9638619
      ],
      [
       121.6501322,
       13.9637275
      ],
      [
       121.6500907,
       13.9633177
      ],
      [
       121.6500353,
       13.9630221
      ],
      [
       121.6499592,
       13.96276
      ],
      [
       121.6499315,
       13.962619
      ],
      [
       121.6499384,
       13.9624779
      ],
      [
       121.6499869,
       13.9623368
      ],
      [
       121.650063,
       13.9622158
      ],
      [
       121.6501807,
       13.9621218
      ],
      [
       121.650333,
       13.9621016
      ],
      [
       121.6504784,
       13.9621218
      ],
      [
       121.6506238,
       13.9621487
      ],
      [
       121.6507692,
       13.9621285
      ],
      [
       121.6509033,
       13.9620426
      ],
      [
       121.6509491,
       13.9618848
      ],
      [
       121.6509592,
       13.9616923
      ],
      [
       121.6509186,
       13.9613223
      ],
      [
       121.6507864,
       13.9610953
      ],
      [
       121.6504051,
       13.9605477
      ],
      [
       121.650339,
       13.9602615
      ],
      [
       121.6503695,
       13.9600099
      ],
      [
       121.6506095,
       13.9594757
      ],
      [
       121.6506578,
       13.9592877
      ],
      [
       121.65067,
       13.9591562
      ],
      [
       121.6506283,
       13.9589467
      ],
      [
       121.650525,
       13.9586109
      ],
      [
       121.6504457,
       13.9580709
      ],
      [
       121.6503936,
       13.9579719
      ],
      [
       121.6503065,
       13.9578831
      ],
      [
       121.6502219,
       13.9578274
      ],
      [
       121.6501094,
       13.9577897
      ],
      [
       121.6507335,
       13.9572947
      ],
      [
       121.6508389,
       13.9572313
      ],
      [
       121.6511446,
       13.956932
      ],
      [
       121.6516918,
       13.9566417
      ],
      [
       121.6524857,
       13.9563268
      ],
      [
       121.6531429,
       13.9557333
      ],
      [
       121.653582,
       13.9553422
      ],
      [
       121.6538446,
       13.9550398
      ],
      [
       121.6538778,
       13.955007
      ],
      [
       121.6545644,
       13.9543615
      ],
      [
       121.6565519,
       13.9526903
      ],
      [
       121.6579232,
       13.9514535
      ],
      [
       121.6604059,
       13.9492808
      ],
      [
       121.6628203,
       13.9471665
      ],
      [
       121.6651699,
       13.9451595
      ],
      [
       121.6658566,
       13.9445712
      ],
      [
       121.6662884,
       13.9442094
      ],
      [
       121.6668463,
       13.9436809
      ],
      [
       121.6693515,
       13.9412937
      ],
      [
       121.6709661,
       13.9397891
      ],
      [
       121.6757405,
       13.9357906
      ],
      [
       121.6782295,
       13.9332862
      ],
      [
       121.6782054,
       13.9329556
      ],
      [
       121.6783342,
       13.9328384
      ],
      [
       121.6785809,
       13.9328488
      ],
      [
       121.6788813,
       13.9327031
      ],
      [
       121.6792166,
       13.9317867
      ],
      [
       121.6822497,
       13.9297294
      ],
      [
       121.6840339,
       13.9285482
      ],
      [
       121.6870594,
       13.9266425
      ],
      [
       121.6901493,
       13.9244609
      ],
      [
       121.6916943,
       13.9233883
      ],
      [
       121.6914314,
       13.9227062
      ],
      [
       121.6909218,
       13.9224927
      ],
      [
       121.69038,
       13.9225604
      ],
      [
       121.6896232,
       13.9222687
      ],
      [
       121.6889301,
       13.9216904
      ],
      [
       121.6882899,
       13.9208498
      ],
      [
       121.6841495,
       13.914749
      ],
      [
       121.6868751,
       13.8945639
      ],
      [
       121.6949796,
       13.8609398
      ],
      [
       121.6802591,
       13.8196705
      ],
      [
       121.6799879,
       13.8140978
      ],
      [
       121.6780135,
       13.7692646
      ],
      [
       121.677359,
       13.7689457
      ],
      [
       121.6772758,
       13.7689073
      ],
      [
       121.6726123,
       13.7668566
      ],
      [
       121.6678742,
       13.764974
      ],
      [
       121.663068,
       13.7632623
      ],
      [
       121.6582002,
       13.7617236
      ],
      [
       121.6532773,
       13.7603602
      ],
      [
       121.6483061,
       13.7591737
      ],
      [
       121.6432933,
       13.7581659
      ],
      [
       121.6432364,
       13.7581556
      ],
      [
       121.6370309,
       13.757164
      ],
      [
       121.6307855,
       13.7564461
      ],
      [
       121.6251575,
       13.7560489
      ],
      [
       121.62004,
       13.7735099
      ],
      [
       121.6093819,
       13.8082066
      ],
      [
       121.6017645,
       13.8399609
      ],
      [
       121.5848351,
       13.8902667
      ],
      [
       121.5849623,
       13.8903621
      ],
      [
       121.5850144,
       13.8904992
      ],
      [
       121.5849308,
       13.8905859
      ],
      [
       121.5845703,
       13.8906418
      ],
      [
       121.5843361,
       13.8907185
      ],
      [
       121.5840229,
       13.890898
      ],
      [
       121.5818317,
       13.8935279
      ],
      [
       121.5816869,
       13.8958064
      ],
      [
       121.5752435,
       13.9005241
      ],
      [
       121.57534,
       13.903034
      ],
      [
       121.5747607,
       13.9038984
      ],
      [
       121.5755358,
       13.90463
      ],
      [
       121.5762305,
       13.9089077
      ],
      [
       121.5751898,
       13.9102407
      ],
      [
       121.5757715,
       13.910458
      ],
      [
       121.5757879,
       13.9107601
      ],
      [
       121.5757879,
       13.9111814
      ],
      [
       121.5757469,
       13.9114199
      ],
      [
       121.5754357,
       13.9117379
      ],
      [
       121.5747478,
       13.9122228
      ],
      [
       121.5738551,
       13.9125725
      ],
      [
       121.5731345,
       13.9125884
      ],
      [
       121.5728888,
       13.9127236
      ],
      [
       121.5726595,
       13.9128428
      ],
      [
       121.5726431,
       13.9131369
      ],
      [
       121.5727659,
       13.9137013
      ],
      [
       121.5726922,
       13.9140193
      ],
      [
       121.5725858,
       13.9141544
      ],
      [
       121.5723319,
       13.9142816
      ],
      [
       121.5720248,
       13.9146042
      ],
      [
       121.5718746,
       13.9152655
      ],
      [
       121.5713811,
       13.9156665
      ],
      [
       121.5711558,
       13.9162705
      ],
      [
       121.5707534,
       13.9168484
      ],
      [
       121.5710914,
       13.9173535
      ],
      [
       121.5715581,
       13.9177545
      ],
      [
       121.5714669,
       13.9181189
      ],
      [
       121.5728429,
       13.9188819
      ],
      [
       121.5727646,
       13.9192386
      ],
      [
       121.5727646,
       13.9197801
      ],
      [
       121.5727142,
       13.920621
      ],
      [
       121.5724964,
       13.9211235
      ],
      [
       121.5724663,
       13.9211739
      ],
      [
       121.5722743,
       13.9214958
      ],
      [
       121.5720972,
       13.9216421
      ],
      [
       121.5718602,
       13.9216666
      ],
      [
       121.5715522,
       13.9215296
      ],
      [
       121.5713301,
       13.9215583
      ],
      [
       121.571048,
       13.9216546
      ],
      [
       121.5708441,
       13.9219149
      ],
      [
       121.570651,
       13.9221753
      ],
      [
       121.5703399,
       13.9223002
      ],
      [
       121.5699569,
       13.922433
      ],
      [
       121.5695889,
       13.9224564
      ],
      [
       121.5691093,
       13.9225163
      ],
      [
       121.5686769,
       13.9226855
      ],
      [
       121.5680579,
       13.922912
      ],
      [
       121.5678004,
       13.9229537
      ],
      [
       121.5670386,
       13.9235056
      ],
      [
       121.5664378,
       13.9238597
      ],
      [
       121.5661878,
       13.9239039
      ],
      [
       121.5661159,
       13.9240575
      ],
      [
       121.5661803,
       13.9245574
      ],
      [
       121.5661159,
       13.9246928
      ],
      [
       121.5659228,
       13.9248073
      ],
      [
       121.5652008,
       13.924862
      ],
      [
       121.5650967,
       13.9251093
      ],
      [
       121.5652008,
       13.9252889
      ],
      [
       121.5652791,
       13.9254946
      ],
      [
       121.5651933,
       13.9256925
      ],
      [
       121.5649572,
       13.9258903
      ],
      [
       121.5646214,
       13.9261845
      ],
      [
       121.5643242,
       13.9268067
      ],
      [
       121.5640635,
       13.9271113
      ],
      [
       121.5637341,
       13.9278585
      ],
      [
       121.5637416,
       13.928236
      ],
      [
       121.563806,
       13.9285171
      ],
      [
       121.5635947,
       13.9287853
      ],
      [
       121.5632803,
       13.9290378
      ],
      [
       121.5629906,
       13.9294023
      ],
      [
       121.5630014,
       13.92985
      ],
      [
       121.5628651,
       13.9306076
      ],
      [
       121.5627256,
       13.9309304
      ],
      [
       121.5624038,
       13.9317635
      ],
      [
       121.5621001,
       13.9320681
      ],
      [
       121.5616742,
       13.9322945
      ],
      [
       121.5612418,
       13.9325575
      ],
      [
       121.5608803,
       13.9327215
      ],
      [
       121.5603942,
       13.9328178
      ],
      [
       121.5597001,
       13.9328881
      ],
      [
       121.5592355,
       13.932974
      ],
      [
       121.5589673,
       13.9332552
      ],
      [
       121.559021,
       13.9335676
      ],
      [
       121.5592602,
       13.9338253
      ],
      [
       121.5596754,
       13.933932
      ],
      [
       121.5600617,
       13.9339633
      ],
      [
       121.5603835,
       13.9339633
      ],
      [
       121.5606303,
       13.9340361
      ],
      [
       121.560759,
       13.9342444
      ],
      [
       121.5607054,
       13.9344006
      ],
      [
       121.5604189,
       13.9345958
      ],
      [
       121.5601046,
       13.934713
      ],
      [
       121.5598042,
       13.9347755
      ],
      [
       121.5591068,
       13.9349525
      ],
      [
       121.558992,
       13.935179
      ],
      [
       121.5591207,
       13.9354185
      ],
      [
       121.5594501,
       13.9357335
      ],
      [
       121.5596218,
       13.936025
      ],
      [
       121.5595284,
       13.9362203
      ],
      [
       121.5583558,
       13.937285
      ],
      [
       121.5573258,
       13.9380868
      ],
      [
       121.557211,
       13.9383758
      ],
      [
       121.5573183,
       13.9386153
      ],
      [
       121.5573258,
       13.938899
      ],
      [
       121.5570898,
       13.9390032
      ],
      [
       121.5566853,
       13.9389901
      ],
      [
       121.556342,
       13.9390734
      ],
      [
       121.5560813,
       13.939326
      ],
      [
       121.5560737,
       13.939667
      ],
      [
       121.5562529,
       13.940211
      ],
      [
       121.5562669,
       13.9405104
      ],
      [
       121.5561274,
       13.9407395
      ],
      [
       121.5555555,
       13.9413148
      ],
      [
       121.5554622,
       13.9415517
      ],
      [
       121.5555985,
       13.94195
      ],
      [
       121.5557841,
       13.9422389
      ],
      [
       121.5562025,
       13.9425409
      ],
      [
       121.5563602,
       13.9427414
      ],
      [
       121.5563387,
       13.9430225
      ],
      [
       121.5561918,
       13.9433323
      ],
      [
       121.5555695,
       13.9444881
      ],
      [
       121.5554622,
       13.9449254
      ],
      [
       121.5602875,
       13.9479371
      ],
      [
       121.5627551,
       13.9489991
      ],
      [
       121.5623164,
       13.9498219
      ],
      [
       121.5627304,
       13.9501403
      ],
      [
       121.5628546,
       13.9499937
      ],
      [
       121.5634317,
       13.9503155
      ],
      [
       121.5635916,
       13.9500596
      ],
      [
       121.5636219,
       13.9500747
      ],
      [
       121.5642342,
       13.9504669
      ],
      [
       121.564609,
       13.9519181
      ],
      [
       121.5656944,
       13.952748
      ],
      [
       121.5666294,
       13.9515677
      ],
      [
       121.5676513,
       13.9523069
      ],
      [
       121.5686613,
       13.9529714
      ],
      [
       121.5691334,
       13.9522842
      ],
      [
       121.5700614,
       13.9527892
      ],
      [
       121.5709841,
       13.9538305
      ],
      [
       121.5704852,
       13.9544968
      ],
      [
       121.5715882,
       13.9556019
      ],
      [
       121.5718629,
       13.9558352
      ],
      [
       121.5726222,
       13.9565568
      ],
      [
       121.5729655,
       13.9563069
      ],
      [
       121.5747465,
       13.9578896
      ],
      [
       121.5758466,
       13.9586748
      ],
      [
       121.5757642,
       13.9589214
      ],
      [
       121.5756518,
       13.9590568
      ],
      [
       121.5755872,
       13.9591336
      ],
      [
       121.5754976,
       13.959176
      ],
      [
       121.5753665,
       13.9591922
      ],
      [
       121.5752686,
       13.9592124
      ],
      [
       121.5752228,
       13.959267
      ],
      [
       121.5752082,
       13.9593498
      ],
      [
       121.5751957,
       13.9594509
      ],
      [
       121.5751364,
       13.9596217
      ],
      [
       121.5750639,
       13.9597508
      ],
      [
       121.5762681,
       13.9611033
      ],
      [
       121.5759033,
       13.9613167
      ],
      [
       121.5759301,
       13.961538
      ],
      [
       121.5757853,
       13.961741
      ],
      [
       121.5766409,
       13.9616837
      ],
      [
       121.5768411,
       13.9619233
      ],
      [
       121.5768804,
       13.96209
      ],
      [
       121.5769393,
       13.9623094
      ],
      [
       121.5769799,
       13.9624112
      ],
      [
       121.577055,
       13.9625472
      ],
      [
       121.5771988,
       13.9628221
      ],
      [
       121.5776279,
       13.9636422
      ],
      [
       121.5776825,
       13.9636389
      ],
      [
       121.5777987,
       13.9637193
      ],
      [
       121.578058,
       13.9635463
      ],
      [
       121.5786017,
       13.9637687
      ],
      [
       121.5802619,
       13.9636789
      ],
      [
       121.5804416,
       13.9638702
      ],
      [
       121.5810102,
       13.963524
      ],
      [
       121.5812034,
       13.9638363
      ],
      [
       121.580986,
       13.9644064
      ],
      [
       121.5814715,
       13.9646537
      ],
      [
       121.5820026,
       13.9642008
      ],
      [
       121.5826464,
       13.9650233
      ],
      [
       121.5831346,
       13.96475
      ],
      [
       121.5836656,
       13.9656376
      ],
      [
       121.5833866,
       13.965825
      ],
      [
       121.5841002,
       13.9666164
      ],
      [
       121.5845024,
       13.9658406
      ],
      [
       121.5849745,
       13.9666059
      ],
      [
       121.5857416,
       13.9659968
      ],
      [
       121.5859723,
       13.9665643
      ],
      [
       121.5850872,
       13.9670693
      ],
      [
       121.5853554,
       13.9675534
      ],
      [
       121.5847063,
       13.9681781
      ],
      [
       121.5844917,
       13.968683
      ],
      [
       121.5847438,
       13.9692921
      ],
      [
       121.5875012,
       13.9680843
      ],
      [
       121.5882308,
       13.968251
      ],
      [
       121.5886599,
       13.9679854
      ],
      [
       121.5888637,
       13.967746
      ],
      [
       121.589486,
       13.9676002
      ],
      [
       121.5898883,
       13.9673816
      ],
      [
       121.5899903,
       13.9670276
      ],
      [
       121.5905321,
       13.9666007
      ],
      [
       121.5908056,
       13.9668349
      ],
      [
       121.5911865,
       13.9664549
      ],
      [
       121.5912026,
       13.966127
      ],
      [
       121.5918142,
       13.9657053
      ],
      [
       121.5920985,
       13.9649973
      ],
      [
       121.5927744,
       13.9654658
      ],
      [
       121.5942228,
       13.9677095
      ],
      [
       121.594035,
       13.9678918
      ],
      [
       121.5944695,
       13.968558
      ],
      [
       121.5953761,
       13.967897
      ],
      [
       121.5956604,
       13.968709
      ],
      [
       121.5969613,
       13.9704322
      ],
      [
       121.5974844,
       13.9709476
      ],
      [
       121.5983051,
       13.9714368
      ],
      [
       121.5987771,
       13.971973
      ],
      [
       121.5987423,
       13.9724338
      ],
      [
       121.5982676,
       13.9727565
      ],
      [
       121.5989863,
       13.9737482
      ],
      [
       121.5992975,
       13.9735139
      ],
      [
       121.5998071,
       13.9739929
      ],
      [
       121.5995765,
       13.9742219
      ],
      [
       121.6004052,
       13.9748361
      ],
      [
       121.6004616,
       13.9753932
      ],
      [
       121.6006333,
       13.9756456
      ],
      [
       121.6009068,
       13.9757029
      ],
      [
       121.6009954,
       13.9766711
      ],
      [
       121.6010291,
       13.9769028
      ],
      [
       121.6019294,
       13.9763114
      ],
      [
       121.602473,
       13.9758641
      ],
      [
       121.6029902,
       13.9753393
      ],
      [
       121.6034777,
       13.9746465
      ],
      [
       121.6039798,
       13.9740785
      ],
      [
       121.6043414,
       13.9735899
      ],
      [
       121.6046576,
       13.9729816
      ],
      [
       121.6046657,
       13.9719875
      ],
      [
       121.6046439,
       13.9709242
      ],
      [
       121.6050052,
       13.9699998
      ],
      [
       121.6056299,
       13.9693022
      ],
      [
       121.6056866,
       13.9688148
      ],
      [
       121.6060196,
       13.9688089
      ],
      [
       121.6062,
       13.9687628
      ],
      [
       121.6063804,
       13.9686891
      ],
      [
       121.6066272,
       13.9686707
      ],
      [
       121.6069025,
       13.9687628
      ],
      [
       121.607007,
       13.9689194
      ],
      [
       121.6069785,
       13.9691313
      ],
      [
       121.6068835,
       13.9693985
      ],
      [
       121.6067411,
       13.9696381
      ],
      [
       121.6065228,
       13.9701124
      ],
      [
       121.6064658,
       13.9702967
      ],
      [
       121.606361,
       13.9704505
      ],
      [
       121.6062339,
       13.9706527
      ],
      [
       121.6061674,
       13.9708462
      ],
      [
       121.6061674,
       13.9712331
      ],
      [
       121.6061864,
       13.9714266
      ],
      [
       121.6061766,
       13.9715821
      ],
      [
       121.6062508,
       13.9717663
      ],
      [
       121.606233,
       13.9719702
      ],
      [
       121.6060869,
       13.9726749
      ],
      [
       121.6060448,
       13.9729359
      ],
      [
       121.6060163,
       13.9731607
      ],
      [
       121.6060484,
       13.9733189
      ],
      [
       121.6063234,
       13.9734039
      ],
      [
       121.6068076,
       13.9734339
      ],
      [
       121.606988,
       13.9733971
      ],
      [
       121.6073013,
       13.9731759
      ],
      [
       121.6075671,
       13.9728811
      ],
      [
       121.6077,
       13.9727521
      ],
      [
       121.6078519,
       13.9726416
      ],
      [
       121.6080323,
       13.9725494
      ],
      [
       121.6082507,
       13.972485
      ],
      [
       121.6087919,
       13.9722362
      ],
      [
       121.6091716,
       13.972227
      ],
      [
       121.6097887,
       13.9723836
      ],
      [
       121.6099691,
       13.9724389
      ],
      [
       121.6100736,
       13.9726047
      ],
      [
       121.6100736,
       13.9727982
      ],
      [
       121.6100356,
       13.9729917
      ],
      [
       121.6098457,
       13.9733694
      ],
      [
       121.6096463,
       13.9737195
      ],
      [
       121.6095134,
       13.9738761
      ],
      [
       121.6093615,
       13.9740236
      ],
      [
       121.6091906,
       13.9741525
      ],
      [
       121.6090482,
       13.9743092
      ],
      [
       121.6089343,
       13.974475
      ],
      [
       121.6088678,
       13.9746961
      ],
      [
       121.6087042,
       13.9751826
      ],
      [
       121.6086505,
       13.9758624
      ],
      [
       121.6086342,
       13.9761574
      ],
      [
       121.6087159,
       13.9771952
      ],
      [
       121.6088449,
       13.9778389
      ],
      [
       121.6089844,
       13.9783
      ],
      [
       121.6091429,
       13.9787301
      ],
      [
       121.6092933,
       13.9792331
      ],
      [
       121.6093095,
       13.979452
      ],
      [
       121.6092155,
       13.9796891
      ],
      [
       121.6091054,
       13.9799341
      ],
      [
       121.6090221,
       13.9802154
      ],
      [
       121.6089872,
       13.9806088
      ],
      [
       121.6091831,
       13.9809005
      ],
      [
       121.6099352,
       13.9806716
      ],
      [
       121.609915,
       13.9808876
      ],
      [
       121.61049,
       13.9807634
      ],
      [
       121.6105149,
       13.9809218
      ],
      [
       121.610528,
       13.9807843
      ],
      [
       121.610552,
       13.9809384
      ],
      [
       121.6107478,
       13.9808837
      ],
      [
       121.6108726,
       13.980898
      ],
      [
       121.6112783,
       13.980777
      ],
      [
       121.6113165,
       13.9809813
      ],
      [
       121.612566,
       13.9812646
      ],
      [
       121.6123499,
       13.9818835
      ],
      [
       121.6125119,
       13.9823718
      ],
      [
       121.6140284,
       13.9826284
      ],
      [
       121.6146662,
       13.9830246
      ],
      [
       121.6149817,
       13.9837736
      ],
      [
       121.6151351,
       13.984619
      ],
      [
       121.6154012,
       13.9848283
      ],
      [
       121.6158893,
       13.9852296
      ],
      [
       121.6159499,
       13.9856721
      ],
      [
       121.6157965,
       13.9861801
      ],
      [
       121.6150664,
       13.986772
      ],
      [
       121.6140568,
       13.9874908
      ],
      [
       121.613691,
       13.9879739
      ],
      [
       121.6138015,
       13.9883325
      ],
      [
       121.6142526,
       13.9884923
      ],
      [
       121.6146727,
       13.9884038
      ],
      [
       121.6151501,
       13.9881888
      ],
      [
       121.6155288,
       13.9882742
      ],
      [
       121.6156983,
       13.9886448
      ],
      [
       121.6162491,
       13.9885266
      ],
      [
       121.6168606,
       13.9879905
      ],
      [
       121.6183439,
       13.9864132
      ],
      [
       121.6182446,
       13.9854789
      ],
      [
       121.6186738,
       13.9850859
      ],
      [
       121.6188884,
       13.9841853
      ],
      [
       121.6208464,
       13.9846226
      ],
      [
       121.6213614,
       13.9842374
      ],
      [
       121.6217261,
       13.9846174
      ],
      [
       121.623432,
       13.9831442
      ],
      [
       121.6239524,
       13.9826185
      ],
      [
       121.6250038,
       13.9826029
      ],
      [
       121.6249019,
       13.9820146
      ],
      [
       121.6262805,
       13.9817908
      ],
      [
       121.6263449,
       13.981442
      ],
      [
       121.626758,
       13.9813379
      ],
      [
       121.6275626,
       13.9801719
      ],
      [
       121.6281956,
       13.9799428
      ],
      [
       121.629467,
       13.9782927
      ],
      [
       121.6304326,
       13.979188
      ],
      [
       121.6320795,
       13.978251
      ],
      [
       121.632337,
       13.9776628
      ],
      [
       121.6322806,
       13.9775665
      ],
      [
       121.6323343,
       13.9773687
      ],
      [
       121.6324952,
       13.9772203
      ],
      [
       121.6327313,
       13.9770329
      ],
      [
       121.6329432,
       13.9769184
      ],
      [
       121.6330129,
       13.9767675
      ],
      [
       121.6329914,
       13.9766165
      ],
      [
       121.6329673,
       13.9764109
      ],
      [
       121.6330048,
       13.9761948
      ],
      [
       121.6331094,
       13.9760543
      ],
      [
       121.633257,
       13.975945
      ],
      [
       121.6334152,
       13.9758278
      ],
      [
       121.6335225,
       13.97563
      ],
      [
       121.6335869,
       13.9752474
      ]
     ]
    ]
   }
  },
  {
   "type": "Feature",
   "properties": {
    "name": "Dasmari\u00f1as",
    "osm_id": 1488071,
    "admin_level": "6",
    "region": "calabarzon",
    "franchise": "Multiple (BATELEC, FLECO, QUEZELCO et al)"
   },
   "geometry": {
    "type": "Polygon",
    "coordinates": [
     [
      [
       121.0069735,
       14.3497497
      ],
      [
       121.0068451,
       14.3495079
      ],
      [
       121.006764,
       14.3495362
      ],
      [
       121.0058648,
       14.3494403
      ],
      [
       121.0059707,
       14.3485204
      ],
      [
       121.0058826,
       14.3480964
      ],
      [
       121.0056799,
       14.3478994
      ],
      [
       121.0054681,
       14.346677
      ],
      [
       121.0055255,
       14.3464663
      ],
      [
       121.0056215,
       14.3463462
      ],
      [
       121.005749,
       14.3462314
      ],
      [
       121.0061,
       14.3461178
      ],
      [
       121.0062339,
       14.3460283
      ],
      [
       121.0064212,
       14.345755
      ],
      [
       121.0069245,
       14.345166
      ],
      [
       121.006854,
       14.3439677
      ],
      [
       121.0083848,
       14.341119
      ],
      [
       121.0079253,
       14.3353709
      ],
      [
       121.0068016,
       14.3327815
      ],
      [
       121.0067748,
       14.3326789
      ],
      [
       121.0069853,
       14.3315237
      ],
      [
       121.007511,
       14.3289094
      ],
      [
       121.0069907,
       14.3276152
      ],
      [
       121.0067734,
       14.3267186
      ],
      [
       121.0066135,
       14.3263352
      ],
      [
       121.0075437,
       14.3258
      ],
      [
       121.0079563,
       14.3255257
      ],
      [
       121.0087823,
       14.3251048
      ],
      [
       121.0106118,
       14.3221732
      ],
      [
       121.0106268,
       14.3221393
      ],
      [
       121.0108972,
       14.3215296
      ],
      [
       121.0107065,
       14.3213824
      ],
      [
       121.0104708,
       14.3211974
      ],
      [
       121.0103475,
       14.3211363
      ],
      [
       121.0102724,
       14.3210636
      ],
      [
       121.0102024,
       14.320915
      ],
      [
       121.0101208,
       14.3207621
      ],
      [
       121.0100363,
       14.320601
      ],
      [
       121.0099652,
       14.320432
      ],
      [
       121.0099388,
       14.3202578
      ],
      [
       121.0098244,
       14.3200006
      ],
      [
       121.0097108,
       14.3197317
      ],
      [
       121.0094792,
       14.3195339
      ],
      [
       121.009119,
       14.3193067
      ],
      [
       121.0089929,
       14.3191794
      ],
      [
       121.0088538,
       14.3190363
      ],
      [
       121.0087542,
       14.3189572
      ],
      [
       121.0086711,
       14.3188597
      ],
      [
       121.0085812,
       14.3187493
      ],
      [
       121.0085182,
       14.3186843
      ],
      [
       121.0084784,
       14.3186088
      ],
      [
       121.0084578,
       14.318531
      ],
      [
       121.0084444,
       14.3184413
      ],
      [
       121.0084557,
       14.3182794
      ],
      [
       121.0084189,
       14.318067
      ],
      [
       121.0083508,
       14.317885
      ],
      [
       121.0082293,
       14.3176274
      ],
      [
       121.008171,
       14.3175948
      ],
      [
       121.0081447,
       14.3175512
      ],
      [
       121.0081027,
       14.3174368
      ],
      [
       121.0080382,
       14.3173835
      ],
      [
       121.0079643,
       14.3173877
      ],
      [
       121.0079225,
       14.3174368
      ],
      [
       121.0078656,
       14.3175287
      ],
      [
       121.0078124,
       14.3175599
      ],
      [
       121.0076817,
       14.3175617
      ],
      [
       121.0075736,
       14.3175268
      ],
      [
       121.0074689,
       14.317428
      ],
      [
       121.007401,
       14.3172861
      ],
      [
       121.0073991,
       14.317163
      ],
      [
       121.0074329,
       14.3170433
      ],
      [
       121.0074377,
       14.3168936
      ],
      [
       121.0073915,
       14.3166006
      ],
      [
       121.0073649,
       14.3164316
      ],
      [
       121.0073622,
       14.3162847
      ],
      [
       121.0073043,
       14.3161338
      ],
      [
       121.0071989,
       14.31606
      ],
      [
       121.0070956,
       14.3160181
      ],
      [
       121.0070203,
       14.3159663
      ],
      [
       121.0069363,
       14.3159133
      ],
      [
       121.0068585,
       14.3158122
      ],
      [
       121.0067753,
       14.3156252
      ],
      [
       121.0066575,
       14.3153605
      ],
      [
       121.0065854,
       14.3152903
      ],
      [
       121.0065094,
       14.3152015
      ],
      [
       121.0063882,
       14.3151635
      ],
      [
       121.0063177,
       14.3151012
      ],
      [
       121.0061578,
       14.3150976
      ],
      [
       121.0060107,
       14.3150988
      ],
      [
       121.0058153,
       14.3150781
      ],
      [
       121.0057045,
       14.3150107
      ],
      [
       121.0056521,
       14.3149333
      ],
      [
       121.0056275,
       14.3148194
      ],
      [
       121.0056084,
       14.3146854
      ],
      [
       121.0055744,
       14.3145272
      ],
      [
       121.0055682,
       14.3143445
      ],
      [
       121.0055933,
       14.3141302
      ],
      [
       121.0056351,
       14.313974
      ],
      [
       121.0056294,
       14.3138619
      ],
      [
       121.0056518,
       14.3137659
      ],
      [
       121.0056882,
       14.3136487
      ],
      [
       121.0056958,
       14.3135679
      ],
      [
       121.0056864,
       14.3134915
      ],
      [
       121.0056351,
       14.3133657
      ],
      [
       121.0055536,
       14.3132658
      ],
      [
       121.0054056,
       14.3131268
      ],
      [
       121.005243,
       14.3130335
      ],
      [
       121.0050585,
       14.3129155
      ],
      [
       121.004857,
       14.3128409
      ],
      [
       121.0046943,
       14.3128089
      ],
      [
       121.0045466,
       14.3128244
      ],
      [
       121.0043302,
       14.3128585
      ],
      [
       121.0041917,
       14.3128383
      ],
      [
       121.0040988,
       14.3127685
      ],
      [
       121.0040307,
       14.3126396
      ],
      [
       121.0039774,
       14.3125075
      ],
      [
       121.0039566,
       14.3123678
      ],
      [
       121.0039016,
       14.3122318
      ],
      [
       121.0038072,
       14.3121064
      ],
      [
       121.0037385,
       14.3120481
      ],
      [
       121.0036519,
       14.312007
      ],
      [
       121.0035052,
       14.3119801
      ],
      [
       121.0033817,
       14.3119182
      ],
      [
       121.003306,
       14.3118239
      ],
      [
       121.0032112,
       14.311765
      ],
      [
       121.0030395,
       14.3116872
      ],
      [
       121.0029343,
       14.3115794
      ],
      [
       121.0028679,
       14.3114655
      ],
      [
       121.0028671,
       14.3113366
      ],
      [
       121.0028945,
       14.3111016
      ],
      [
       121.002895,
       14.3108613
      ],
      [
       121.0029077,
       14.3106992
      ],
      [
       121.0029474,
       14.3105322
      ],
      [
       121.0028603,
       14.310282
      ],
      [
       121.0027674,
       14.3101423
      ],
      [
       121.0027073,
       14.3099954
      ],
      [
       121.0026858,
       14.3098538
      ],
      [
       121.0027086,
       14.3096737
      ],
      [
       121.0027669,
       14.3095088
      ],
      [
       121.0027971,
       14.3093619
      ],
      [
       121.0027955,
       14.3092289
      ],
      [
       121.0027998,
       14.3090659
      ],
      [
       121.0027657,
       14.3089262
      ],
      [
       121.0027295,
       14.3087996
      ],
      [
       121.0027107,
       14.3086597
      ],
      [
       121.0026383,
       14.3085824
      ],
      [
       121.0025362,
       14.3085109
      ],
      [
       121.0024317,
       14.3084133
      ],
      [
       121.0023674,
       14.3082995
      ],
      [
       121.0023294,
       14.3081645
      ],
      [
       121.0023294,
       14.3080018
      ],
      [
       121.0023362,
       14.3078339
      ],
      [
       121.0023693,
       14.3075902
      ],
      [
       121.0024034,
       14.3074542
      ],
      [
       121.0024214,
       14.3073079
      ],
      [
       121.0024201,
       14.3070848
      ],
      [
       121.0023655,
       14.3069525
      ],
      [
       121.0022403,
       14.3068957
      ],
      [
       121.0020582,
       14.3069102
      ],
      [
       121.0019033,
       14.3069171
      ],
      [
       121.001574,
       14.3069171
      ],
      [
       121.0012142,
       14.306958
      ],
      [
       121.0008683,
       14.3069792
      ],
      [
       121.0006585,
       14.3070296
      ],
      [
       121.0005125,
       14.3070756
      ],
      [
       121.0004272,
       14.3070701
      ],
      [
       121.0003589,
       14.3070094
      ],
      [
       121.000294,
       14.3069272
      ],
      [
       121.0002489,
       14.3067962
      ],
      [
       121.0002369,
       14.3067239
      ],
      [
       121.000265,
       14.3066394
      ],
      [
       121.0003262,
       14.306492
      ],
      [
       121.0003696,
       14.3063678
      ],
      [
       121.0003677,
       14.3062427
      ],
      [
       121.0003468,
       14.3061469
      ],
      [
       121.0002859,
       14.3060384
      ],
      [
       121.0001946,
       14.3059213
      ],
      [
       121.0000424,
       14.3057973
      ],
      [
       120.9999048,
       14.3056621
      ],
      [
       120.9998305,
       14.3055294
      ],
      [
       120.9997247,
       14.3053878
      ],
      [
       120.9996428,
       14.3052762
      ],
      [
       120.9996172,
       14.3052102
      ],
      [
       120.9996159,
       14.305171
      ],
      [
       120.9996414,
       14.3051359
      ],
      [
       120.9997326,
       14.3050735
      ],
      [
       120.9998454,
       14.3050439
      ],
      [
       120.9999914,
       14.3050215
      ],
      [
       121.0001221,
       14.3049613
      ],
      [
       121.0001846,
       14.304902
      ],
      [
       121.0002026,
       14.3048079
      ],
      [
       121.0002114,
       14.3047499
      ],
      [
       121.0001993,
       14.3046863
      ],
      [
       121.000113,
       14.304601
      ],
      [
       121.0000437,
       14.3045303
      ],
      [
       120.9999593,
       14.3044718
      ],
      [
       120.9998884,
       14.3043798
      ],
      [
       120.9998909,
       14.3042964
      ],
      [
       120.999923,
       14.3042184
      ],
      [
       121.0000168,
       14.3040739
      ],
      [
       121.0001028,
       14.3039143
      ],
      [
       121.0001633,
       14.3037356
      ],
      [
       121.0001591,
       14.3036596
      ],
      [
       121.0001359,
       14.3035797
      ],
      [
       121.0000746,
       14.3034972
      ],
      [
       120.9999794,
       14.303401
      ],
      [
       120.9998171,
       14.3032051
      ],
      [
       120.9997842,
       14.3031454
      ],
      [
       120.9998272,
       14.3030836
      ],
      [
       120.9999499,
       14.3029956
      ],
      [
       121.0000249,
       14.3028001
      ],
      [
       121.0000411,
       14.3026447
      ],
      [
       120.9999633,
       14.3025459
      ],
      [
       120.9998356,
       14.3024119
      ],
      [
       120.9997493,
       14.3022961
      ],
      [
       120.9997226,
       14.3020165
      ],
      [
       120.9996629,
       14.3017818
      ],
      [
       120.9995757,
       14.3015073
      ],
      [
       120.9994751,
       14.3014205
      ],
      [
       120.9993726,
       14.3013184
      ],
      [
       120.9992929,
       14.3011921
      ],
      [
       120.999494,
       14.3007756
      ],
      [
       120.9996281,
       14.3006301
      ],
      [
       120.9998963,
       14.3001466
      ],
      [
       120.9999285,
       14.2999231
      ],
      [
       121.0000465,
       14.2997568
      ],
      [
       121.0000573,
       14.2995696
      ],
      [
       120.9999446,
       14.2993357
      ],
      [
       120.9997944,
       14.2992005
      ],
      [
       120.9995852,
       14.2991018
      ],
      [
       120.9993599,
       14.299107
      ],
      [
       120.9991507,
       14.2990238
      ],
      [
       120.9988932,
       14.2988835
      ],
      [
       120.9987644,
       14.2987587
      ],
      [
       120.9987162,
       14.298556
      ],
      [
       120.9988342,
       14.298374
      ],
      [
       120.998898,
       14.2983422
      ],
      [
       120.9990219,
       14.2982805
      ],
      [
       120.9992311,
       14.2981661
      ],
      [
       120.9993438,
       14.297979
      ],
      [
       120.9994135,
       14.297797
      ],
      [
       120.9993652,
       14.2974435
      ],
      [
       120.9993813,
       14.2971368
      ],
      [
       120.9994038,
       14.2969626
      ],
      [
       120.9994243,
       14.2968042
      ],
      [
       120.9994295,
       14.2966477
      ],
      [
       120.9993974,
       14.2964923
      ],
      [
       120.9992472,
       14.2962895
      ],
      [
       120.9990434,
       14.2960244
      ],
      [
       120.998802,
       14.2958581
      ],
      [
       120.9987348,
       14.2957882
      ],
      [
       120.9987162,
       14.2957073
      ],
      [
       120.9987319,
       14.2956219
      ],
      [
       120.9988449,
       14.2950055
      ],
      [
       120.9988342,
       14.2947872
      ],
      [
       120.9987913,
       14.2946105
      ],
      [
       120.9986625,
       14.2944857
      ],
      [
       120.9985338,
       14.2944389
      ],
      [
       120.9985177,
       14.2943402
      ],
      [
       120.9986196,
       14.2941634
      ],
      [
       120.9987537,
       14.2940698
      ],
      [
       120.9989576,
       14.2940439
      ],
      [
       120.9991238,
       14.2939711
      ],
      [
       120.999258,
       14.2939399
      ],
      [
       120.9993223,
       14.2938619
      ],
      [
       120.9992741,
       14.29368
      ],
      [
       120.9991614,
       14.2934148
      ],
      [
       120.9990273,
       14.2932797
      ],
      [
       120.9989629,
       14.2930718
      ],
      [
       120.9990541,
       14.292895
      ],
      [
       120.9991936,
       14.2927755
      ],
      [
       120.9993384,
       14.2926195
      ],
      [
       120.9995369,
       14.2924324
      ],
      [
       120.9995906,
       14.2923338
      ],
      [
       120.9997944,
       14.2922455
      ],
      [
       120.999832,
       14.2921155
      ],
      [
       120.9998427,
       14.291892
      ],
      [
       120.99973,
       14.2916165
      ],
      [
       120.9995959,
       14.2913514
      ],
      [
       120.9994119,
       14.2912422
      ],
      [
       120.9993331,
       14.2911954
      ],
      [
       120.9990595,
       14.291211
      ],
      [
       120.9987376,
       14.2914137
      ],
      [
       120.9983943,
       14.2914761
      ],
      [
       120.9982226,
       14.2914397
      ],
      [
       120.9980081,
       14.2913617
      ],
      [
       120.9979169,
       14.2912162
      ],
      [
       120.9978632,
       14.2909771
      ],
      [
       120.9977667,
       14.2906652
      ],
      [
       120.9976862,
       14.2902701
      ],
      [
       120.9975306,
       14.290031
      ],
      [
       120.9973697,
       14.2899322
      ],
      [
       120.997198,
       14.2899062
      ],
      [
       120.9970103,
       14.2899322
      ],
      [
       120.9968493,
       14.2899634
      ],
      [
       120.9967367,
       14.289979
      ],
      [
       120.9966669,
       14.289875
      ],
      [
       120.9965758,
       14.2897138
      ],
      [
       120.9965918,
       14.2895683
      ],
      [
       120.9966669,
       14.2894175
      ],
      [
       120.9967689,
       14.2893032
      ],
      [
       120.9968118,
       14.2890225
      ],
      [
       120.9967635,
       14.2887469
      ],
      [
       120.9966938,
       14.2885754
      ],
      [
       120.996565,
       14.2884714
      ],
      [
       120.9963665,
       14.2884506
      ],
      [
       120.9960661,
       14.288409
      ],
      [
       120.9959588,
       14.2883519
      ],
      [
       120.9959374,
       14.2882427
      ],
      [
       120.9960232,
       14.2881231
      ],
      [
       120.9961359,
       14.2880555
      ],
      [
       120.9961513,
       14.2880182
      ],
      [
       120.9961788,
       14.2879516
      ],
      [
       120.9961949,
       14.2878632
      ],
      [
       120.9962002,
       14.287754
      ],
      [
       120.9961412,
       14.2876605
      ],
      [
       120.9960715,
       14.2875877
      ],
      [
       120.9959427,
       14.2875461
      ],
      [
       120.9957979,
       14.2874421
      ],
      [
       120.9956745,
       14.2873433
      ],
      [
       120.9956477,
       14.2872082
      ],
      [
       120.9957282,
       14.2870938
      ],
      [
       120.9958194,
       14.286995
      ],
      [
       120.9958945,
       14.2868911
      ],
      [
       120.9958676,
       14.2867715
      ],
      [
       120.9957335,
       14.2867195
      ],
      [
       120.9956316,
       14.2866987
      ],
      [
       120.995476,
       14.2866208
      ],
      [
       120.9953741,
       14.2865116
      ],
      [
       120.9953097,
       14.2863504
      ],
      [
       120.9952561,
       14.2862257
      ],
      [
       120.9951595,
       14.2861217
      ],
      [
       120.9950147,
       14.2860073
      ],
      [
       120.9949181,
       14.2859657
      ],
      [
       120.9948645,
       14.2858618
      ],
      [
       120.9948538,
       14.2857266
      ],
      [
       120.9947894,
       14.2856434
      ],
      [
       120.9946446,
       14.2856486
      ],
      [
       120.9945212,
       14.285737
      ],
      [
       120.9944353,
       14.2858514
      ],
      [
       120.9943495,
       14.2860021
      ],
      [
       120.9942744,
       14.2861685
      ],
      [
       120.9941886,
       14.2862569
      ],
      [
       120.9940974,
       14.286314
      ],
      [
       120.993974,
       14.2862932
      ],
      [
       120.9938506,
       14.2861477
      ],
      [
       120.9937219,
       14.2860073
      ],
      [
       120.9936468,
       14.2858358
      ],
      [
       120.993577,
       14.2857162
      ],
      [
       120.9935666,
       14.2854592
      ],
      [
       120.9935818,
       14.2853066
      ],
      [
       120.9936039,
       14.2852068
      ],
      [
       120.9936039,
       14.2850508
      ],
      [
       120.9935395,
       14.2849468
      ],
      [
       120.9934054,
       14.2848636
      ],
      [
       120.9933875,
       14.2848614
      ],
      [
       120.9932337,
       14.2848429
      ],
      [
       120.993046,
       14.2848065
      ],
      [
       120.9928904,
       14.2846973
      ],
      [
       120.9928153,
       14.2845621
      ],
      [
       120.9926919,
       14.284427
      ],
      [
       120.9926651,
       14.2843074
      ],
      [
       120.9926222,
       14.2841774
      ],
      [
       120.9926061,
       14.2840787
      ],
      [
       120.9926436,
       14.2839851
      ],
      [
       120.9927241,
       14.2839435
      ],
      [
       120.9928153,
       14.2839123
      ],
      [
       120.9929709,
       14.2839331
      ],
      [
       120.9931318,
       14.2839903
      ],
      [
       120.9932552,
       14.2840007
      ],
      [
       120.9932981,
       14.2838759
      ],
      [
       120.9931962,
       14.2837356
      ],
      [
       120.9930996,
       14.2836524
      ],
      [
       120.9929709,
       14.2835796
      ],
      [
       120.9928528,
       14.2835224
      ],
      [
       120.9927563,
       14.2834392
      ],
      [
       120.992708,
       14.2833509
      ],
      [
       120.9926973,
       14.2832209
      ],
      [
       120.992649,
       14.2831117
      ],
      [
       120.9926168,
       14.2830182
      ],
      [
       120.9926007,
       14.282909
      ],
      [
       120.9926383,
       14.282779
      ],
      [
       120.9926919,
       14.2826439
      ],
      [
       120.9926544,
       14.2825347
      ],
      [
       120.9925739,
       14.2824463
      ],
      [
       120.9924612,
       14.2823475
      ],
      [
       120.9923647,
       14.2823163
      ],
      [
       120.9922145,
       14.2822852
      ],
      [
       120.9920857,
       14.2822436
      ],
      [
       120.9919731,
       14.2822384
      ],
      [
       120.9919033,
       14.282176
      ],
      [
       120.9918658,
       14.2821084
      ],
      [
       120.9918604,
       14.2819992
      ],
      [
       120.991839,
       14.2818953
      ],
      [
       120.9917585,
       14.2818173
      ],
      [
       120.9916995,
       14.2817757
      ],
      [
       120.9915332,
       14.2817133
      ],
      [
       120.9914313,
       14.2816509
      ],
      [
       120.9913079,
       14.2815106
      ],
      [
       120.9912757,
       14.281365
      ],
      [
       120.9912435,
       14.2812038
      ],
      [
       120.9913562,
       14.2810531
      ],
      [
       120.9915117,
       14.2809803
      ],
      [
       120.9916029,
       14.2809231
      ],
      [
       120.9916298,
       14.2808035
      ],
      [
       120.9916137,
       14.2807152
      ],
      [
       120.9915332,
       14.2806112
      ],
      [
       120.9914581,
       14.28058
      ],
      [
       120.9913401,
       14.2805852
      ],
      [
       120.9912274,
       14.280632
      ],
      [
       120.9911148,
       14.2806632
      ],
      [
       120.9910343,
       14.280684
      ],
      [
       120.9909485,
       14.2806632
      ],
      [
       120.9909217,
       14.2806008
      ],
      [
       120.9909485,
       14.2805176
      ],
      [
       120.9910236,
       14.280398
      ],
      [
       120.9911523,
       14.2802681
      ],
      [
       120.9911899,
       14.2801537
      ],
      [
       120.9911577,
       14.2800705
      ],
      [
       120.9910826,
       14.2800289
      ],
      [
       120.9909002,
       14.2799925
      ],
      [
       120.9907715,
       14.2799458
      ],
      [
       120.9907124,
       14.2798678
      ],
      [
       120.990632,
       14.2796546
      ],
      [
       120.9905086,
       14.279166
      ],
      [
       120.9904603,
       14.278906
      ],
      [
       120.9904469,
       14.2787787
      ],
      [
       120.9904148,
       14.2786435
      ],
      [
       120.9903852,
       14.2785161
      ],
      [
       120.9903852,
       14.2784303
      ],
      [
       120.9904227,
       14.2783472
      ],
      [
       120.9904925,
       14.2782822
      ],
      [
       120.9905703,
       14.278251
      ],
      [
       120.990632,
       14.2782562
      ],
      [
       120.9907232,
       14.2783134
      ],
      [
       120.990809,
       14.278303
      ],
      [
       120.9909109,
       14.278199
      ],
      [
       120.990986,
       14.2779963
      ],
      [
       120.9911899,
       14.2770189
      ],
      [
       120.9911577,
       14.2768941
      ],
      [
       120.991104,
       14.2768005
      ],
      [
       120.9908251,
       14.276629
      ],
      [
       120.9907071,
       14.2765354
      ],
      [
       120.9906642,
       14.2764418
      ],
      [
       120.9906695,
       14.2763275
      ],
      [
       120.9907607,
       14.2761455
      ],
      [
       120.990822,
       14.2761025
      ],
      [
       120.9910128,
       14.2759687
      ],
      [
       120.9912596,
       14.2758024
      ],
      [
       120.9913347,
       14.2756776
      ],
      [
       120.991442,
       14.2751109
      ],
      [
       120.9915976,
       14.2746483
      ],
      [
       120.9915225,
       14.2743727
      ],
      [
       120.9914956,
       14.2740816
      ],
      [
       120.9913991,
       14.2735461
      ],
      [
       120.9914259,
       14.2733486
      ],
      [
       120.9915332,
       14.2731718
      ],
      [
       120.9918068,
       14.2728391
      ],
      [
       120.9918765,
       14.2725375
      ],
      [
       120.9919432,
       14.272266
      ],
      [
       120.991957,
       14.27221
      ],
      [
       120.9919945,
       14.2719553
      ],
      [
       120.9921716,
       14.2717005
      ],
      [
       120.992354,
       14.271555
      ],
      [
       120.9926651,
       14.2714822
      ],
      [
       120.9926829,
       14.2714765
      ],
      [
       120.9930245,
       14.2713678
      ],
      [
       120.9931372,
       14.2711858
      ],
      [
       120.9932391,
       14.2708687
      ],
      [
       120.9933142,
       14.2706711
      ],
      [
       120.9935609,
       14.2704736
      ],
      [
       120.9938023,
       14.270328
      ],
      [
       120.9939633,
       14.2702292
      ],
      [
       120.9940759,
       14.2700785
      ],
      [
       120.9941081,
       14.2698861
      ],
      [
       120.9940545,
       14.2697042
      ],
      [
       120.9939901,
       14.2696106
      ],
      [
       120.9938935,
       14.2695326
      ],
      [
       120.9937541,
       14.2694702
      ],
      [
       120.9936146,
       14.269361
      ],
      [
       120.9935663,
       14.2691843
      ],
      [
       120.9935127,
       14.2689971
      ],
      [
       120.9933839,
       14.2688463
      ],
      [
       120.9932659,
       14.2687787
      ],
      [
       120.993223,
       14.2686696
      ],
      [
       120.9932176,
       14.2685084
      ],
      [
       120.9934215,
       14.2683836
      ],
      [
       120.99362,
       14.2682848
      ],
      [
       120.9936361,
       14.2681913
      ],
      [
       120.9935878,
       14.2680875
      ],
      [
       120.993459,
       14.267942
      ],
      [
       120.9934054,
       14.267682
      ],
      [
       120.9935663,
       14.2673181
      ],
      [
       120.9936951,
       14.2669958
      ],
      [
       120.9939418,
       14.2668502
      ],
      [
       120.9941886,
       14.266819
      ],
      [
       120.9943924,
       14.2667358
      ],
      [
       120.9946392,
       14.2664343
      ],
      [
       120.9948109,
       14.2661535
      ],
      [
       120.9949396,
       14.265748
      ],
      [
       120.9950254,
       14.2652697
      ],
      [
       120.9950147,
       14.2649786
      ],
      [
       120.9949396,
       14.2648538
      ],
      [
       120.9947679,
       14.2648018
      ],
      [
       120.9946177,
       14.2648226
      ],
      [
       120.9944461,
       14.2649578
      ],
      [
       120.9943066,
       14.2650201
      ],
      [
       120.9941886,
       14.2649474
      ],
      [
       120.9940491,
       14.2648122
      ],
      [
       120.9937809,
       14.2647082
      ],
      [
       120.993577,
       14.264573
      ],
      [
       120.993459,
       14.2643994
      ],
      [
       120.9933517,
       14.2641363
      ],
      [
       120.9932766,
       14.2638868
      ],
      [
       120.9931908,
       14.2637308
      ],
      [
       120.9931586,
       14.2635436
      ],
      [
       120.9932552,
       14.2634084
      ],
      [
       120.9934161,
       14.2633461
      ],
      [
       120.993577,
       14.2632421
      ],
      [
       120.9935663,
       14.2630549
      ],
      [
       120.9934376,
       14.2628366
      ],
      [
       120.9935019,
       14.2627014
      ],
      [
       120.9936307,
       14.262535
      ],
      [
       120.9936307,
       14.2623582
      ],
      [
       120.9935127,
       14.2620879
      ],
      [
       120.9934376,
       14.2618487
      ],
      [
       120.9932874,
       14.2616616
      ],
      [
       120.993105,
       14.2615472
      ],
      [
       120.9929119,
       14.2612352
      ],
      [
       120.9927831,
       14.2608401
      ],
      [
       120.9899415,
       14.2607814
      ],
      [
       120.989912,
       14.2607805
      ],
      [
       120.9857348,
       14.2606202
      ],
      [
       120.985621,
       14.2606248
      ],
      [
       120.9826735,
       14.2607025
      ],
      [
       120.9809819,
       14.2607343
      ],
      [
       120.9805311,
       14.2607428
      ],
      [
       120.9785474,
       14.2607241
      ],
      [
       120.9783252,
       14.2607467
      ],
      [
       120.9738349,
       14.2616927
      ],
      [
       120.9719482,
       14.2620902
      ],
      [
       120.9710519,
       14.2622094
      ],
      [
       120.9702176,
       14.2623204
      ],
      [
       120.9701304,
       14.262444
      ],
      [
       120.9700591,
       14.2624556
      ],
      [
       120.9700535,
       14.2625093
      ],
      [
       120.9692698,
       14.2626478
      ],
      [
       120.9691619,
       14.2626632
      ],
      [
       120.9690801,
       14.2626722
      ],
      [
       120.9690389,
       14.2626768
      ],
      [
       120.9687913,
       14.2626718
      ],
      [
       120.9684686,
       14.2626703
      ],
      [
       120.9676262,
       14.2626868
      ],
      [
       120.9671572,
       14.262696
      ],
      [
       120.9669389,
       14.2626124
      ],
      [
       120.9664947,
       14.2626157
      ],
      [
       120.9661701,
       14.2626181
      ],
      [
       120.9648746,
       14.2626278
      ],
      [
       120.9648481,
       14.262628
      ],
      [
       120.964822,
       14.2626282
      ],
      [
       120.9639681,
       14.2626346
      ],
      [
       120.9625114,
       14.2626454
      ],
      [
       120.9615896,
       14.2620371
      ],
      [
       120.960719,
       14.2611073
      ],
      [
       120.9594478,
       14.2599426
      ],
      [
       120.9574622,
       14.2581563
      ],
      [
       120.9557632,
       14.2565508
      ],
      [
       120.9540958,
       14.2549739
      ],
      [
       120.9539236,
       14.2548133
      ],
      [
       120.9538656,
       14.2547593
      ],
      [
       120.953813,
       14.2547102
      ],
      [
       120.9519606,
       14.2529531
      ],
      [
       120.9501246,
       14.2511907
      ],
      [
       120.9495721,
       14.2506603
      ],
      [
       120.9495044,
       14.2505953
      ],
      [
       120.9494535,
       14.2505465
      ],
      [
       120.9494073,
       14.2505022
      ],
      [
       120.9487843,
       14.2498845
      ],
      [
       120.948688,
       14.2497889
      ],
      [
       120.9479881,
       14.249095
      ],
      [
       120.9466897,
       14.2482008
      ],
      [
       120.9459685,
       14.2486964
      ],
      [
       120.9446434,
       14.2488632
      ],
      [
       120.9444284,
       14.2490442
      ],
      [
       120.9442164,
       14.249265
      ],
      [
       120.9441457,
       14.2495009
      ],
      [
       120.9441378,
       14.2498892
      ],
      [
       120.9438393,
       14.2502317
      ],
      [
       120.9434859,
       14.2505515
      ],
      [
       120.9433367,
       14.2508027
      ],
      [
       120.9432896,
       14.2510691
      ],
      [
       120.9432424,
       14.2511833
      ],
      [
       120.9430461,
       14.2516248
      ],
      [
       120.9428497,
       14.2517086
      ],
      [
       120.9425591,
       14.2517162
      ],
      [
       120.9422607,
       14.251701
      ],
      [
       120.9418878,
       14.2516527
      ],
      [
       120.9418811,
       14.2520607
      ],
      [
       120.9419319,
       14.2525485
      ],
      [
       120.9419014,
       14.2526908
      ],
      [
       120.9411392,
       14.2531888
      ],
      [
       120.9408851,
       14.2536157
      ],
      [
       120.9408749,
       14.2540934
      ],
      [
       120.9406208,
       14.2545812
      ],
      [
       120.9404746,
       14.2550523
      ],
      [
       120.9401432,
       14.2554044
      ],
      [
       120.9399704,
       14.2558008
      ],
      [
       120.9398784,
       14.2560738
      ],
      [
       120.9394238,
       14.256323
      ],
      [
       120.9393301,
       14.2563496
      ],
      [
       120.9390455,
       14.2567155
      ],
      [
       120.9387,
       14.2570204
      ],
      [
       120.9385272,
       14.2574676
      ],
      [
       120.9382629,
       14.2576302
      ],
      [
       120.9377954,
       14.2581587
      ],
      [
       120.9376633,
       14.2585958
      ],
      [
       120.9377548,
       14.2590328
      ],
      [
       120.9378202,
       14.2594029
      ],
      [
       120.9377756,
       14.2598447
      ],
      [
       120.9374572,
       14.2603181
      ],
      [
       120.9371353,
       14.2610475
      ],
      [
       120.9370735,
       14.2611677
      ],
      [
       120.9368723,
       14.2612406
      ],
      [
       120.9367274,
       14.2614309
      ],
      [
       120.9366368,
       14.2617405
      ],
      [
       120.9366465,
       14.2623304
      ],
      [
       120.9366513,
       14.262693
      ],
      [
       120.9367369,
       14.263045
      ],
      [
       120.9367454,
       14.2633364
      ],
      [
       120.9364637,
       14.2635176
      ],
      [
       120.9363956,
       14.2637927
      ],
      [
       120.9364142,
       14.2641475
      ],
      [
       120.9364225,
       14.2643881
      ],
      [
       120.9364862,
       14.2644861
      ],
      [
       120.9364568,
       14.2648459
      ],
      [
       120.9363673,
       14.2649317
      ],
      [
       120.9360256,
       14.2649189
      ],
      [
       120.9356509,
       14.2652731
      ],
      [
       120.9354782,
       14.2657711
      ],
      [
       120.9355899,
       14.2660557
      ],
      [
       120.9353968,
       14.2663911
      ],
      [
       120.9346651,
       14.2670111
      ],
      [
       120.9343602,
       14.2672652
      ],
      [
       120.9343602,
       14.2675802
      ],
      [
       120.9345533,
       14.2680274
      ],
      [
       120.9346041,
       14.2686372
      ],
      [
       120.9346143,
       14.2691657
      ],
      [
       120.9343805,
       14.269491
      ],
      [
       120.9342521,
       14.2696194
      ],
      [
       120.933974,
       14.2698975
      ],
      [
       120.9332625,
       14.2703549
      ],
      [
       120.9331101,
       14.2705683
      ],
      [
       120.9330897,
       14.2709037
      ],
      [
       120.933274,
       14.2710937
      ],
      [
       120.933415,
       14.2712391
      ],
      [
       120.9335166,
       14.2716964
      ],
      [
       120.9335064,
       14.2723367
      ],
      [
       120.9335878,
       14.2730177
      ],
      [
       120.9335878,
       14.2733734
      ],
      [
       120.9336792,
       14.2738104
      ],
      [
       120.933772,
       14.2739307
      ],
      [
       120.9339879,
       14.2740581
      ],
      [
       120.9342427,
       14.2741498
      ],
      [
       120.9344612,
       14.2742404
      ],
      [
       120.9345369,
       14.2743394
      ],
      [
       120.9345548,
       14.2745557
      ],
      [
       120.9344695,
       14.2748393
      ],
      [
       120.9344685,
       14.2750236
      ],
      [
       120.9345404,
       14.2752376
      ],
      [
       120.9347033,
       14.2753884
      ],
      [
       120.9348731,
       14.2755124
      ],
      [
       120.9349373,
       14.2756708
      ],
      [
       120.934847,
       14.2759121
      ],
      [
       120.9346106,
       14.2761092
      ],
      [
       120.9343577,
       14.2763002
      ],
      [
       120.934228,
       14.2764936
      ],
      [
       120.9340756,
       14.276768
      ],
      [
       120.9338927,
       14.2768493
      ],
      [
       120.9336281,
       14.2768311
      ],
      [
       120.9334251,
       14.2769509
      ],
      [
       120.9331092,
       14.2771379
      ],
      [
       120.9327925,
       14.2771412
      ],
      [
       120.9326502,
       14.2773435
      ],
      [
       120.9326629,
       14.2775709
      ],
      [
       120.9327306,
       14.2777836
      ],
      [
       120.932613,
       14.2779106
      ],
      [
       120.9323602,
       14.2779528
      ],
      [
       120.9320712,
       14.2779262
      ],
      [
       120.9319026,
       14.2779989
      ],
      [
       120.9318337,
       14.2780836
      ],
      [
       120.9317721,
       14.278151
      ],
      [
       120.9317252,
       14.2782202
      ],
      [
       120.9316273,
       14.2783875
      ],
      [
       120.9315012,
       14.2786085
      ],
      [
       120.9314784,
       14.2786319
      ],
      [
       120.9314556,
       14.2786514
      ],
      [
       120.9312491,
       14.2787294
      ],
      [
       120.9310855,
       14.2789113
      ],
      [
       120.9310506,
       14.2789633
      ],
      [
       120.9310265,
       14.2790153
      ],
      [
       120.9310158,
       14.2790582
      ],
      [
       120.9310077,
       14.2791374
      ],
      [
       120.9310077,
       14.2791933
      ],
      [
       120.9310131,
       14.2792193
      ],
      [
       120.9310345,
       14.2792687
      ],
      [
       120.9310521,
       14.279285
      ],
      [
       120.9310667,
       14.2793077
      ],
      [
       120.9312652,
       14.2794533
      ],
      [
       120.931288,
       14.2794676
      ],
      [
       120.931354,
       14.2795604
      ],
      [
       120.9314704,
       14.2796846
      ],
      [
       120.9314851,
       14.2797067
      ],
      [
       120.9314999,
       14.2797847
      ],
      [
       120.9315334,
       14.2798887
      ],
      [
       120.9315455,
       14.280029
      ],
      [
       120.9316166,
       14.2801161
      ],
      [
       120.9316635,
       14.2801889
      ],
      [
       120.9316447,
       14.2803526
      ],
      [
       120.9316112,
       14.280428
      ],
      [
       120.9315374,
       14.2805112
      ],
      [
       120.9315321,
       14.2805385
      ],
      [
       120.9315375,
       14.2807132
      ],
      [
       120.9315482,
       14.2807958
      ],
      [
       120.9314986,
       14.2808959
      ],
      [
       120.9314825,
       14.2810363
      ],
      [
       120.9315026,
       14.2811922
      ],
      [
       120.9315965,
       14.2813365
      ],
      [
       120.9317024,
       14.2814366
      ],
      [
       120.9324212,
       14.2817589
      ],
      [
       120.9324601,
       14.2817992
      ],
      [
       120.9324735,
       14.2818213
      ],
      [
       120.9324843,
       14.2818472
      ],
      [
       120.9324896,
       14.2818732
      ],
      [
       120.9324883,
       14.2819044
      ],
      [
       120.9324816,
       14.281933
      ],
      [
       120.9324574,
       14.2819824
      ],
      [
       120.9323998,
       14.2820474
      ],
      [
       120.9323743,
       14.2820656
      ],
      [
       120.9320404,
       14.2822423
      ],
      [
       120.9320122,
       14.2825036
      ],
      [
       120.9320632,
       14.2826374
      ],
      [
       120.9320605,
       14.2828064
      ],
      [
       120.9319317,
       14.2830377
      ],
      [
       120.9318486,
       14.2831235
      ],
      [
       120.9317239,
       14.2832093
      ],
      [
       120.9313376,
       14.2833899
      ],
      [
       120.9312813,
       14.283451
      ],
      [
       120.9312813,
       14.2835303
      ],
      [
       120.931351,
       14.2836512
      ],
      [
       120.9315053,
       14.2837603
      ],
      [
       120.9315415,
       14.2837473
      ],
      [
       120.931685,
       14.2839358
      ],
      [
       120.9317654,
       14.2840943
      ],
      [
       120.9317748,
       14.2841229
      ],
      [
       120.9317896,
       14.2842347
      ],
      [
       120.9317881,
       14.2843087
      ],
      [
       120.9317386,
       14.2845362
      ],
      [
       120.9315522,
       14.2848546
      ],
      [
       120.9315093,
       14.2849781
      ],
      [
       120.9314758,
       14.2852276
      ],
      [
       120.9314825,
       14.2855045
      ],
      [
       120.9314476,
       14.285637
      ],
      [
       120.931406,
       14.2860152
      ],
      [
       120.931347,
       14.2861738
      ],
      [
       120.9311593,
       14.2864181
      ],
      [
       120.9309688,
       14.2867586
      ],
      [
       120.9306966,
       14.2871004
      ],
      [
       120.9303573,
       14.2874006
      ],
      [
       120.9302554,
       14.2875592
      ],
      [
       120.9301776,
       14.2877645
      ],
      [
       120.9301347,
       14.2879854
      ],
      [
       120.9301186,
       14.2880426
      ],
      [
       120.9300354,
       14.288261
      ],
      [
       120.9299684,
       14.2885573
      ],
      [
       120.9299924,
       14.2886264
      ],
      [
       120.9300622,
       14.2887054
      ],
      [
       120.9300944,
       14.2888354
      ],
      [
       120.9300998,
       14.2888926
      ],
      [
       120.9300917,
       14.2892929
      ],
      [
       120.9301266,
       14.2896282
      ],
      [
       120.9301293,
       14.2897347
      ],
      [
       120.9301186,
       14.2898413
      ],
      [
       120.9300891,
       14.2900024
      ],
      [
       120.9300435,
       14.2901636
      ],
      [
       120.9299818,
       14.2903221
      ],
      [
       120.9298772,
       14.2904521
      ],
      [
       120.9297752,
       14.2905041
      ],
      [
       120.9297189,
       14.2905145
      ],
      [
       120.9294024,
       14.2905353
      ],
      [
       120.9293624,
       14.2905484
      ],
      [
       120.9293058,
       14.2905613
      ],
      [
       120.9292173,
       14.2906289
      ],
      [
       120.9291691,
       14.2907302
      ],
      [
       120.9292012,
       14.2909148
      ],
      [
       120.9291932,
       14.2911279
      ],
      [
       120.9291181,
       14.291393
      ],
      [
       120.9290781,
       14.291522
      ],
      [
       120.9290459,
       14.2917882
      ],
      [
       120.9290631,
       14.2918583
      ],
      [
       120.9291155,
       14.2919038
      ],
      [
       120.9291959,
       14.2919297
      ],
      [
       120.9292999,
       14.2919405
      ],
      [
       120.9293796,
       14.2919674
      ],
      [
       120.9294187,
       14.2920273
      ],
      [
       120.929507,
       14.2921247
      ],
      [
       120.9295332,
       14.292241
      ],
      [
       120.929526,
       14.2924003
      ],
      [
       120.9294683,
       14.2925159
      ],
      [
       120.9294321,
       14.2926043
      ],
      [
       120.9294307,
       14.2927389
      ],
      [
       120.9294911,
       14.2930202
      ],
      [
       120.929432,
       14.2932424
      ],
      [
       120.9293208,
       14.2934698
      ],
      [
       120.9292336,
       14.2936089
      ],
      [
       120.9292041,
       14.2937583
      ],
      [
       120.9292106,
       14.2938986
      ],
      [
       120.9292522,
       14.2940468
      ],
      [
       120.9292859,
       14.294234
      ],
      [
       120.9293128,
       14.2944796
      ],
      [
       120.929326,
       14.2947291
      ],
      [
       120.9293356,
       14.2949682
      ],
      [
       120.9293945,
       14.2951957
      ],
      [
       120.9294775,
       14.2953503
      ],
      [
       120.9295742,
       14.2954543
      ],
      [
       120.9296827,
       14.2956141
      ],
      [
       120.9297565,
       14.2957973
      ],
      [
       120.9298557,
       14.2960481
      ],
      [
       120.9299055,
       14.2962743
      ],
      [
       120.9299209,
       14.2965319
      ],
      [
       120.9299042,
       14.2966992
      ],
      [
       120.9299348,
       14.296837
      ],
      [
       120.9299871,
       14.2969682
      ],
      [
       120.9300832,
       14.2970464
      ],
      [
       120.9302594,
       14.2971203
      ],
      [
       120.9305226,
       14.2971229
      ],
      [
       120.9307652,
       14.2970351
      ],
      [
       120.9309393,
       14.2970096
      ],
      [
       120.9310844,
       14.2970337
      ],
      [
       120.9311954,
       14.2971369
      ],
      [
       120.9313175,
       14.297349
      ],
      [
       120.9313551,
       14.2975803
      ],
      [
       120.9313749,
       14.2978392
      ],
      [
       120.9313722,
       14.2981424
      ],
      [
       120.9314032,
       14.2983298
      ],
      [
       120.9315048,
       14.2984668
      ],
      [
       120.9316045,
       14.2986369
      ],
      [
       120.9317135,
       14.2988658
      ],
      [
       120.9317976,
       14.2990917
      ],
      [
       120.9317145,
       14.2992945
      ],
      [
       120.9317512,
       14.2995009
      ],
      [
       120.931811,
       14.2997259
      ],
      [
       120.9319823,
       14.2999113
      ],
      [
       120.9321383,
       14.3000378
      ],
      [
       120.9322616,
       14.300226
      ],
      [
       120.9323608,
       14.3005024
      ],
      [
       120.9323797,
       14.3008877
      ],
      [
       120.9323421,
       14.3011749
      ],
      [
       120.9323349,
       14.3014282
      ],
      [
       120.9324118,
       14.3016466
      ],
      [
       120.932579,
       14.301821
      ],
      [
       120.9327912,
       14.3020045
      ],
      [
       120.9328625,
       14.3021456
      ],
      [
       120.9328571,
       14.3023198
      ],
      [
       120.9328188,
       14.3025347
      ],
      [
       120.932869,
       14.3027005
      ],
      [
       120.9329339,
       14.3028507
      ],
      [
       120.9329583,
       14.3029462
      ],
      [
       120.9328732,
       14.3029904
      ],
      [
       120.9327927,
       14.3030592
      ],
      [
       120.9327109,
       14.3031788
      ],
      [
       120.9326908,
       14.3032789
      ],
      [
       120.9327203,
       14.3033607
      ],
      [
       120.9327941,
       14.3034088
      ],
      [
       120.9328088,
       14.3034998
      ],
      [
       120.9327538,
       14.303609
      ],
      [
       120.9326197,
       14.3036896
      ],
      [
       120.9324118,
       14.3037961
      ],
      [
       120.932196,
       14.3038689
      ],
      [
       120.9319933,
       14.3039144
      ],
      [
       120.931819,
       14.3039884
      ],
      [
       120.9316957,
       14.3041067
      ],
      [
       120.9315911,
       14.3042068
      ],
      [
       120.9314516,
       14.3043627
      ],
      [
       120.9313403,
       14.3044745
      ],
      [
       120.9312464,
       14.3046097
      ],
      [
       120.9311271,
       14.3047292
      ],
      [
       120.9310332,
       14.3048722
      ],
      [
       120.930946,
       14.3050463
      ],
      [
       120.9308454,
       14.305262
      ],
      [
       120.9307448,
       14.3055089
      ],
      [
       120.9306603,
       14.3057701
      ],
      [
       120.9305651,
       14.3059494
      ],
      [
       120.9303948,
       14.3060898
      ],
      [
       120.9302258,
       14.3062067
      ],
      [
       120.9301105,
       14.3063301
      ],
      [
       120.9300015,
       14.3064879
      ],
      [
       120.929958,
       14.3066825
      ],
      [
       120.9299459,
       14.306832
      ],
      [
       120.9298471,
       14.3069672
      ],
      [
       120.9297569,
       14.3070657
      ],
      [
       120.9296605,
       14.3071
      ],
      [
       120.9294936,
       14.3071345
      ],
      [
       120.9293146,
       14.307188
      ],
      [
       120.9291744,
       14.3072595
      ],
      [
       120.9290186,
       14.3074068
      ],
      [
       120.9289325,
       14.3074986
      ],
      [
       120.9288085,
       14.3075793
      ],
      [
       120.9286288,
       14.3076656
      ],
      [
       120.9283455,
       14.3077597
      ],
      [
       120.9282088,
       14.3078168
      ],
      [
       120.9280238,
       14.3079129
      ],
      [
       120.9279084,
       14.3080287
      ],
      [
       120.9278145,
       14.3082223
      ],
      [
       120.9277072,
       14.3084419
      ],
      [
       120.9276401,
       14.3086732
      ],
      [
       120.9276079,
       14.3088837
      ],
      [
       120.9276321,
       14.3090475
      ],
      [
       120.9276777,
       14.3091709
      ],
      [
       120.9277569,
       14.3092801
      ],
      [
       120.9278145,
       14.3094061
      ],
      [
       120.9278467,
       14.309527
      ],
      [
       120.927848,
       14.3096478
      ],
      [
       120.9277756,
       14.3097894
      ],
      [
       120.9276803,
       14.3099402
      ],
      [
       120.9275463,
       14.3101169
      ],
      [
       120.9274028,
       14.3102898
      ],
      [
       120.9273451,
       14.3104535
      ],
      [
       120.9273223,
       14.3106211
      ],
      [
       120.9273437,
       14.3107459
      ],
      [
       120.9273705,
       14.3108758
      ],
      [
       120.9273505,
       14.3110252
      ],
      [
       120.9273116,
       14.3111683
      ],
      [
       120.9271989,
       14.3112657
      ],
      [
       120.9270595,
       14.3113164
      ],
      [
       120.9268275,
       14.311354
      ],
      [
       120.9266088,
       14.311393
      ],
      [
       120.9263313,
       14.311458
      ],
      [
       120.9261099,
       14.3115542
      ],
      [
       120.9260483,
       14.3116283
      ],
      [
       120.9260295,
       14.31174
      ],
      [
       120.9260791,
       14.3118725
      ],
      [
       120.9262122,
       14.3119412
      ],
      [
       120.9263898,
       14.3119847
      ],
      [
       120.9265564,
       14.312045
      ],
      [
       120.9266893,
       14.3121376
      ],
      [
       120.9267911,
       14.3122928
      ],
      [
       120.9268783,
       14.3124738
      ],
      [
       120.9268857,
       14.3126544
      ],
      [
       120.9268485,
       14.3128713
      ],
      [
       120.9267003,
       14.3130994
      ],
      [
       120.9266094,
       14.3132258
      ],
      [
       120.9265454,
       14.3133522
      ],
      [
       120.9265158,
       14.3134733
      ],
      [
       120.9265237,
       14.313606
      ],
      [
       120.9266138,
       14.3137261
      ],
      [
       120.9267201,
       14.3137947
      ],
      [
       120.9268422,
       14.3138581
      ],
      [
       120.9269084,
       14.3139531
      ],
      [
       120.92692,
       14.3140881
      ],
      [
       120.9269011,
       14.3142813
      ],
      [
       120.9268089,
       14.3144422
      ],
      [
       120.9267279,
       14.3145774
      ],
      [
       120.9266367,
       14.3146882
      ],
      [
       120.9265932,
       14.3147529
      ],
      [
       120.9265411,
       14.3148763
      ],
      [
       120.9265466,
       14.315012
      ],
      [
       120.9265713,
       14.3151498
      ],
      [
       120.9265819,
       14.3153085
      ],
      [
       120.9265617,
       14.3155125
      ],
      [
       120.9265845,
       14.3157087
      ],
      [
       120.926665,
       14.3158725
      ],
      [
       120.9268085,
       14.3160167
      ],
      [
       120.9270287,
       14.3161841
      ],
      [
       120.9271586,
       14.3162622
      ],
      [
       120.9272325,
       14.3164064
      ],
      [
       120.9272082,
       14.3165768
      ],
      [
       120.9271599,
       14.3167314
      ],
      [
       120.9270944,
       14.3167897
      ],
      [
       120.9269815,
       14.3168302
      ],
      [
       120.9268099,
       14.3168354
      ],
      [
       120.9266183,
       14.3168547
      ],
      [
       120.9264948,
       14.3169476
      ],
      [
       120.926459,
       14.3170449
      ],
      [
       120.9265123,
       14.3171561
      ],
      [
       120.9266262,
       14.3172732
      ],
      [
       120.9268663,
       14.3173609
      ],
      [
       120.9271239,
       14.317403
      ],
      [
       120.9272754,
       14.3174381
      ],
      [
       120.9274343,
       14.3175051
      ],
      [
       120.9275489,
       14.3176496
      ],
      [
       120.927714,
       14.3178877
      ],
      [
       120.9278278,
       14.318106
      ],
      [
       120.9278923,
       14.318288
      ],
      [
       120.9279099,
       14.3184454
      ],
      [
       120.9279252,
       14.3185625
      ],
      [
       120.9279728,
       14.3187142
      ],
      [
       120.9279939,
       14.3188367
      ],
      [
       120.9279312,
       14.3189991
      ],
      [
       120.9277891,
       14.3191235
      ],
      [
       120.92765,
       14.3192107
      ],
      [
       120.9274995,
       14.3193461
      ],
      [
       120.9274109,
       14.3194912
      ],
      [
       120.9273914,
       14.319665
      ],
      [
       120.9274694,
       14.3199195
      ],
      [
       120.9276276,
       14.320323
      ],
      [
       120.9277538,
       14.3205834
      ],
      [
       120.9278485,
       14.3208067
      ],
      [
       120.9278789,
       14.3209596
      ],
      [
       120.9278348,
       14.3211054
      ],
      [
       120.9277864,
       14.3212923
      ],
      [
       120.9276945,
       14.3214469
      ],
      [
       120.9275367,
       14.3217473
      ],
      [
       120.9272157,
       14.3223406
      ],
      [
       120.9270838,
       14.3226412
      ],
      [
       120.9270662,
       14.32281
      ],
      [
       120.9271065,
       14.3229664
      ],
      [
       120.9272553,
       14.3231553
      ],
      [
       120.9272774,
       14.3232368
      ],
      [
       120.9272808,
       14.3232813
      ],
      [
       120.9272714,
       14.3234279
      ],
      [
       120.9272617,
       14.3236002
      ],
      [
       120.9272763,
       14.3237348
      ],
      [
       120.9273583,
       14.3238886
      ],
      [
       120.9275034,
       14.3239483
      ],
      [
       120.9276228,
       14.3240223
      ],
      [
       120.9277431,
       14.3241375
      ],
      [
       120.9277993,
       14.32431
      ],
      [
       120.927916,
       14.3244685
      ],
      [
       120.9279898,
       14.3246179
      ],
      [
       120.9280828,
       14.3248098
      ],
      [
       120.928093,
       14.3249896
      ],
      [
       120.9280689,
       14.3251806
      ],
      [
       120.9280662,
       14.3253677
      ],
      [
       120.928093,
       14.3255873
      ],
      [
       120.9281077,
       14.3257757
      ],
      [
       120.9281627,
       14.3259303
      ],
      [
       120.9282633,
       14.3260446
      ],
      [
       120.9284309,
       14.3262136
      ],
      [
       120.9285267,
       14.3263483
      ],
      [
       120.9285749,
       14.3264093
      ],
      [
       120.9286214,
       14.3264864
      ],
      [
       120.9286581,
       14.3266095
      ],
      [
       120.9286821,
       14.3267743
      ],
      [
       120.9286577,
       14.3269399
      ],
      [
       120.9286004,
       14.3270629
      ],
      [
       120.928484,
       14.3271525
      ],
      [
       120.9282719,
       14.327215
      ],
      [
       120.9280367,
       14.3272572
      ],
      [
       120.9277431,
       14.3274008
      ],
      [
       120.9276745,
       14.3275066
      ],
      [
       120.9276847,
       14.3276821
      ],
      [
       120.9276267,
       14.3279574
      ],
      [
       120.9275246,
       14.3283265
      ],
      [
       120.9273664,
       14.328644
      ],
      [
       120.9271593,
       14.3289524
      ],
      [
       120.9267833,
       14.3291682
      ],
      [
       120.9262968,
       14.3293144
      ],
      [
       120.9261054,
       14.3294363
      ],
      [
       120.9260926,
       14.329597
      ],
      [
       120.9261591,
       14.329835
      ],
      [
       120.9261913,
       14.3301313
      ],
      [
       120.9261838,
       14.3303803
      ],
      [
       120.9261242,
       14.3305392
      ],
      [
       120.9258592,
       14.3306064
      ],
      [
       120.9254779,
       14.3305886
      ],
      [
       120.9249709,
       14.3304509
      ],
      [
       120.9246812,
       14.3305055
      ],
      [
       120.9244372,
       14.3306717
      ],
      [
       120.9242843,
       14.3308822
      ],
      [
       120.9240831,
       14.3311942
      ],
      [
       120.9239993,
       14.3313783
      ],
      [
       120.9239382,
       14.3315891
      ],
      [
       120.9239119,
       14.3317966
      ],
      [
       120.9238793,
       14.3319685
      ],
      [
       120.9238433,
       14.3321958
      ],
      [
       120.9237817,
       14.3322365
      ],
      [
       120.9237421,
       14.3322672
      ],
      [
       120.923692,
       14.3323566
      ],
      [
       120.9235927,
       14.3324698
      ],
      [
       120.9233836,
       14.3326257
      ],
      [
       120.9232307,
       14.3328648
      ],
      [
       120.9230456,
       14.3332728
      ],
      [
       120.9229302,
       14.3336574
      ],
      [
       120.9229141,
       14.3338913
      ],
      [
       120.9230939,
       14.3341797
      ],
      [
       120.9231395,
       14.3345175
      ],
      [
       120.9232118,
       14.3348164
      ],
      [
       120.9233031,
       14.3351646
      ],
      [
       120.9233849,
       14.3356181
      ],
      [
       120.9233714,
       14.3360222
      ],
      [
       120.9233384,
       14.3362218
      ],
      [
       120.9234385,
       14.3364861
      ],
      [
       120.9235643,
       14.3367094
      ],
      [
       120.9236961,
       14.3368265
      ],
      [
       120.9238663,
       14.337241
      ],
      [
       120.923928,
       14.3374852
      ],
      [
       120.9240219,
       14.3377997
      ],
      [
       120.9240702,
       14.3382792
      ],
      [
       120.92404,
       14.3386035
      ],
      [
       120.9240263,
       14.3394754
      ],
      [
       120.9239494,
       14.3400064
      ],
      [
       120.9239518,
       14.3404493
      ],
      [
       120.9239236,
       14.3407613
      ],
      [
       120.9239354,
       14.3411615
      ],
      [
       120.923925,
       14.3415096
      ],
      [
       120.923889,
       14.3419258
      ],
      [
       120.9239085,
       14.3421085
      ],
      [
       120.9239635,
       14.3427081
      ],
      [
       120.9239743,
       14.3428901
      ],
      [
       120.9239602,
       14.3430516
      ],
      [
       120.9239291,
       14.3431728
      ],
      [
       120.9238377,
       14.3433975
      ],
      [
       120.9237663,
       14.343528
      ],
      [
       120.9236236,
       14.3437117
      ],
      [
       120.9233206,
       14.3442547
      ],
      [
       120.9232226,
       14.344434
      ],
      [
       120.9230724,
       14.3446016
      ],
      [
       120.9229517,
       14.3446846
      ],
      [
       120.9227292,
       14.3448173
      ],
      [
       120.9225131,
       14.3450641
      ],
      [
       120.9224313,
       14.3453214
      ],
      [
       120.9223938,
       14.3455708
      ],
      [
       120.9223858,
       14.3457982
      ],
      [
       120.9222962,
       14.3459417
      ],
      [
       120.9222409,
       14.3462322
      ],
      [
       120.9222397,
       14.3465609
      ],
      [
       120.9222749,
       14.346831
      ],
      [
       120.9222514,
       14.3471247
      ],
      [
       120.9222407,
       14.3472038
      ],
      [
       120.9221937,
       14.347481
      ],
      [
       120.9220889,
       14.3477401
      ],
      [
       120.9220194,
       14.3480527
      ],
      [
       120.9219825,
       14.3483158
      ],
      [
       120.9220352,
       14.348695
      ],
      [
       120.9221008,
       14.3491032
      ],
      [
       120.9220484,
       14.3493114
      ],
      [
       120.9220505,
       14.349505
      ],
      [
       120.9220397,
       14.3497571
      ],
      [
       120.9219821,
       14.3499831
      ],
      [
       120.9219056,
       14.3501988
      ],
      [
       120.9218114,
       14.3504509
      ],
      [
       120.9217937,
       14.3505846
      ],
      [
       120.9217913,
       14.3507489
      ],
      [
       120.9218147,
       14.3509078
      ],
      [
       120.921851,
       14.3510741
      ],
      [
       120.9219654,
       14.3513848
      ],
      [
       120.922032,
       14.3516062
      ],
      [
       120.922067,
       14.3517707
      ],
      [
       120.9220789,
       14.3519869
      ],
      [
       120.9220808,
       14.352162
      ],
      [
       120.9220726,
       14.3523027
      ],
      [
       120.9220546,
       14.3524558
      ],
      [
       120.922016,
       14.3525667
      ],
      [
       120.9219636,
       14.3526375
      ],
      [
       120.9218521,
       14.3527582
      ],
      [
       120.9216755,
       14.3530235
      ],
      [
       120.921601,
       14.3531838
      ],
      [
       120.9215569,
       14.3533322
      ],
      [
       120.9215225,
       14.3534362
      ],
      [
       120.9214728,
       14.353523
      ],
      [
       120.9213887,
       14.3536165
      ],
      [
       120.9212743,
       14.3536846
      ],
      [
       120.9210397,
       14.3538128
      ],
      [
       120.9209391,
       14.3538466
      ],
      [
       120.9208239,
       14.3539181
      ],
      [
       120.9206678,
       14.3540069
      ],
      [
       120.9204892,
       14.3541065
      ],
      [
       120.9206598,
       14.3541491
      ],
      [
       120.9208317,
       14.3541909
      ],
      [
       120.9216069,
       14.3543937
      ],
      [
       120.9218802,
       14.3544181
      ],
      [
       120.9225239,
       14.3545629
      ],
      [
       120.9229186,
       14.3546161
      ],
      [
       120.9231488,
       14.3546228
      ],
      [
       120.9232894,
       14.3546004
      ],
      [
       120.9234499,
       14.3546172
      ],
      [
       120.9234727,
       14.3546199
      ],
      [
       120.9235445,
       14.3546286
      ],
      [
       120.9236192,
       14.3545872
      ],
      [
       120.9238842,
       14.354918
      ],
      [
       120.9241111,
       14.3547658
      ],
      [
       120.9243203,
       14.3546297
      ],
      [
       120.9243746,
       14.3547247
      ],
      [
       120.9245436,
       14.3549475
      ],
      [
       120.925945,
       14.3550852
      ],
      [
       120.9261425,
       14.3550786
      ],
      [
       120.9285406,
       14.3549296
      ],
      [
       120.928764,
       14.3549157
      ],
      [
       120.9293816,
       14.3551248
      ],
      [
       120.9298733,
       14.3545791
      ],
      [
       120.9303146,
       14.3546632
      ],
      [
       120.9303036,
       14.3547825
      ],
      [
       120.930317,
       14.3549033
      ],
      [
       120.9303707,
       14.3550943
      ],
      [
       120.9303948,
       14.3551944
      ],
      [
       120.9303948,
       14.3553256
      ],
      [
       120.930364,
       14.3554854
      ],
      [
       120.9302403,
       14.355724
      ],
      [
       120.9301538,
       14.3558724
      ],
      [
       120.9301022,
       14.3559784
      ],
      [
       120.9300776,
       14.3560884
      ],
      [
       120.9300808,
       14.3561917
      ],
      [
       120.9300432,
       14.356342
      ],
      [
       120.9299679,
       14.3564579
      ],
      [
       120.9299159,
       14.3565533
      ],
      [
       120.9298928,
       14.3566892
      ],
      [
       120.929927,
       14.356819
      ],
      [
       120.9300096,
       14.356939
      ],
      [
       120.9300756,
       14.3571178
      ],
      [
       120.9300975,
       14.3573535
      ],
      [
       120.9300538,
       14.3575785
      ],
      [
       120.9300166,
       14.3577221
      ],
      [
       120.9300118,
       14.3577877
      ],
      [
       120.9300227,
       14.357864
      ],
      [
       120.930022,
       14.3579052
      ],
      [
       120.9299965,
       14.3579416
      ],
      [
       120.9299583,
       14.3579559
      ],
      [
       120.9299184,
       14.3579588
      ],
      [
       120.9298681,
       14.3579598
      ],
      [
       120.9298312,
       14.357978
      ],
      [
       120.9298296,
       14.3580195
      ],
      [
       120.9298503,
       14.3580611
      ],
      [
       120.9298759,
       14.358099
      ],
      [
       120.9299277,
       14.3581609
      ],
      [
       120.9299844,
       14.3582099
      ],
      [
       120.9300237,
       14.3582684
      ],
      [
       120.9300304,
       14.3583073
      ],
      [
       120.930167,
       14.3583785
      ],
      [
       120.9338468,
       14.3605463
      ],
      [
       120.9349034,
       14.3607068
      ],
      [
       120.9351906,
       14.3607459
      ],
      [
       120.9353537,
       14.36076
      ],
      [
       120.9355597,
       14.3608167
      ],
      [
       120.9359199,
       14.3609328
      ],
      [
       120.9381398,
       14.3616469
      ],
      [
       120.9382101,
       14.3616712
      ],
      [
       120.938243,
       14.3616794
      ],
      [
       120.940487,
       14.3618603
      ],
      [
       120.9418295,
       14.3614033
      ],
      [
       120.9420479,
       14.3613177
      ],
      [
       120.9421045,
       14.3613399
      ],
      [
       120.9421347,
       14.3613518
      ],
      [
       120.9425094,
       14.3614987
      ],
      [
       120.9426179,
       14.3615412
      ],
      [
       120.9428807,
       14.3615568
      ],
      [
       120.9435486,
       14.3618104
      ],
      [
       120.9447448,
       14.3620609
      ],
      [
       120.9448318,
       14.3615358
      ],
      [
       120.9447849,
       14.361463
      ],
      [
       120.9448479,
       14.3611915
      ],
      [
       120.9451892,
       14.3612823
      ],
      [
       120.945286,
       14.361308
      ],
      [
       120.9464331,
       14.3616132
      ],
      [
       120.9491132,
       14.3611757
      ],
      [
       120.9490136,
       14.3612865
      ],
      [
       120.9488984,
       14.3614663
      ],
      [
       120.9488663,
       14.3615388
      ],
      [
       120.9488162,
       14.3616709
      ],
      [
       120.9487921,
       14.3617541
      ],
      [
       120.9487908,
       14.3618262
      ],
      [
       120.9488104,
       14.3618829
      ],
      [
       120.9488545,
       14.3619607
      ],
      [
       120.9488956,
       14.3620487
      ],
      [
       120.9489255,
       14.3621198
      ],
      [
       120.9489369,
       14.3621952
      ],
      [
       120.9489222,
       14.3622712
      ],
      [
       120.948891,
       14.3623496
      ],
      [
       120.9488592,
       14.3624427
      ],
      [
       120.9488122,
       14.3625206
      ],
      [
       120.9487623,
       14.362602
      ],
      [
       120.9487191,
       14.3626996
      ],
      [
       120.964418,
       14.3626861
      ],
      [
       120.9669855,
       14.3626839
      ],
      [
       120.9683315,
       14.3626827
      ],
      [
       120.9696378,
       14.3626816
      ],
      [
       120.9715085,
       14.36268
      ],
      [
       120.972061,
       14.3626795
      ],
      [
       120.9727354,
       14.3626789
      ],
      [
       120.9734114,
       14.3626784
      ],
      [
       120.9816594,
       14.3626159
      ],
      [
       120.9817886,
       14.3626161
      ],
      [
       120.9820146,
       14.3626163
      ],
      [
       120.9822733,
       14.3626167
      ],
      [
       120.9829821,
       14.3626176
      ],
      [
       120.9830217,
       14.3626176
      ],
      [
       121.0068179,
       14.3626479
      ],
      [
       121.0068566,
       14.3623452
      ],
      [
       121.0069237,
       14.3621353
      ],
      [
       121.0068829,
       14.3618905
      ],
      [
       121.0066992,
       14.3613435
      ],
      [
       121.0066992,
       14.3611354
      ],
      [
       121.0068135,
       14.3608742
      ],
      [
       121.0070217,
       14.3604048
      ],
      [
       121.0074461,
       14.3597518
      ],
      [
       121.0074788,
       14.3594824
      ],
      [
       121.0073645,
       14.35916
      ],
      [
       121.007389,
       14.3589151
      ],
      [
       121.0075298,
       14.3586761
      ],
      [
       121.0076298,
       14.35856
      ],
      [
       121.0075033,
       14.3581192
      ],
      [
       121.0073849,
       14.3578948
      ],
      [
       121.0073523,
       14.3575683
      ],
      [
       121.0073155,
       14.357356
      ],
      [
       121.0072421,
       14.3570867
      ],
      [
       121.0072584,
       14.3567806
      ],
      [
       121.0073482,
       14.3566255
      ],
      [
       121.0073033,
       14.3564051
      ],
      [
       121.0073686,
       14.3562214
      ],
      [
       121.0074992,
       14.3560867
      ],
      [
       121.0075971,
       14.3558786
      ],
      [
       121.0075808,
       14.3556051
      ],
      [
       121.0075441,
       14.3553235
      ],
      [
       121.0075237,
       14.3551317
      ],
      [
       121.0074502,
       14.3548664
      ],
      [
       121.0071314,
       14.3543992
      ],
      [
       121.0070154,
       14.3541815
      ],
      [
       121.0069237,
       14.3540095
      ],
      [
       121.0068314,
       14.3538414
      ],
      [
       121.0068254,
       14.3535618
      ],
      [
       121.0067695,
       14.3534362
      ],
      [
       121.00665,
       14.3534482
      ],
      [
       121.006583,
       14.353424
      ],
      [
       121.006532,
       14.3533871
      ],
      [
       121.0064925,
       14.3533225
      ],
      [
       121.0061315,
       14.3526775
      ],
      [
       121.0059806,
       14.3523671
      ],
      [
       121.0059379,
       14.3520606
      ],
      [
       121.0058558,
       14.351754
      ],
      [
       121.0055783,
       14.3512746
      ],
      [
       121.0055369,
       14.3511693
      ],
      [
       121.0054833,
       14.351029
      ],
      [
       121.0053653,
       14.3509978
      ],
      [
       121.0052097,
       14.3509511
      ],
      [
       121.0051584,
       14.3508483
      ],
      [
       121.0069735,
       14.3497497
      ]
     ]
    ]
   }
  },
  {
   "type": "Feature",
   "properties": {
    "name": "Tagaytay",
    "osm_id": 1491134,
    "admin_level": "6",
    "region": "calabarzon",
    "franchise": "Multiple (BATELEC, FLECO, QUEZELCO et al)"
   },
   "geometry": {
    "type": "Polygon",
    "coordinates": [
     [
      [
       120.8936794,
       14.0880296
      ],
      [
       120.8934443,
       14.0893637
      ],
      [
       120.8933513,
       14.0897141
      ],
      [
       120.8931309,
       14.0905375
      ],
      [
       120.8929861,
       14.0910955
      ],
      [
       120.8929086,
       14.0913712
      ],
      [
       120.8928153,
       14.0916444
      ],
      [
       120.8926757,
       14.0920113
      ],
      [
       120.8928157,
       14.0920399
      ],
      [
       120.8927581,
       14.0923469
      ],
      [
       120.8930078,
       14.0923792
      ],
      [
       120.8931615,
       14.0924817
      ],
      [
       120.8932771,
       14.0925589
      ],
      [
       120.8930826,
       14.0927852
      ],
      [
       120.8928224,
       14.0931364
      ],
      [
       120.8925877,
       14.0934226
      ],
      [
       120.8924885,
       14.0935774
      ],
      [
       120.8922793,
       14.0938544
      ],
      [
       120.8920164,
       14.0943721
      ],
      [
       120.8922885,
       14.0945388
      ],
      [
       120.8909364,
       14.0974848
      ],
      [
       120.8907672,
       14.0976309
      ],
      [
       120.8905841,
       14.0977661
      ],
      [
       120.8903742,
       14.097911
      ],
      [
       120.8901585,
       14.0980216
      ],
      [
       120.890613,
       14.098219
      ],
      [
       120.8888577,
       14.1018244
      ],
      [
       120.8882768,
       14.1029965
      ],
      [
       120.8869708,
       14.1055411
      ],
      [
       120.886234,
       14.1070497
      ],
      [
       120.8853104,
       14.1090583
      ],
      [
       120.888181,
       14.1100911
      ],
      [
       120.8927862,
       14.1117312
      ],
      [
       120.8963964,
       14.1129179
      ],
      [
       120.9020361,
       14.1148401
      ],
      [
       120.9034513,
       14.1152967
      ],
      [
       120.9038066,
       14.1154046
      ],
      [
       120.9066486,
       14.1163431
      ],
      [
       120.9066756,
       14.1163525
      ],
      [
       120.9067623,
       14.1163829
      ],
      [
       120.909841,
       14.1174612
      ],
      [
       120.9098674,
       14.1174705
      ],
      [
       120.909983,
       14.117511
      ],
      [
       120.9103596,
       14.1176421
      ],
      [
       120.9114672,
       14.1180148
      ],
      [
       120.9179462,
       14.1200482
      ],
      [
       120.9180665,
       14.1201446
      ],
      [
       120.9181881,
       14.1202084
      ],
      [
       120.9182914,
       14.1202775
      ],
      [
       120.9206477,
       14.1210082
      ],
      [
       120.920822,
       14.1211123
      ],
      [
       120.9228659,
       14.1218172
      ],
      [
       120.9239631,
       14.1222179
      ],
      [
       120.9264453,
       14.1231243
      ],
      [
       120.9286631,
       14.1238656
      ],
      [
       120.9289863,
       14.1239571
      ],
      [
       120.9307355,
       14.1244522
      ],
      [
       120.9333614,
       14.1253755
      ],
      [
       120.9342742,
       14.1257335
      ],
      [
       120.9342961,
       14.1256643
      ],
      [
       120.9381652,
       14.1270207
      ],
      [
       120.9393747,
       14.127494
      ],
      [
       120.9394406,
       14.1274694
      ],
      [
       120.9395827,
       14.1274239
      ],
      [
       120.9396619,
       14.1273693
      ],
      [
       120.9397086,
       14.127308
      ],
      [
       120.9397531,
       14.1272496
      ],
      [
       120.9407629,
       14.1275813
      ],
      [
       120.9407146,
       14.1278245
      ],
      [
       120.9446756,
       14.1291482
      ],
      [
       120.9471262,
       14.1299826
      ],
      [
       120.9512168,
       14.1313775
      ],
      [
       120.9551416,
       14.1327652
      ],
      [
       120.9565827,
       14.1332438
      ],
      [
       120.9579336,
       14.1336671
      ],
      [
       120.9594693,
       14.1341575
      ],
      [
       120.9600209,
       14.134417
      ],
      [
       120.9630835,
       14.13541
      ],
      [
       120.9644508,
       14.1358864
      ],
      [
       120.9694634,
       14.1374919
      ],
      [
       120.9825203,
       14.1424169
      ],
      [
       120.9895584,
       14.1442271
      ],
      [
       120.9968754,
       14.1462038
      ],
      [
       120.9981415,
       14.1465784
      ],
      [
       121.0010275,
       14.1469113
      ],
      [
       121.0016343,
       14.1504092
      ],
      [
       121.0050032,
       14.1526147
      ],
      [
       121.0103622,
       14.154075
      ],
      [
       121.0135264,
       14.1552704
      ],
      [
       121.0136667,
       14.1553234
      ],
      [
       121.0151983,
       14.1556988
      ],
      [
       121.0222517,
       14.1559903
      ],
      [
       121.0227582,
       14.1561258
      ],
      [
       121.0262378,
       14.1570904
      ],
      [
       121.0292852,
       14.157653
      ],
      [
       121.030207,
       14.1547062
      ],
      [
       121.0312956,
       14.1537413
      ],
      [
       121.0325223,
       14.1530676
      ],
      [
       121.0337669,
       14.1528387
      ],
      [
       121.035226,
       14.1527763
      ],
      [
       121.0364062,
       14.1526931
      ],
      [
       121.0416204,
       14.1530468
      ],
      [
       121.0417253,
       14.1533995
      ],
      [
       121.041971,
       14.1538944
      ],
      [
       121.0421277,
       14.1541368
      ],
      [
       121.0423002,
       14.1543697
      ],
      [
       121.0426158,
       14.1547959
      ],
      [
       121.0427285,
       14.1549482
      ],
      [
       121.0446373,
       14.1544415
      ],
      [
       121.0467211,
       14.1500003
      ],
      [
       121.0480774,
       14.1444752
      ],
      [
       121.0417949,
       14.1420674
      ],
      [
       121.0400585,
       14.1422706
      ],
      [
       121.0363751,
       14.1391423
      ],
      [
       121.0346767,
       14.1360505
      ],
      [
       121.0273213,
       14.1333768
      ],
      [
       121.0157697,
       14.1268548
      ],
      [
       121.014849,
       14.1256551
      ],
      [
       121.0103054,
       14.122725
      ],
      [
       121.0076668,
       14.1210364
      ],
      [
       121.0032179,
       14.118648
      ],
      [
       120.9942903,
       14.1136357
      ],
      [
       120.9795128,
       14.1041647
      ],
      [
       120.972816,
       14.0998725
      ],
      [
       120.9704047,
       14.098327
      ],
      [
       120.966674,
       14.0963626
      ],
      [
       120.960117,
       14.0930018
      ],
      [
       120.9573651,
       14.0915913
      ],
      [
       120.9516203,
       14.0884649
      ],
      [
       120.9456213,
       14.0850336
      ],
      [
       120.9429258,
       14.0844657
      ],
      [
       120.9339866,
       14.0829185
      ],
      [
       120.9299611,
       14.082115
      ],
      [
       120.926032,
       14.0812887
      ],
      [
       120.9245057,
       14.0808463
      ],
      [
       120.9218743,
       14.0802224
      ],
      [
       120.9169465,
       14.0791938
      ],
      [
       120.912011,
       14.0782258
      ],
      [
       120.9009918,
       14.0764655
      ],
      [
       120.8959292,
       14.0863762
      ],
      [
       120.8957853,
       14.0867414
      ],
      [
       120.8948946,
       14.0873242
      ],
      [
       120.8943588,
       14.0871259
      ],
      [
       120.893829,
       14.0870648
      ],
      [
       120.8937084,
       14.0873288
      ],
      [
       120.8938003,
       14.0877228
      ],
      [
       120.8938093,
       14.0877609
      ],
      [
       120.8937523,
       14.0878233
      ],
      [
       120.8937206,
       14.0878767
      ],
      [
       120.893692,
       14.087958
      ],
      [
       120.8936794,
       14.0880296
      ]
     ]
    ]
   }
  },
  {
   "type": "Feature",
   "properties": {
    "name": "Trece Martires",
    "osm_id": 1491128,
    "admin_level": "6",
    "region": "calabarzon",
    "franchise": "Multiple (BATELEC, FLECO, QUEZELCO et al)"
   },
   "geometry": {
    "type": "Polygon",
    "coordinates": [
     [
      [
       120.839906,
       14.2661503
      ],
      [
       120.8398263,
       14.2662224
      ],
      [
       120.8394416,
       14.2665037
      ],
      [
       120.8391086,
       14.266751
      ],
      [
       120.8385708,
       14.2669369
      ],
      [
       120.838199,
       14.2672831
      ],
      [
       120.8379972,
       14.2674918
      ],
      [
       120.8377011,
       14.2675651
      ],
      [
       120.8374451,
       14.2676692
      ],
      [
       120.8372304,
       14.2678365
      ],
      [
       120.8364557,
       14.2684563
      ],
      [
       120.8356508,
       14.2696281
      ],
      [
       120.8353793,
       14.2703274
      ],
      [
       120.8351498,
       14.2704943
      ],
      [
       120.8348594,
       14.2706094
      ],
      [
       120.8346158,
       14.2709811
      ],
      [
       120.8342996,
       14.2714022
      ],
      [
       120.8340143,
       14.2715785
      ],
      [
       120.8336111,
       14.2717624
      ],
      [
       120.8328332,
       14.2721347
      ],
      [
       120.8317974,
       14.2728377
      ],
      [
       120.8313944,
       14.2732006
      ],
      [
       120.8309701,
       14.2736375
      ],
      [
       120.8304795,
       14.2747298
      ],
      [
       120.8303204,
       14.2748968
      ],
      [
       120.8286384,
       14.2754401
      ],
      [
       120.828411,
       14.2755136
      ],
      [
       120.8278408,
       14.2760148
      ],
      [
       120.8277233,
       14.2760764
      ],
      [
       120.8270783,
       14.2764146
      ],
      [
       120.8265659,
       14.2766759
      ],
      [
       120.8259099,
       14.2767255
      ],
      [
       120.8253674,
       14.2768855
      ],
      [
       120.8250425,
       14.2770902
      ],
      [
       120.8246762,
       14.278066
      ],
      [
       120.8246537,
       14.2781309
      ],
      [
       120.8244715,
       14.2786578
      ],
      [
       120.8245044,
       14.2791309
      ],
      [
       120.8245087,
       14.2791929
      ],
      [
       120.8245809,
       14.2795228
      ],
      [
       120.8241811,
       14.2799983
      ],
      [
       120.8236677,
       14.280026
      ],
      [
       120.8231857,
       14.2803205
      ],
      [
       120.8229769,
       14.2808421
      ],
      [
       120.8229612,
       14.2817588
      ],
      [
       120.822933,
       14.2821102
      ],
      [
       120.823577,
       14.2821723
      ],
      [
       120.8239237,
       14.2819496
      ],
      [
       120.8244006,
       14.2817584
      ],
      [
       120.8248502,
       14.2816912
      ],
      [
       120.8251901,
       14.2814034
      ],
      [
       120.8255715,
       14.2812122
      ],
      [
       120.8257873,
       14.2812236
      ],
      [
       120.8261317,
       14.2812417
      ],
      [
       120.8268515,
       14.2814058
      ],
      [
       120.8269142,
       14.2818617
      ],
      [
       120.8272101,
       14.28199
      ],
      [
       120.8273803,
       14.2820639
      ],
      [
       120.8276584,
       14.2822125
      ],
      [
       120.8284081,
       14.282613
      ],
      [
       120.8285884,
       14.282676
      ],
      [
       120.8288297,
       14.2826879
      ],
      [
       120.8291497,
       14.2826721
      ],
      [
       120.8294862,
       14.2826174
      ],
      [
       120.8294888,
       14.282617
      ],
      [
       120.8298011,
       14.2826408
      ],
      [
       120.8300435,
       14.2826016
      ],
      [
       120.8302438,
       14.2821371
      ],
      [
       120.8312336,
       14.2825972
      ],
      [
       120.8319712,
       14.2828311
      ],
      [
       120.8326971,
       14.2830063
      ],
      [
       120.8330603,
       14.2831042
      ],
      [
       120.8332019,
       14.2827919
      ],
      [
       120.834067,
       14.2830542
      ],
      [
       120.8337999,
       14.2836359
      ],
      [
       120.8342495,
       14.2837658
      ],
      [
       120.8347822,
       14.2838987
      ],
      [
       120.8348062,
       14.2841707
      ],
      [
       120.8349053,
       14.2844426
      ],
      [
       120.8351572,
       14.284451
      ],
      [
       120.8353233,
       14.2846259
      ],
      [
       120.8377674,
       14.286448
      ],
      [
       120.8379252,
       14.2865764
      ],
      [
       120.8379405,
       14.2867352
      ],
      [
       120.8379328,
       14.2869162
      ],
      [
       120.8378414,
       14.2871451
      ],
      [
       120.8375451,
       14.2872978
      ],
      [
       120.8373806,
       14.2874462
      ],
      [
       120.8372484,
       14.2874487
      ],
      [
       120.8371909,
       14.287426
      ],
      [
       120.83715,
       14.2882004
      ],
      [
       120.837054,
       14.2894046
      ],
      [
       120.83707,
       14.2901168
      ],
      [
       120.8370553,
       14.2904196
      ],
      [
       120.8370405,
       14.2914086
      ],
      [
       120.8371395,
       14.2929574
      ],
      [
       120.8371415,
       14.2972076
      ],
      [
       120.8371425,
       14.2992542
      ],
      [
       120.8372006,
       14.2995333
      ],
      [
       120.8372515,
       14.2998022
      ],
      [
       120.8373995,
       14.3001203
      ],
      [
       120.8374367,
       14.3001877
      ],
      [
       120.8373881,
       14.3002966
      ],
      [
       120.8372403,
       14.3007459
      ],
      [
       120.83713,
       14.3010394
      ],
      [
       120.8372659,
       14.3011627
      ],
      [
       120.8374302,
       14.3012586
      ],
      [
       120.837249,
       14.301571
      ],
      [
       120.8375353,
       14.301785
      ],
      [
       120.8375167,
       14.3026224
      ],
      [
       120.8374876,
       14.3032257
      ],
      [
       120.8374164,
       14.3035743
      ],
      [
       120.8372882,
       14.3039071
      ],
      [
       120.8376927,
       14.3043699
      ],
      [
       120.8381053,
       14.3048406
      ],
      [
       120.8384773,
       14.305154
      ],
      [
       120.839032,
       14.3053953
      ],
      [
       120.8394342,
       14.3055604
      ],
      [
       120.8395912,
       14.3056506
      ],
      [
       120.8396766,
       14.3058163
      ],
      [
       120.8397976,
       14.3060577
      ],
      [
       120.8397762,
       14.3062164
      ],
      [
       120.8398354,
       14.3063587
      ],
      [
       120.8402726,
       14.3067808
      ],
      [
       120.8405941,
       14.307105
      ],
      [
       120.8405336,
       14.307343
      ],
      [
       120.8405339,
       14.3074533
      ],
      [
       120.8404664,
       14.3075337
      ],
      [
       120.840485,
       14.3076321
      ],
      [
       120.8404605,
       14.3077305
      ],
      [
       120.8408689,
       14.3079976
      ],
      [
       120.8410338,
       14.3080408
      ],
      [
       120.8417609,
       14.3086988
      ],
      [
       120.8420846,
       14.3086732
      ],
      [
       120.8422319,
       14.3085781
      ],
      [
       120.8424872,
       14.3083687
      ],
      [
       120.8429192,
       14.3083021
      ],
      [
       120.8430272,
       14.3081499
      ],
      [
       120.8432433,
       14.3081118
      ],
      [
       120.8433709,
       14.3082736
      ],
      [
       120.8435575,
       14.3083878
      ],
      [
       120.8437244,
       14.3083497
      ],
      [
       120.8439797,
       14.308207
      ],
      [
       120.8442743,
       14.308226
      ],
      [
       120.8444412,
       14.3081975
      ],
      [
       120.8445885,
       14.3080452
      ],
      [
       120.8448045,
       14.3079025
      ],
      [
       120.8448414,
       14.3078714
      ],
      [
       120.8460602,
       14.3084286
      ],
      [
       120.8464602,
       14.3077139
      ],
      [
       120.847077,
       14.3080456
      ],
      [
       120.8472266,
       14.3082642
      ],
      [
       120.8473481,
       14.3085282
      ],
      [
       120.8472968,
       14.3086382
      ],
      [
       120.8473774,
       14.308892
      ],
      [
       120.8475267,
       14.3091988
      ],
      [
       120.8479217,
       14.3095214
      ],
      [
       120.8481411,
       14.3096279
      ],
      [
       120.848365,
       14.3096666
      ],
      [
       120.848615,
       14.3097532
      ],
      [
       120.8487953,
       14.309705
      ],
      [
       120.8489865,
       14.3096587
      ],
      [
       120.8494031,
       14.3100787
      ],
      [
       120.8497981,
       14.3104911
      ],
      [
       120.8506277,
       14.311309
      ],
      [
       120.8519155,
       14.311964
      ],
      [
       120.8522584,
       14.3120773
      ],
      [
       120.8523882,
       14.3117826
      ],
      [
       120.8526172,
       14.3114879
      ],
      [
       120.8528556,
       14.3113032
      ],
      [
       120.8536157,
       14.311654
      ],
      [
       120.8535148,
       14.3118411
      ],
      [
       120.8546917,
       14.3126081
      ],
      [
       120.8550389,
       14.3126189
      ],
      [
       120.8553562,
       14.3123226
      ],
      [
       120.8559777,
       14.3119371
      ],
      [
       120.8562503,
       14.3116658
      ],
      [
       120.8563283,
       14.3114851
      ],
      [
       120.8566566,
       14.3110955
      ],
      [
       120.8568542,
       14.3106063
      ],
      [
       120.8578271,
       14.3107416
      ],
      [
       120.8583612,
       14.3108549
      ],
      [
       120.8587464,
       14.3109844
      ],
      [
       120.8592441,
       14.3111814
      ],
      [
       120.8596633,
       14.3100363
      ],
      [
       120.8606888,
       14.3103381
      ],
      [
       120.8615749,
       14.3105951
      ],
      [
       120.8616471,
       14.3104029
      ],
      [
       120.862121,
       14.3104674
      ],
      [
       120.8622973,
       14.3105319
      ],
      [
       120.8624186,
       14.3105509
      ],
      [
       120.8642673,
       14.3109337
      ],
      [
       120.8642615,
       14.3110361
      ],
      [
       120.8643312,
       14.3110897
      ],
      [
       120.864448,
       14.3111721
      ],
      [
       120.8644821,
       14.3112892
      ],
      [
       120.864559,
       14.3115466
      ],
      [
       120.8648473,
       14.3117569
      ],
      [
       120.8651034,
       14.3119932
      ],
      [
       120.8653627,
       14.3120965
      ],
      [
       120.8657009,
       14.3121817
      ],
      [
       120.8658398,
       14.3122805
      ],
      [
       120.8658769,
       14.3124465
      ],
      [
       120.8658352,
       14.312635
      ],
      [
       120.8656638,
       14.312819
      ],
      [
       120.8655341,
       14.3129447
      ],
      [
       120.8654924,
       14.313012
      ],
      [
       120.8656082,
       14.3132858
      ],
      [
       120.8658815,
       14.313398
      ],
      [
       120.8661968,
       14.3134968
      ],
      [
       120.8662062,
       14.313452
      ],
      [
       120.8662337,
       14.3134111
      ],
      [
       120.8662733,
       14.3133676
      ],
      [
       120.8663437,
       14.3133078
      ],
      [
       120.8664013,
       14.3132525
      ],
      [
       120.8664577,
       14.3131798
      ],
      [
       120.8665703,
       14.313055
      ],
      [
       120.8666575,
       14.3129472
      ],
      [
       120.8667031,
       14.3128159
      ],
      [
       120.8666615,
       14.312556
      ],
      [
       120.8666387,
       14.3122779
      ],
      [
       120.8666266,
       14.3120726
      ],
      [
       120.866624,
       14.3119921
      ],
      [
       120.8666387,
       14.3119375
      ],
      [
       120.8667044,
       14.3118738
      ],
      [
       120.8667836,
       14.3118478
      ],
      [
       120.8668667,
       14.3118335
      ],
      [
       120.8669351,
       14.3117932
      ],
      [
       120.8669606,
       14.3116568
      ],
      [
       120.86697,
       14.3115294
      ],
      [
       120.8669693,
       14.3114112
      ],
      [
       120.8669767,
       14.3112981
      ],
      [
       120.8669995,
       14.3112195
      ],
      [
       120.8670706,
       14.3111318
      ],
      [
       120.867151,
       14.3110252
      ],
      [
       120.8672073,
       14.3108875
      ],
      [
       120.8672744,
       14.3107121
      ],
      [
       120.8673213,
       14.3106042
      ],
      [
       120.8674233,
       14.3104872
      ],
      [
       120.8674648,
       14.3104132
      ],
      [
       120.8676124,
       14.3102884
      ],
      [
       120.8676875,
       14.3102429
      ],
      [
       120.8677679,
       14.3102157
      ],
      [
       120.8678551,
       14.310204
      ],
      [
       120.8679718,
       14.3102222
      ],
      [
       120.8680898,
       14.3102442
      ],
      [
       120.8682092,
       14.3102481
      ],
      [
       120.8683031,
       14.3102299
      ],
      [
       120.8684264,
       14.3101722
      ],
      [
       120.873312,
       14.3103385
      ],
      [
       120.8738377,
       14.310003
      ],
      [
       120.8742448,
       14.3097351
      ],
      [
       120.8745951,
       14.3099903
      ],
      [
       120.8746414,
       14.3100241
      ],
      [
       120.8763885,
       14.3111052
      ],
      [
       120.8774125,
       14.3118536
      ],
      [
       120.8778864,
       14.3122054
      ],
      [
       120.877943,
       14.3122474
      ],
      [
       120.8783439,
       14.312545
      ],
      [
       120.878405,
       14.3125904
      ],
      [
       120.8798976,
       14.3108487
      ],
      [
       120.8799214,
       14.3108656
      ],
      [
       120.8813107,
       14.3118519
      ],
      [
       120.8827734,
       14.310405
      ],
      [
       120.8840177,
       14.3110966
      ],
      [
       120.8844749,
       14.3113507
      ],
      [
       120.884517,
       14.3112916
      ],
      [
       120.8845451,
       14.3112215
      ],
      [
       120.8845505,
       14.3111552
      ],
      [
       120.8845264,
       14.3110707
      ],
      [
       120.8845112,
       14.3109656
      ],
      [
       120.8844848,
       14.3109057
      ],
      [
       120.8844674,
       14.3108355
      ],
      [
       120.8844661,
       14.3107591
      ],
      [
       120.8844855,
       14.3106809
      ],
      [
       120.884635,
       14.3107991
      ],
      [
       120.8848201,
       14.310894
      ],
      [
       120.8850481,
       14.3110174
      ],
      [
       120.8852237,
       14.3111435
      ],
      [
       120.8853404,
       14.3112072
      ],
      [
       120.8854478,
       14.3112371
      ],
      [
       120.8855523,
       14.3112358
      ],
      [
       120.8856435,
       14.3111916
      ],
      [
       120.885724,
       14.3111084
      ],
      [
       120.8858125,
       14.3110109
      ],
      [
       120.8859318,
       14.3108823
      ],
      [
       120.8860204,
       14.3107497
      ],
      [
       120.8861137,
       14.3106046
      ],
      [
       120.8862108,
       14.3104535
      ],
      [
       120.8862691,
       14.310353
      ],
      [
       120.8863415,
       14.3101839
      ],
      [
       120.8864947,
       14.3102332
      ],
      [
       120.8901857,
       14.3114213
      ],
      [
       120.8905819,
       14.3115488
      ],
      [
       120.8906043,
       14.3114242
      ],
      [
       120.8906069,
       14.3113436
      ],
      [
       120.8906083,
       14.311276
      ],
      [
       120.8906069,
       14.3112007
      ],
      [
       120.8906297,
       14.3111032
      ],
      [
       120.8906673,
       14.3109876
      ],
      [
       120.8906525,
       14.3108784
      ],
      [
       120.8906029,
       14.3107965
      ],
      [
       120.8905305,
       14.310764
      ],
      [
       120.8904152,
       14.3107393
      ],
      [
       120.8903374,
       14.3107017
      ],
      [
       120.8902904,
       14.3106497
      ],
      [
       120.8902784,
       14.3105561
      ],
      [
       120.8902609,
       14.310434
      ],
      [
       120.8902583,
       14.31033
      ],
      [
       120.8902837,
       14.3102429
      ],
      [
       120.8903414,
       14.3101455
      ],
      [
       120.8904219,
       14.3100246
      ],
      [
       120.8904862,
       14.3099194
      ],
      [
       120.8905131,
       14.309805
      ],
      [
       120.8905345,
       14.3096595
      ],
      [
       120.8905748,
       14.3095607
      ],
      [
       120.8906606,
       14.3094386
      ],
      [
       120.8907357,
       14.3093203
      ],
      [
       120.8908014,
       14.3091981
      ],
      [
       120.8908617,
       14.3090864
      ],
      [
       120.8909529,
       14.309011
      ],
      [
       120.8910575,
       14.3089408
      ],
      [
       120.8911622,
       14.3088564
      ],
      [
       120.8912534,
       14.3087706
      ],
      [
       120.8912949,
       14.3086706
      ],
      [
       120.8912949,
       14.3085887
      ],
      [
       120.8912775,
       14.3084899
      ],
      [
       120.8912748,
       14.3083834
      ],
      [
       120.8912963,
       14.3082391
      ],
      [
       120.8913271,
       14.3081378
      ],
      [
       120.8913727,
       14.308039
      ],
      [
       120.8914116,
       14.3079467
      ],
      [
       120.8915256,
       14.3078311
      ],
      [
       120.8916087,
       14.3077102
      ],
      [
       120.8916543,
       14.307566
      ],
      [
       120.8916557,
       14.307462
      ],
      [
       120.8916114,
       14.3073723
      ],
      [
       120.8915403,
       14.3072918
      ],
      [
       120.8914143,
       14.3071501
      ],
      [
       120.8913606,
       14.3070956
      ],
      [
       120.8912869,
       14.3070085
      ],
      [
       120.8912171,
       14.3069188
      ],
      [
       120.8911367,
       14.3068356
      ],
      [
       120.8910482,
       14.3067447
      ],
      [
       120.890969,
       14.3066589
      ],
      [
       120.8909395,
       14.3065602
      ],
      [
       120.8909395,
       14.3064432
      ],
      [
       120.8909664,
       14.3062821
      ],
      [
       120.8909878,
       14.3061378
      ],
      [
       120.89102,
       14.3060092
      ],
      [
       120.8910683,
       14.3059
      ],
      [
       120.89113,
       14.305796
      ],
      [
       120.8911984,
       14.3057142
      ],
      [
       120.8912761,
       14.3056388
      ],
      [
       120.891362,
       14.3055751
      ],
      [
       120.8914089,
       14.3054958
      ],
      [
       120.891417,
       14.305427
      ],
      [
       120.8914049,
       14.3053217
      ],
      [
       120.8913968,
       14.3052671
      ],
      [
       120.8914009,
       14.3051801
      ],
      [
       120.8914344,
       14.3050891
      ],
      [
       120.8914626,
       14.3050176
      ],
      [
       120.8915269,
       14.304963
      ],
      [
       120.8916168,
       14.3048942
      ],
      [
       120.8916758,
       14.3048279
      ],
      [
       120.8917308,
       14.3047629
      ],
      [
       120.8918401,
       14.3046505
      ],
      [
       120.8919206,
       14.3045979
      ],
      [
       120.892001,
       14.3045381
      ],
      [
       120.8920748,
       14.3044692
      ],
      [
       120.8921271,
       14.3044101
      ],
      [
       120.8921982,
       14.304351
      ],
      [
       120.8923101,
       14.3043211
      ],
      [
       120.8924396,
       14.3042717
      ],
      [
       120.892516,
       14.3042386
      ],
      [
       120.8925502,
       14.3041937
      ],
      [
       120.8925643,
       14.3041268
      ],
      [
       120.8925696,
       14.3040501
      ],
      [
       120.8925636,
       14.3039442
      ],
      [
       120.8925603,
       14.3038617
      ],
      [
       120.8925623,
       14.3038045
      ],
      [
       120.892569,
       14.3037499
      ],
      [
       120.8925911,
       14.3037155
      ],
      [
       120.892624,
       14.3036837
      ],
      [
       120.892683,
       14.3036648
      ],
      [
       120.8927487,
       14.3036479
      ],
      [
       120.8928104,
       14.3036408
      ],
      [
       120.8928607,
       14.3036525
      ],
      [
       120.8929224,
       14.303683
      ],
      [
       120.8929847,
       14.3037123
      ],
      [
       120.8930397,
       14.303709
      ],
      [
       120.8930944,
       14.303663
      ],
      [
       120.8931228,
       14.3036151
      ],
      [
       120.8931456,
       14.3035368
      ],
      [
       120.8931724,
       14.3034507
      ],
      [
       120.8932301,
       14.3033438
      ],
      [
       120.8932952,
       14.3032247
      ],
      [
       120.8933576,
       14.3031293
      ],
      [
       120.8935749,
       14.3028941
      ],
      [
       120.8937469,
       14.3027193
      ],
      [
       120.8938592,
       14.3023047
      ],
      [
       120.8939369,
       14.3016223
      ],
      [
       120.8939785,
       14.3010298
      ],
      [
       120.8939439,
       14.3006137
      ],
      [
       120.8939546,
       14.3003842
      ],
      [
       120.8940783,
       14.3001401
      ],
      [
       120.8942019,
       14.2998434
      ],
      [
       120.8942761,
       14.2992813
      ],
      [
       120.8944102,
       14.2988394
      ],
      [
       120.8945819,
       14.2985067
      ],
      [
       120.8947374,
       14.2983508
      ],
      [
       120.8948177,
       14.2981285
      ],
      [
       120.8949681,
       14.2980285
      ],
      [
       120.8950483,
       14.297883
      ],
      [
       120.8950108,
       14.2977478
      ],
      [
       120.8948823,
       14.2976334
      ],
      [
       120.8947696,
       14.2974723
      ],
      [
       120.894657,
       14.2972436
      ],
      [
       120.8944639,
       14.29702
      ],
      [
       120.8944435,
       14.2969469
      ],
      [
       120.8943795,
       14.2967694
      ],
      [
       120.894323,
       14.2965841
      ],
      [
       120.8942043,
       14.2964524
      ],
      [
       120.8939476,
       14.2962379
      ],
      [
       120.893678,
       14.2960264
      ],
      [
       120.8934852,
       14.2959027
      ],
      [
       120.8933897,
       14.2957735
      ],
      [
       120.8933756,
       14.2955916
      ],
      [
       120.8933978,
       14.2954217
      ],
      [
       120.8934174,
       14.2952065
      ],
      [
       120.8934255,
       14.2948955
      ],
      [
       120.8934031,
       14.2947587
      ],
      [
       120.8934233,
       14.2946329
      ],
      [
       120.8934648,
       14.294538
      ],
      [
       120.8934313,
       14.2944522
      ],
      [
       120.8934005,
       14.29436
      ],
      [
       120.8933635,
       14.2942513
      ],
      [
       120.8933119,
       14.2941677
      ],
      [
       120.8932446,
       14.2941076
      ],
      [
       120.8931296,
       14.2940625
      ],
      [
       120.8929834,
       14.2940416
      ],
      [
       120.8928819,
       14.2939965
      ],
      [
       120.8927634,
       14.2939155
      ],
      [
       120.8926844,
       14.2937488
      ],
      [
       120.8925909,
       14.2934698
      ],
      [
       120.8925586,
       14.2932229
      ],
      [
       120.8925079,
       14.2930009
      ],
      [
       120.8924684,
       14.2928369
      ],
      [
       120.8924939,
       14.2927095
      ],
      [
       120.8925374,
       14.2925668
      ],
      [
       120.8926092,
       14.2923625
      ],
      [
       120.892709,
       14.2921268
      ],
      [
       120.8927857,
       14.2919012
      ],
      [
       120.8927634,
       14.2916906
      ],
      [
       120.892736,
       14.2915179
      ],
      [
       120.892623,
       14.2913987
      ],
      [
       120.8925882,
       14.291245
      ],
      [
       120.8925559,
       14.291003
      ],
      [
       120.8924442,
       14.2907729
      ],
      [
       120.8923208,
       14.2906273
      ],
      [
       120.8922283,
       14.290539
      ],
      [
       120.8921947,
       14.2904483
      ],
      [
       120.8922122,
       14.290352
      ],
      [
       120.8922753,
       14.2902611
      ],
      [
       120.8923892,
       14.2901026
      ],
      [
       120.8924858,
       14.28997
      ],
      [
       120.8925793,
       14.2898312
      ],
      [
       120.8926079,
       14.2897464
      ],
      [
       120.8926569,
       14.2896607
      ],
      [
       120.892754,
       14.289509
      ],
      [
       120.8928734,
       14.2894657
      ],
      [
       120.8931027,
       14.2894488
      ],
      [
       120.8933435,
       14.2893774
      ],
      [
       120.893538,
       14.2892968
      ],
      [
       120.8937304,
       14.2892526
      ],
      [
       120.8939481,
       14.2892144
      ],
      [
       120.8940952,
       14.2891642
      ],
      [
       120.8942692,
       14.2890333
      ],
      [
       120.8944724,
       14.2888838
      ],
      [
       120.8947208,
       14.2888128
      ],
      [
       120.8950263,
       14.2887546
      ],
      [
       120.8952154,
       14.2887452
      ],
      [
       120.8953263,
       14.288799
      ],
      [
       120.8954104,
       14.2888292
      ],
      [
       120.8954832,
       14.2888224
      ],
      [
       120.8955408,
       14.2887707
      ],
      [
       120.8955704,
       14.2886249
      ],
      [
       120.8955745,
       14.288476
      ],
      [
       120.8955762,
       14.2883445
      ],
      [
       120.8956499,
       14.2882369
      ],
      [
       120.8957162,
       14.2882267
      ],
      [
       120.8958186,
       14.2882272
      ],
      [
       120.8959307,
       14.2881776
      ],
      [
       120.8960474,
       14.2880835
      ],
      [
       120.896143,
       14.2879776
      ],
      [
       120.8962167,
       14.2878792
      ],
      [
       120.896304,
       14.2877164
      ],
      [
       120.8963992,
       14.2875241
      ],
      [
       120.8965871,
       14.2872203
      ],
      [
       120.8966781,
       14.2870783
      ],
      [
       120.8967405,
       14.2869404
      ],
      [
       120.8967496,
       14.2868247
      ],
      [
       120.8967319,
       14.2866973
      ],
      [
       120.896703,
       14.2865536
      ],
      [
       120.8967188,
       14.2863938
      ],
      [
       120.8967318,
       14.2861985
      ],
      [
       120.8967652,
       14.2860371
      ],
      [
       120.8967666,
       14.2858605
      ],
      [
       120.8967244,
       14.2857249
      ],
      [
       120.8967236,
       14.2855672
      ],
      [
       120.8967142,
       14.2853603
      ],
      [
       120.8966274,
       14.2851918
      ],
      [
       120.8965981,
       14.2850663
      ],
      [
       120.8965909,
       14.2849248
      ],
      [
       120.8966078,
       14.2847518
      ],
      [
       120.8965999,
       14.2845831
      ],
      [
       120.8966134,
       14.284444
      ],
      [
       120.8966737,
       14.2842725
      ],
      [
       120.8967864,
       14.2840697
      ],
      [
       120.8969889,
       14.2838228
      ],
      [
       120.897067,
       14.2837486
      ],
      [
       120.8971619,
       14.2836291
      ],
      [
       120.8973,
       14.2834576
      ],
      [
       120.8974033,
       14.2832652
      ],
      [
       120.8974949,
       14.2830611
      ],
      [
       120.8975749,
       14.2828156
      ],
      [
       120.8976236,
       14.2826374
      ],
      [
       120.8976916,
       14.2824698
      ],
      [
       120.8978311,
       14.2822424
      ],
      [
       120.8979079,
       14.2821319
      ],
      [
       120.897979,
       14.2819707
      ],
      [
       120.8980792,
       14.2817095
      ],
      [
       120.8981346,
       14.2815197
      ],
      [
       120.8981811,
       14.2813859
      ],
      [
       120.8982137,
       14.2812481
      ],
      [
       120.8983125,
       14.2811143
      ],
      [
       120.8984323,
       14.2809674
      ],
      [
       120.8985446,
       14.2808635
      ],
      [
       120.8987873,
       14.2806659
      ],
      [
       120.8990716,
       14.280588
      ],
      [
       120.8992189,
       14.2804737
      ],
      [
       120.8992929,
       14.2803878
      ],
      [
       120.8993074,
       14.2803546
      ],
      [
       120.8993281,
       14.2802994
      ],
      [
       120.8993563,
       14.2802071
      ],
      [
       120.8993791,
       14.2800927
      ],
      [
       120.8994193,
       14.2799315
      ],
      [
       120.899422,
       14.2797938
      ],
      [
       120.8994046,
       14.2796404
      ],
      [
       120.8993845,
       14.2795001
      ],
      [
       120.899355,
       14.2793454
      ],
      [
       120.8993496,
       14.2792154
      ],
      [
       120.8993751,
       14.2790335
      ],
      [
       120.8993939,
       14.2788983
      ],
      [
       120.8993979,
       14.2787995
      ],
      [
       120.8993845,
       14.2787125
      ],
      [
       120.8993523,
       14.2785682
      ],
      [
       120.8993483,
       14.278472
      ],
      [
       120.8993456,
       14.2783862
      ],
      [
       120.8993429,
       14.2782745
      ],
      [
       120.8993027,
       14.2781822
      ],
      [
       120.8992571,
       14.2781289
      ],
      [
       120.8992262,
       14.2780353
      ],
      [
       120.89919,
       14.2778872
      ],
      [
       120.8991605,
       14.2777767
      ],
      [
       120.8990961,
       14.2776649
      ],
      [
       120.899076,
       14.2775817
      ],
      [
       120.8990881,
       14.2774869
      ],
      [
       120.8991632,
       14.2773933
      ],
      [
       120.8992584,
       14.2773257
      ],
      [
       120.8993764,
       14.2772542
      ],
      [
       120.8995065,
       14.27721
      ],
      [
       120.8996004,
       14.2771983
      ],
      [
       120.8996862,
       14.2771268
      ],
      [
       120.8997332,
       14.2770242
      ],
      [
       120.899772,
       14.2768656
      ],
      [
       120.8998176,
       14.2766577
      ],
      [
       120.8998431,
       14.2764783
      ],
      [
       120.8998753,
       14.2763509
      ],
      [
       120.8999571,
       14.2762314
      ],
      [
       120.9000993,
       14.2760962
      ],
      [
       120.90022,
       14.2760286
      ],
      [
       120.900346,
       14.2759519
      ],
      [
       120.9004976,
       14.2757817
      ],
      [
       120.900574,
       14.2756894
      ],
      [
       120.9006894,
       14.2755984
      ],
      [
       120.9007899,
       14.2755308
      ],
      [
       120.900865,
       14.275458
      ],
      [
       120.9009026,
       14.2753749
      ],
      [
       120.9009562,
       14.275189
      ],
      [
       120.9009871,
       14.2749863
      ],
      [
       120.9010193,
       14.2748004
      ],
      [
       120.9010448,
       14.2746431
      ],
      [
       120.9010515,
       14.2744872
      ],
      [
       120.9010327,
       14.2743637
      ],
      [
       120.9009844,
       14.2742454
      ],
      [
       120.9009549,
       14.2741726
      ],
      [
       120.9008637,
       14.2741064
      ],
      [
       120.9007604,
       14.2740037
      ],
      [
       120.9006719,
       14.2739582
      ],
      [
       120.9005781,
       14.273901
      ],
      [
       120.9004667,
       14.2738464
      ],
      [
       120.9004024,
       14.2738425
      ],
      [
       120.9003501,
       14.2738295
      ],
      [
       120.9003018,
       14.2737788
      ],
      [
       120.9002079,
       14.2737229
      ],
      [
       120.9001127,
       14.2737242
      ],
      [
       120.9000429,
       14.2737866
      ],
      [
       120.9000148,
       14.273875
      ],
      [
       120.8999571,
       14.2739244
      ],
      [
       120.8998914,
       14.2739153
      ],
      [
       120.8998297,
       14.2738503
      ],
      [
       120.8997761,
       14.2737242
      ],
      [
       120.8997667,
       14.273645
      ],
      [
       120.8997761,
       14.2735553
      ],
      [
       120.8998096,
       14.2734422
      ],
      [
       120.8997653,
       14.2732616
      ],
      [
       120.8996902,
       14.2731433
      ],
      [
       120.8995983,
       14.2730084
      ],
      [
       120.8995759,
       14.2729666
      ],
      [
       120.8995694,
       14.2729485
      ],
      [
       120.8995458,
       14.2728834
      ],
      [
       120.8994609,
       14.272782
      ],
      [
       120.8993925,
       14.2727261
      ],
      [
       120.8992852,
       14.2726624
      ],
      [
       120.8991753,
       14.2726026
      ],
      [
       120.8990023,
       14.2724765
      ],
      [
       120.8988507,
       14.2723713
      ],
      [
       120.898722,
       14.2722881
      ],
      [
       120.8985785,
       14.2721477
      ],
      [
       120.8984658,
       14.271993
      ],
      [
       120.8983518,
       14.2718345
      ],
      [
       120.8982714,
       14.2716772
      ],
      [
       120.8982083,
       14.2715498
      ],
      [
       120.8981238,
       14.2713822
      ],
      [
       120.8980353,
       14.2712405
      ],
      [
       120.8979481,
       14.2711209
      ],
      [
       120.8978704,
       14.2710338
      ],
      [
       120.8977698,
       14.2709312
      ],
      [
       120.8977,
       14.2708779
      ],
      [
       120.8976156,
       14.2708259
      ],
      [
       120.8975083,
       14.2707869
      ],
      [
       120.897407,
       14.2707538
      ],
      [
       120.8973138,
       14.2707525
      ],
      [
       120.8972119,
       14.2708025
      ],
      [
       120.8970724,
       14.2709078
      ],
      [
       120.8969423,
       14.2710377
      ],
      [
       120.8968391,
       14.2711235
      ],
      [
       120.8967237,
       14.2711612
      ],
      [
       120.896607,
       14.2711807
      ],
      [
       120.8964635,
       14.271169
      ],
      [
       120.8963603,
       14.2711144
      ],
      [
       120.8962624,
       14.2710144
      ],
      [
       120.896206,
       14.2708896
      ],
      [
       120.89619,
       14.2707856
      ],
      [
       120.8961953,
       14.2706803
      ],
      [
       120.8962168,
       14.2705374
      ],
      [
       120.8962154,
       14.2704464
      ],
      [
       120.896198,
       14.2703814
      ],
      [
       120.8961618,
       14.2703034
      ],
      [
       120.8961095,
       14.2701812
      ],
      [
       120.8960545,
       14.2700448
      ],
      [
       120.8959874,
       14.269907
      ],
      [
       120.8959579,
       14.2698238
      ],
      [
       120.8959499,
       14.2697341
      ],
      [
       120.8959553,
       14.2696042
      ],
      [
       120.8959955,
       14.2694716
      ],
      [
       120.8960746,
       14.2693377
      ],
      [
       120.8961672,
       14.2691181
      ],
      [
       120.8962463,
       14.2689907
      ],
      [
       120.8962865,
       14.2688971
      ],
      [
       120.8963495,
       14.268823
      ],
      [
       120.8964059,
       14.2687723
      ],
      [
       120.896426,
       14.2686891
      ],
      [
       120.896422,
       14.2686164
      ],
      [
       120.8963965,
       14.2685306
      ],
      [
       120.896363,
       14.2684539
      ],
      [
       120.8963294,
       14.2683434
      ],
      [
       120.8962905,
       14.2682602
      ],
      [
       120.8962718,
       14.2681991
      ],
      [
       120.8962664,
       14.2681602
      ],
      [
       120.8962731,
       14.2681251
      ],
      [
       120.8963093,
       14.2680796
      ],
      [
       120.8963737,
       14.268012
      ],
      [
       120.8965306,
       14.2678651
      ],
      [
       120.8965762,
       14.2677962
      ],
      [
       120.8965856,
       14.2677429
      ],
      [
       120.8965789,
       14.2676896
      ],
      [
       120.8965494,
       14.2676117
      ],
      [
       120.8965051,
       14.2675493
      ],
      [
       120.8964716,
       14.2674726
      ],
      [
       120.8964595,
       14.2674024
      ],
      [
       120.8964568,
       14.2673218
      ],
      [
       120.8964609,
       14.2672321
      ],
      [
       120.8964702,
       14.267149
      ],
      [
       120.8964702,
       14.2670723
      ],
      [
       120.8964662,
       14.2670125
      ],
      [
       120.8964461,
       14.2669306
      ],
      [
       120.896422,
       14.2668097
      ],
      [
       120.8963764,
       14.266681
      ],
      [
       120.8963267,
       14.266555
      ],
      [
       120.896312,
       14.2664809
      ],
      [
       120.8963026,
       14.2664133
      ],
      [
       120.8963107,
       14.2663431
      ],
      [
       120.8963133,
       14.2662508
      ],
      [
       120.8962959,
       14.2661702
      ],
      [
       120.8962503,
       14.2660611
      ],
      [
       120.896194,
       14.2659649
      ],
      [
       120.8961578,
       14.2658921
      ],
      [
       120.8960947,
       14.2657985
      ],
      [
       120.8960907,
       14.2657257
      ],
      [
       120.8961095,
       14.2656477
      ],
      [
       120.8961511,
       14.2655516
      ],
      [
       120.8961953,
       14.2654762
      ],
      [
       120.8962248,
       14.2653826
      ],
      [
       120.8962516,
       14.2653293
      ],
      [
       120.8963053,
       14.2653202
      ],
      [
       120.8963723,
       14.265315
      ],
      [
       120.8964555,
       14.2653267
      ],
      [
       120.8965252,
       14.2653436
      ],
      [
       120.8965816,
       14.2653371
      ],
      [
       120.8966352,
       14.2652721
      ],
      [
       120.8966875,
       14.2651837
      ],
      [
       120.896709,
       14.2650902
      ],
      [
       120.8967103,
       14.2650161
      ],
      [
       120.8967358,
       14.2649433
      ],
      [
       120.8967948,
       14.2648445
      ],
      [
       120.8968283,
       14.2647626
      ],
      [
       120.8968471,
       14.2646677
      ],
      [
       120.8968471,
       14.2645729
      ],
      [
       120.8968377,
       14.2645118
      ],
      [
       120.8968323,
       14.2644572
      ],
      [
       120.8968364,
       14.2643428
      ],
      [
       120.8968283,
       14.2642726
      ],
      [
       120.8967935,
       14.2642037
      ],
      [
       120.8967398,
       14.2640932
      ],
      [
       120.8967049,
       14.2639984
      ],
      [
       120.8966728,
       14.2639048
      ],
      [
       120.8966728,
       14.2638541
      ],
      [
       120.8966835,
       14.2637865
      ],
      [
       120.8967519,
       14.2636669
      ],
      [
       120.8968176,
       14.2635941
      ],
      [
       120.8968766,
       14.2635045
      ],
      [
       120.8969074,
       14.263407
      ],
      [
       120.8969209,
       14.2633069
      ],
      [
       120.8969142,
       14.2632146
      ],
      [
       120.8968994,
       14.2631431
      ],
      [
       120.8968779,
       14.2631002
      ],
      [
       120.8968659,
       14.2630664
      ],
      [
       120.8968659,
       14.2630339
      ],
      [
       120.8968954,
       14.2629754
      ],
      [
       120.8969584,
       14.2628624
      ],
      [
       120.8969919,
       14.2627935
      ],
      [
       120.8970536,
       14.2627259
      ],
      [
       120.8971247,
       14.2626336
      ],
      [
       120.8971958,
       14.2625387
      ],
      [
       120.8972642,
       14.2624607
      ],
      [
       120.8973259,
       14.2624347
      ],
      [
       120.8973929,
       14.2624347
      ],
      [
       120.8974989,
       14.2624568
      ],
      [
       120.897696,
       14.2625075
      ],
      [
       120.8978355,
       14.2625426
      ],
      [
       120.8979307,
       14.2625465
      ],
      [
       120.8980407,
       14.2625543
      ],
      [
       120.8981547,
       14.2625543
      ],
      [
       120.8982083,
       14.2625166
      ],
      [
       120.8982445,
       14.2624425
      ],
      [
       120.898274,
       14.2623243
      ],
      [
       120.8983009,
       14.2622099
      ],
      [
       120.8983022,
       14.2620968
      ],
      [
       120.8983156,
       14.2619902
      ],
      [
       120.8983022,
       14.2618784
      ],
      [
       120.8982807,
       14.2617732
      ],
      [
       120.8982392,
       14.2616523
      ],
      [
       120.8982083,
       14.2615496
      ],
      [
       120.898203,
       14.2614313
      ],
      [
       120.8981748,
       14.2612857
      ],
      [
       120.8981735,
       14.2611792
      ],
      [
       120.8981989,
       14.2609881
      ],
      [
       120.8982445,
       14.2608126
      ],
      [
       120.8982901,
       14.2606489
      ],
      [
       120.898329,
       14.2604513
      ],
      [
       120.8983277,
       14.2603148
      ],
      [
       120.898325,
       14.2601861
      ],
      [
       120.8983451,
       14.2599262
      ],
      [
       120.8983947,
       14.2598209
      ],
      [
       120.8984859,
       14.2597182
      ],
      [
       120.8986187,
       14.2596038
      ],
      [
       120.8987166,
       14.2595037
      ],
      [
       120.8987582,
       14.2594245
      ],
      [
       120.8987622,
       14.2593361
      ],
      [
       120.8987233,
       14.2592269
      ],
      [
       120.8986402,
       14.2591281
      ],
      [
       120.8985221,
       14.2589838
      ],
      [
       120.8984162,
       14.2588812
      ],
      [
       120.8983813,
       14.2587746
      ],
      [
       120.8983639,
       14.258642
      ],
      [
       120.8983988,
       14.2584301
      ],
      [
       120.8984658,
       14.2582858
      ],
      [
       120.8985007,
       14.2581208
      ],
      [
       120.8985248,
       14.2579726
      ],
      [
       120.8985396,
       14.2578413
      ],
      [
       120.8985704,
       14.2576853
      ],
      [
       120.8986334,
       14.2574774
      ],
      [
       120.8987139,
       14.2573019
      ],
      [
       120.898785,
       14.25722
      ],
      [
       120.8989339,
       14.257142
      ],
      [
       120.899123,
       14.256977
      ],
      [
       120.8992222,
       14.256847
      ],
      [
       120.8992852,
       14.2567222
      ],
      [
       120.8993188,
       14.2566091
      ],
      [
       120.8993778,
       14.2565103
      ],
      [
       120.8995092,
       14.2564024
      ],
      [
       120.8996098,
       14.2562322
      ],
      [
       120.8996554,
       14.2561152
      ],
      [
       120.8996881,
       14.2560263
      ],
      [
       120.8997063,
       14.2559462
      ],
      [
       120.8997144,
       14.2558513
      ],
      [
       120.899701,
       14.255759
      ],
      [
       120.8996353,
       14.2555719
      ],
      [
       120.8995883,
       14.2555017
      ],
      [
       120.899536,
       14.255464
      ],
      [
       120.8994019,
       14.2554185
      ],
      [
       120.8993281,
       14.2553756
      ],
      [
       120.8992504,
       14.2552898
      ],
      [
       120.8991981,
       14.2552105
      ],
      [
       120.8991042,
       14.2551208
      ],
      [
       120.8990023,
       14.2550844
      ],
      [
       120.8989298,
       14.2550363
      ],
      [
       120.8989204,
       14.2550103
      ],
      [
       120.8988976,
       14.2549947
      ],
      [
       120.8987984,
       14.2549597
      ],
      [
       120.8987193,
       14.2549051
      ],
      [
       120.8986992,
       14.2548817
      ],
      [
       120.8986898,
       14.2548297
      ],
      [
       120.8987045,
       14.2547114
      ],
      [
       120.8987488,
       14.2546152
      ],
      [
       120.8987649,
       14.2545541
      ],
      [
       120.8987622,
       14.2544878
      ],
      [
       120.8987381,
       14.2544033
      ],
      [
       120.8987367,
       14.2543448
      ],
      [
       120.8987609,
       14.254263
      ],
      [
       120.8987676,
       14.2541824
      ],
      [
       120.8987944,
       14.2541369
      ],
      [
       120.898789,
       14.2540862
      ],
      [
       120.8987595,
       14.2540394
      ],
      [
       120.8987367,
       14.2539601
      ],
      [
       120.8987515,
       14.2537755
      ],
      [
       120.8987273,
       14.2536676
      ],
      [
       120.8987354,
       14.2535611
      ],
      [
       120.898734,
       14.2534649
      ],
      [
       120.8987166,
       14.25337
      ],
      [
       120.8986884,
       14.2532816
      ],
      [
       120.8986482,
       14.2532088
      ],
      [
       120.8986274,
       14.2531425
      ],
      [
       120.8986174,
       14.2530749
      ],
      [
       120.8985865,
       14.2530073
      ],
      [
       120.8985409,
       14.2529566
      ],
      [
       120.8985114,
       14.2529345
      ],
      [
       120.8984765,
       14.2528617
      ],
      [
       120.8983907,
       14.2527812
      ],
      [
       120.8983773,
       14.2527578
      ],
      [
       120.8983733,
       14.2526772
      ],
      [
       120.8983934,
       14.2525992
      ],
      [
       120.8984068,
       14.2525134
      ],
      [
       120.898435,
       14.2524458
      ],
      [
       120.8985127,
       14.2523704
      ],
      [
       120.898616,
       14.2522859
      ],
      [
       120.8987501,
       14.2522131
      ],
      [
       120.8987689,
       14.2521923
      ],
      [
       120.8987984,
       14.2521455
      ],
      [
       120.8988158,
       14.252091
      ],
      [
       120.8989003,
       14.2520208
      ],
      [
       120.8989339,
       14.2519766
      ],
      [
       120.8989124,
       14.2519155
      ],
      [
       120.8988775,
       14.2518518
      ],
      [
       120.8988319,
       14.251805
      ],
      [
       120.8987984,
       14.2517608
      ],
      [
       120.8987837,
       14.2517049
      ],
      [
       120.8987944,
       14.2516217
      ],
      [
       120.898848,
       14.2515229
      ],
      [
       120.8988453,
       14.2514085
      ],
      [
       120.8988293,
       14.2513306
      ],
      [
       120.8987702,
       14.2512669
      ],
      [
       120.898722,
       14.2512344
      ],
      [
       120.898671,
       14.2511577
      ],
      [
       120.8986388,
       14.2510758
      ],
      [
       120.8985798,
       14.2510173
      ],
      [
       120.8985141,
       14.2509276
      ],
      [
       120.8985047,
       14.25086
      ],
      [
       120.8985034,
       14.250808
      ],
      [
       120.8984819,
       14.2506949
      ],
      [
       120.8984484,
       14.2505922
      ],
      [
       120.8984363,
       14.2505221
      ],
      [
       120.8984403,
       14.2504545
      ],
      [
       120.898447,
       14.2503843
      ],
      [
       120.8984672,
       14.2503258
      ],
      [
       120.8985516,
       14.2502283
      ],
      [
       120.8985704,
       14.250175
      ],
      [
       120.8985892,
       14.2500658
      ],
      [
       120.8986294,
       14.2499592
      ],
      [
       120.8986898,
       14.2498422
      ],
      [
       120.8987582,
       14.2497564
      ],
      [
       120.8988078,
       14.2496694
      ],
      [
       120.8988708,
       14.2496161
      ],
      [
       120.8990237,
       14.2495654
      ],
      [
       120.8990733,
       14.2495355
      ],
      [
       120.8991256,
       14.2494341
      ],
      [
       120.8991538,
       14.2493002
      ],
      [
       120.8992088,
       14.2491637
      ],
      [
       120.8992074,
       14.2490519
      ],
      [
       120.8992088,
       14.2489401
      ],
      [
       120.899186,
       14.2488089
      ],
      [
       120.8992423,
       14.2486139
      ],
      [
       120.8992396,
       14.2485008
      ],
      [
       120.8992262,
       14.2484488
      ],
      [
       120.8992262,
       14.2483409
      ],
      [
       120.8992423,
       14.2482876
      ],
      [
       120.8992705,
       14.2482538
      ],
      [
       120.8992973,
       14.2482421
      ],
      [
       120.8993804,
       14.2482356
      ],
      [
       120.8994234,
       14.2482005
      ],
      [
       120.8994703,
       14.2480731
      ],
      [
       120.8994757,
       14.2480225
      ],
      [
       120.8994757,
       14.2479952
      ],
      [
       120.8994368,
       14.2478925
      ],
      [
       120.8994448,
       14.247808
      ],
      [
       120.8994931,
       14.2477417
      ],
      [
       120.899532,
       14.2476754
      ],
      [
       120.8995628,
       14.2475896
      ],
      [
       120.8996004,
       14.2475467
      ],
      [
       120.8996567,
       14.2474544
      ],
      [
       120.8996661,
       14.2473888
      ],
      [
       120.8996809,
       14.2473374
      ],
      [
       120.8997124,
       14.2472679
      ],
      [
       120.8997506,
       14.2472074
      ],
      [
       120.8997549,
       14.2471345
      ],
      [
       120.8994421,
       14.2471312
      ],
      [
       120.8964904,
       14.2470934
      ],
      [
       120.8960921,
       14.2470883
      ],
      [
       120.8920031,
       14.2470359
      ],
      [
       120.8892183,
       14.2467976
      ],
      [
       120.8892852,
       14.246585
      ],
      [
       120.8893047,
       14.2464418
      ],
      [
       120.8893101,
       14.2463131
      ],
      [
       120.8893087,
       14.2461247
      ],
      [
       120.8893074,
       14.2459752
      ],
      [
       120.8893275,
       14.2458972
      ],
      [
       120.8893946,
       14.2457711
      ],
      [
       120.8894657,
       14.2456957
      ],
      [
       120.8895488,
       14.2456723
      ],
      [
       120.8896668,
       14.2456294
      ],
      [
       120.8897728,
       14.2455553
      ],
      [
       120.8898506,
       14.2454669
      ],
      [
       120.889927,
       14.2453226
      ],
      [
       120.8899806,
       14.245155
      ],
      [
       120.8899927,
       14.2450432
      ],
      [
       120.8900249,
       14.2449015
      ],
      [
       120.8900692,
       14.2448131
      ],
      [
       120.8901308,
       14.244752
      ],
      [
       120.8901791,
       14.2446571
      ],
      [
       120.8902207,
       14.2445336
      ],
      [
       120.8902274,
       14.2444101
      ],
      [
       120.8902355,
       14.2442996
      ],
      [
       120.8902194,
       14.2441918
      ],
      [
       120.8901992,
       14.244119
      ],
      [
       120.8901805,
       14.2439942
      ],
      [
       120.8901925,
       14.2438772
      ],
      [
       120.8901979,
       14.2437459
      ],
      [
       120.8902475,
       14.2435886
      ],
      [
       120.8902502,
       14.2434508
      ],
      [
       120.8902435,
       14.2433741
      ],
      [
       120.8902153,
       14.2432779
      ],
      [
       120.8901644,
       14.2431493
      ],
      [
       120.8901644,
       14.2429361
      ],
      [
       120.8901563,
       14.2428828
      ],
      [
       120.8901684,
       14.2428035
      ],
      [
       120.8902502,
       14.2425669
      ],
      [
       120.8902837,
       14.242407
      ],
      [
       120.8903736,
       14.2422328
      ],
      [
       120.8903857,
       14.2420431
      ],
      [
       120.8904406,
       14.2418286
      ],
      [
       120.890501,
       14.2417038
      ],
      [
       120.8906297,
       14.2415257
      ],
      [
       120.8907558,
       14.2413138
      ],
      [
       120.890802,
       14.2412142
      ],
      [
       120.8908966,
       14.2410954
      ],
      [
       120.8909386,
       14.2409835
      ],
      [
       120.8909462,
       14.2408303
      ],
      [
       120.8909248,
       14.2406938
      ],
      [
       120.8908872,
       14.240504
      ],
      [
       120.8908564,
       14.2404273
      ],
      [
       120.8908322,
       14.2403207
      ],
      [
       120.8908162,
       14.2402973
      ],
      [
       120.8907478,
       14.2402479
      ],
      [
       120.8906096,
       14.2401998
      ],
      [
       120.8905627,
       14.2401647
      ],
      [
       120.8904903,
       14.240036
      ],
      [
       120.8904661,
       14.2399853
      ],
      [
       120.8904594,
       14.239932
      ],
      [
       120.8905694,
       14.2397539
      ],
      [
       120.8906297,
       14.2396929
      ],
      [
       120.890843,
       14.2395681
      ],
      [
       120.8909462,
       14.2395369
      ],
      [
       120.8909892,
       14.2395044
      ],
      [
       120.8910482,
       14.2394134
      ],
      [
       120.8912051,
       14.2392691
      ],
      [
       120.8912534,
       14.2391755
      ],
      [
       120.8913325,
       14.2390962
      ],
      [
       120.8913539,
       14.2390468
      ],
      [
       120.8913593,
       14.238935
      ],
      [
       120.8913499,
       14.2388817
      ],
      [
       120.891311,
       14.2387738
      ],
      [
       120.8912319,
       14.2386555
      ],
      [
       120.8912225,
       14.2385762
      ],
      [
       120.8911769,
       14.2385437
      ],
      [
       120.8911233,
       14.2385359
      ],
      [
       120.8910777,
       14.2384982
      ],
      [
       120.8910348,
       14.2383903
      ],
      [
       120.8910133,
       14.2383098
      ],
      [
       120.8909623,
       14.2382552
      ],
      [
       120.8908604,
       14.2381928
      ],
      [
       120.8907558,
       14.2381226
      ],
      [
       120.890674,
       14.2380888
      ],
      [
       120.8906083,
       14.2380225
      ],
      [
       120.8905667,
       14.2379302
      ],
      [
       120.890568,
       14.2377703
      ],
      [
       120.8905908,
       14.2376117
      ],
      [
       120.8906364,
       14.237522
      ],
      [
       120.8907156,
       14.2374687
      ],
      [
       120.8907679,
       14.2373634
      ],
      [
       120.8908068,
       14.237275
      ],
      [
       120.8908725,
       14.2372035
      ],
      [
       120.8909248,
       14.2371034
      ],
      [
       120.8910026,
       14.2370098
      ],
      [
       120.891083,
       14.2369604
      ],
      [
       120.8911273,
       14.2368981
      ],
      [
       120.8911943,
       14.2367993
      ],
      [
       120.8912775,
       14.2367213
      ],
      [
       120.8913285,
       14.2366394
      ],
      [
       120.8913633,
       14.2365471
      ],
      [
       120.8913834,
       14.2364509
      ],
      [
       120.8913875,
       14.2363391
      ],
      [
       120.8913888,
       14.2362273
      ],
      [
       120.8913794,
       14.2361207
      ],
      [
       120.8913258,
       14.23594
      ],
      [
       120.8913016,
       14.2358126
      ],
      [
       120.8913016,
       14.2357216
      ],
      [
       120.8913553,
       14.235628
      ],
      [
       120.8914545,
       14.2355422
      ],
      [
       120.891535,
       14.2354928
      ],
      [
       120.8916396,
       14.2355032
      ],
      [
       120.8917308,
       14.235589
      ],
      [
       120.8918005,
       14.2356618
      ],
      [
       120.8918783,
       14.2357138
      ],
      [
       120.8919641,
       14.2357528
      ],
      [
       120.8920366,
       14.2357346
      ],
      [
       120.8920902,
       14.2356098
      ],
      [
       120.8921412,
       14.2354772
      ],
      [
       120.8922055,
       14.2353784
      ],
      [
       120.8923396,
       14.2351575
      ],
      [
       120.8925059,
       14.2348611
      ],
      [
       120.8926427,
       14.2346557
      ],
      [
       120.8926991,
       14.2345283
      ],
      [
       120.8927634,
       14.2343697
      ],
      [
       120.8927983,
       14.2342241
      ],
      [
       120.8928332,
       14.2340707
      ],
      [
       120.8928573,
       14.2338939
      ],
      [
       120.8928949,
       14.2337171
      ],
      [
       120.8929887,
       14.2335845
      ],
      [
       120.8930773,
       14.2334702
      ],
      [
       120.893257,
       14.2332466
      ],
      [
       120.8933803,
       14.2330282
      ],
      [
       120.8935225,
       14.2328956
      ],
      [
       120.8936271,
       14.2327734
      ],
      [
       120.8938202,
       14.2325992
      ],
      [
       120.8938149,
       14.2325056
      ],
      [
       120.8938605,
       14.232373
      ],
      [
       120.8939972,
       14.2322326
      ],
      [
       120.8941019,
       14.2320818
      ],
      [
       120.8942038,
       14.2318452
      ],
      [
       120.8943057,
       14.2316034
      ],
      [
       120.8944666,
       14.231385
      ],
      [
       120.8946758,
       14.2312369
      ],
      [
       120.8948126,
       14.2311043
      ],
      [
       120.894928,
       14.2309223
      ],
      [
       120.8950219,
       14.2307819
      ],
      [
       120.8951104,
       14.2306363
      ],
      [
       120.8951935,
       14.2304361
      ],
      [
       120.8952391,
       14.2302515
      ],
      [
       120.8954,
       14.2300721
      ],
      [
       120.8955529,
       14.2300019
      ],
      [
       120.8956602,
       14.2299837
      ],
      [
       120.8957836,
       14.2299915
      ],
      [
       120.8959204,
       14.2300149
      ],
      [
       120.8960733,
       14.2299837
      ],
      [
       120.8962128,
       14.2299369
      ],
      [
       120.896371,
       14.2298121
      ],
      [
       120.8965722,
       14.2296483
      ],
      [
       120.8967921,
       14.2295313
      ],
      [
       120.8969021,
       14.2294481
      ],
      [
       120.897004,
       14.2293103
      ],
      [
       120.8971328,
       14.2291543
      ],
      [
       120.89724,
       14.2290035
      ],
      [
       120.8972856,
       14.2287877
      ],
      [
       120.897342,
       14.2285043
      ],
      [
       120.8974868,
       14.2283561
      ],
      [
       120.897578,
       14.2282911
      ],
      [
       120.8975995,
       14.2281924
      ],
      [
       120.8976719,
       14.2280936
      ],
      [
       120.8977362,
       14.2280208
      ],
      [
       120.8977926,
       14.227857
      ],
      [
       120.897814,
       14.2276646
      ],
      [
       120.8977953,
       14.2273032
      ],
      [
       120.8978006,
       14.226999
      ],
      [
       120.8978006,
       14.226557
      ],
      [
       120.8977926,
       14.2264036
      ],
      [
       120.8977228,
       14.2262346
      ],
      [
       120.897637,
       14.2261228
      ],
      [
       120.897586,
       14.2259538
      ],
      [
       120.8975619,
       14.225751
      ],
      [
       120.8976048,
       14.2256002
      ],
      [
       120.8977416,
       14.2254988
      ],
      [
       120.8977872,
       14.2254156
      ],
      [
       120.8978382,
       14.2252102
      ],
      [
       120.8978516,
       14.2250386
      ],
      [
       120.8979213,
       14.2249138
      ],
      [
       120.8980179,
       14.2248176
      ],
      [
       120.8981493,
       14.2247942
      ],
      [
       120.8983558,
       14.2247552
      ],
      [
       120.8985087,
       14.2246824
      ],
      [
       120.8986133,
       14.224451
      ],
      [
       120.8986697,
       14.2242794
      ],
      [
       120.8986804,
       14.224152
      ],
      [
       120.8987394,
       14.223931
      ],
      [
       120.8988306,
       14.223658
      ],
      [
       120.8989325,
       14.2235176
      ],
      [
       120.8989519,
       14.2234765
      ],
      [
       120.8990157,
       14.2233408
      ],
      [
       120.8991015,
       14.2231588
      ],
      [
       120.8992007,
       14.2229846
      ],
      [
       120.8993107,
       14.2228494
      ],
      [
       120.8994475,
       14.222748
      ],
      [
       120.8995843,
       14.2226362
      ],
      [
       120.8996165,
       14.2225452
      ],
      [
       120.8995789,
       14.222371
      ],
      [
       120.8995709,
       14.2222488
      ],
      [
       120.8996353,
       14.2221162
      ],
      [
       120.899764,
       14.2220486
      ],
      [
       120.8999464,
       14.2220174
      ],
      [
       120.900102,
       14.221955
      ],
      [
       120.900228,
       14.2218614
      ],
      [
       120.9004131,
       14.2216404
      ],
      [
       120.9005204,
       14.221448
      ],
      [
       120.9006008,
       14.221253
      ],
      [
       120.9007671,
       14.2211022
      ],
      [
       120.9009442,
       14.2209956
      ],
      [
       120.9010944,
       14.2208604
      ],
      [
       120.9012258,
       14.2206758
      ],
      [
       120.9013545,
       14.2205354
      ],
      [
       120.901474,
       14.2204327
      ],
      [
       120.9015235,
       14.2202364
      ],
      [
       120.9015449,
       14.220005
      ],
      [
       120.9015447,
       14.2198262
      ],
      [
       120.9005305,
       14.2194437
      ],
      [
       120.8992416,
       14.2189576
      ],
      [
       120.899164,
       14.2189283
      ],
      [
       120.8966553,
       14.2181694
      ],
      [
       120.8960438,
       14.2188454
      ],
      [
       120.8955073,
       14.2194902
      ],
      [
       120.8947778,
       14.2206446
      ],
      [
       120.8947778,
       14.2210086
      ],
      [
       120.8949602,
       14.2215806
      ],
      [
       120.8951556,
       14.2219848
      ],
      [
       120.895176,
       14.2220856
      ],
      [
       120.8951352,
       14.2221533
      ],
      [
       120.8947933,
       14.2222159
      ],
      [
       120.8944354,
       14.222388
      ],
      [
       120.8941781,
       14.2226276
      ],
      [
       120.8941039,
       14.2230034
      ],
      [
       120.8940912,
       14.223333
      ],
      [
       120.8938806,
       14.2236118
      ],
      [
       120.8937116,
       14.2240276
      ],
      [
       120.8936492,
       14.2245449
      ],
      [
       120.8934699,
       14.2251234
      ],
      [
       120.8931764,
       14.2257525
      ],
      [
       120.8930951,
       14.2259297
      ],
      [
       120.893217,
       14.2266781
      ],
      [
       120.8933247,
       14.2269867
      ],
      [
       120.8932489,
       14.2271498
      ],
      [
       120.8930665,
       14.2272018
      ],
      [
       120.8926997,
       14.2270509
      ],
      [
       120.8923257,
       14.2267863
      ],
      [
       120.8920628,
       14.2266551
      ],
      [
       120.8918364,
       14.2266401
      ],
      [
       120.891534,
       14.2265976
      ],
      [
       120.8912052,
       14.2265794
      ],
      [
       120.8909053,
       14.2267421
      ],
      [
       120.8907592,
       14.2269522
      ],
      [
       120.8905327,
       14.2271915
      ],
      [
       120.8902325,
       14.2272644
      ],
      [
       120.8899489,
       14.227319
      ],
      [
       120.8894433,
       14.2276789
      ],
      [
       120.8894252,
       14.2280537
      ],
      [
       120.8894429,
       14.2284566
      ],
      [
       120.8895561,
       14.228609
      ],
      [
       120.8896126,
       14.2287613
      ],
      [
       120.8895629,
       14.2288409
      ],
      [
       120.8894482,
       14.2288444
      ],
      [
       120.8890927,
       14.2291989
      ],
      [
       120.8887575,
       14.2295927
      ],
      [
       120.8880322,
       14.2300699
      ],
      [
       120.887331,
       14.2306851
      ],
      [
       120.8872134,
       14.231119
      ],
      [
       120.8869696,
       14.2315621
      ],
      [
       120.886856,
       14.2317909
      ],
      [
       120.8866313,
       14.2319127
      ],
      [
       120.8864562,
       14.2321237
      ],
      [
       120.8862096,
       14.2321375
      ],
      [
       120.885996,
       14.2322289
      ],
      [
       120.8857669,
       14.2324393
      ],
      [
       120.8856795,
       14.2327732
      ],
      [
       120.8855757,
       14.2334538
      ],
      [
       120.8853332,
       14.2341991
      ],
      [
       120.884914,
       14.2349731
      ],
      [
       120.8846906,
       14.2351112
      ],
      [
       120.8842216,
       14.2352947
      ],
      [
       120.8832157,
       14.2357557
      ],
      [
       120.8830623,
       14.2359168
      ],
      [
       120.8829977,
       14.236121
      ],
      [
       120.8829614,
       14.2363804
      ],
      [
       120.8830092,
       14.2365901
      ],
      [
       120.8830157,
       14.2368541
      ],
      [
       120.8830373,
       14.2370361
      ],
      [
       120.8829429,
       14.2371559
      ],
      [
       120.8828136,
       14.2372819
      ],
      [
       120.882764,
       14.2374896
      ],
      [
       120.8828333,
       14.2376705
      ],
      [
       120.8829047,
       14.2377733
      ],
      [
       120.8829053,
       14.2380569
      ],
      [
       120.8829567,
       14.2382339
      ],
      [
       120.8830993,
       14.2384698
      ],
      [
       120.88346,
       14.2388184
      ],
      [
       120.8835586,
       14.2389465
      ],
      [
       120.8836245,
       14.2390854
      ],
      [
       120.8836069,
       14.2391935
      ],
      [
       120.8834252,
       14.2393336
      ],
      [
       120.8833451,
       14.2394905
      ],
      [
       120.8832926,
       14.2397062
      ],
      [
       120.8829144,
       14.2403213
      ],
      [
       120.8827031,
       14.2404731
      ],
      [
       120.8823213,
       14.2406815
      ],
      [
       120.8818619,
       14.2409856
      ],
      [
       120.8817261,
       14.2411318
      ],
      [
       120.8816028,
       14.2413598
      ],
      [
       120.8815257,
       14.2416322
      ],
      [
       120.8814561,
       14.2419465
      ],
      [
       120.8813912,
       14.2422093
      ],
      [
       120.8813043,
       14.2424674
      ],
      [
       120.8811996,
       14.2427574
      ],
      [
       120.8809863,
       14.2430823
      ],
      [
       120.8809022,
       14.2434565
      ],
      [
       120.8808786,
       14.2436518
      ],
      [
       120.8808643,
       14.2437468
      ],
      [
       120.8800097,
       14.2438388
      ],
      [
       120.8791742,
       14.2439092
      ],
      [
       120.8788639,
       14.2438927
      ],
      [
       120.8785841,
       14.2438506
      ],
      [
       120.8770422,
       14.2436457
      ],
      [
       120.8747012,
       14.2433737
      ],
      [
       120.8744288,
       14.2433707
      ],
      [
       120.8740488,
       14.2433962
      ],
      [
       120.873693,
       14.2434321
      ],
      [
       120.8733567,
       14.243186
      ],
      [
       120.873229,
       14.2430539
      ],
      [
       120.8729742,
       14.2427905
      ],
      [
       120.8726683,
       14.2424534
      ],
      [
       120.8722519,
       14.2428829
      ],
      [
       120.8717726,
       14.2425668
      ],
      [
       120.8711544,
       14.2421941
      ],
      [
       120.8706819,
       14.2418997
      ],
      [
       120.8701425,
       14.2415768
      ],
      [
       120.8698883,
       14.241553
      ],
      [
       120.8696628,
       14.2416079
      ],
      [
       120.8694052,
       14.2416247
      ],
      [
       120.8688709,
       14.2414004
      ],
      [
       120.8681942,
       14.2411209
      ],
      [
       120.8680856,
       14.2413732
      ],
      [
       120.8675257,
       14.2411566
      ],
      [
       120.8665511,
       14.2407947
      ],
      [
       120.8665933,
       14.2406688
      ],
      [
       120.8649491,
       14.2401272
      ],
      [
       120.8648696,
       14.240104
      ],
      [
       120.8640516,
       14.2398653
      ],
      [
       120.8639697,
       14.2402599
      ],
      [
       120.864107,
       14.2407821
      ],
      [
       120.8640548,
       14.2413733
      ],
      [
       120.8641253,
       14.2422369
      ],
      [
       120.863946,
       14.2427579
      ],
      [
       120.8629192,
       14.2443397
      ],
      [
       120.8628289,
       14.2448202
      ],
      [
       120.8627878,
       14.2454486
      ],
      [
       120.8619826,
       14.2461118
      ],
      [
       120.86175,
       14.2462124
      ],
      [
       120.8615127,
       14.2463718
      ],
      [
       120.8613579,
       14.2463829
      ],
      [
       120.8612167,
       14.2464276
      ],
      [
       120.8611215,
       14.2465737
      ],
      [
       120.8610118,
       14.2466732
      ],
      [
       120.8609371,
       14.2468294
      ],
      [
       120.86093,
       14.2469765
      ],
      [
       120.8610016,
       14.2472044
      ],
      [
       120.8610194,
       14.2476338
      ],
      [
       120.8610747,
       14.2478194
      ],
      [
       120.8610557,
       14.247902
      ],
      [
       120.8607841,
       14.248185
      ],
      [
       120.8605902,
       14.2484249
      ],
      [
       120.8601063,
       14.248673
      ],
      [
       120.8599798,
       14.2489945
      ],
      [
       120.860012,
       14.2491941
      ],
      [
       120.859958,
       14.2493817
      ],
      [
       120.8594303,
       14.2496424
      ],
      [
       120.8587723,
       14.2497547
      ],
      [
       120.858494,
       14.2500097
      ],
      [
       120.8583489,
       14.2499907
      ],
      [
       120.8582037,
       14.2500149
      ],
      [
       120.8581908,
       14.2501318
      ],
      [
       120.8580639,
       14.2501738
      ],
      [
       120.857951,
       14.2501685
      ],
      [
       120.8577643,
       14.2502182
      ],
      [
       120.8576588,
       14.2503151
      ],
      [
       120.8572813,
       14.2505681
      ],
      [
       120.8571914,
       14.2506465
      ],
      [
       120.8570691,
       14.250717
      ],
      [
       120.8570244,
       14.2509183
      ],
      [
       120.8570292,
       14.2510373
      ],
      [
       120.8570818,
       14.2511607
      ],
      [
       120.8570883,
       14.2512738
      ],
      [
       120.8571845,
       14.2513457
      ],
      [
       120.8571596,
       14.251646
      ],
      [
       120.8571711,
       14.2517884
      ],
      [
       120.8571153,
       14.2519033
      ],
      [
       120.8570323,
       14.2519975
      ],
      [
       120.8569104,
       14.2520847
      ],
      [
       120.8567621,
       14.2521152
      ],
      [
       120.8563963,
       14.2520731
      ],
      [
       120.8561442,
       14.2520521
      ],
      [
       120.8559716,
       14.2521155
      ],
      [
       120.8556707,
       14.2522323
      ],
      [
       120.8554491,
       14.2523672
      ],
      [
       120.8553276,
       14.2525317
      ],
      [
       120.8552855,
       14.2527248
      ],
      [
       120.8552131,
       14.2529006
      ],
      [
       120.855108,
       14.2530764
      ],
      [
       120.8547952,
       14.253203
      ],
      [
       120.854647,
       14.2532007
      ],
      [
       120.8545502,
       14.2531802
      ],
      [
       120.8544096,
       14.253235
      ],
      [
       120.8543251,
       14.253308
      ],
      [
       120.8542532,
       14.2533815
      ],
      [
       120.8542655,
       14.2534505
      ],
      [
       120.8543414,
       14.2536393
      ],
      [
       120.8544641,
       14.2537376
      ],
      [
       120.8544818,
       14.2540083
      ],
      [
       120.8544762,
       14.2542654
      ],
      [
       120.854467,
       14.2545492
      ],
      [
       120.8544039,
       14.2546672
      ],
      [
       120.8542797,
       14.2547333
      ],
      [
       120.8541929,
       14.254718
      ],
      [
       120.8540693,
       14.2546408
      ],
      [
       120.8537005,
       14.2546337
      ],
      [
       120.8535186,
       14.254616
      ],
      [
       120.8533226,
       14.2545621
      ],
      [
       120.8530494,
       14.2545621
      ],
      [
       120.8528472,
       14.2545391
      ],
      [
       120.8526449,
       14.2544845
      ],
      [
       120.8524088,
       14.2545563
      ],
      [
       120.8522744,
       14.2546251
      ],
      [
       120.8521192,
       14.2546895
      ],
      [
       120.8520699,
       14.2548517
      ],
      [
       120.8519399,
       14.2549721
      ],
      [
       120.8519184,
       14.2551806
      ],
      [
       120.8519907,
       14.2554169
      ],
      [
       120.8520061,
       14.2556492
      ],
      [
       120.8521025,
       14.2558007
      ],
      [
       120.8521393,
       14.2560071
      ],
      [
       120.8521354,
       14.2562214
      ],
      [
       120.8520893,
       14.2563384
      ],
      [
       120.8520636,
       14.2565106
      ],
      [
       120.8520103,
       14.2566878
      ],
      [
       120.8519449,
       14.2568847
      ],
      [
       120.8516915,
       14.2570041
      ],
      [
       120.8515073,
       14.2571315
      ],
      [
       120.8513501,
       14.2573415
      ],
      [
       120.8511745,
       14.2575126
      ],
      [
       120.8507918,
       14.2576827
      ],
      [
       120.8506697,
       14.2576149
      ],
      [
       120.8504435,
       14.2575213
      ],
      [
       120.8503282,
       14.2573919
      ],
      [
       120.8500375,
       14.2574031
      ],
      [
       120.8498281,
       14.2574774
      ],
      [
       120.8496553,
       14.2577841
      ],
      [
       120.8494225,
       14.257902
      ],
      [
       120.8493123,
       14.2581145
      ],
      [
       120.8493056,
       14.2585091
      ],
      [
       120.8494344,
       14.2587993
      ],
      [
       120.8494948,
       14.2590192
      ],
      [
       120.8494772,
       14.2592042
      ],
      [
       120.8494259,
       14.2594109
      ],
      [
       120.8492922,
       14.2595305
      ],
      [
       120.84922,
       14.2596501
      ],
      [
       120.8491929,
       14.2597758
      ],
      [
       120.8491331,
       14.2599695
      ],
      [
       120.8490178,
       14.2600737
      ],
      [
       120.8484924,
       14.2601696
      ],
      [
       120.8480526,
       14.2601487
      ],
      [
       120.847693,
       14.2601696
      ],
      [
       120.8476124,
       14.2601409
      ],
      [
       120.8475584,
       14.2600724
      ],
      [
       120.8474748,
       14.2600497
      ],
      [
       120.8473908,
       14.2600717
      ],
      [
       120.8473375,
       14.2601056
      ],
      [
       120.8472978,
       14.2601613
      ],
      [
       120.8473166,
       14.2602111
      ],
      [
       120.8473666,
       14.2602898
      ],
      [
       120.8473732,
       14.2603836
      ],
      [
       120.8472831,
       14.2608001
      ],
      [
       120.8472742,
       14.2608411
      ],
      [
       120.8472209,
       14.2613576
      ],
      [
       120.8472895,
       14.2619701
      ],
      [
       120.8473047,
       14.2625752
      ],
      [
       120.8473199,
       14.2629884
      ],
      [
       120.8471905,
       14.2632688
      ],
      [
       120.8459647,
       14.2633279
      ],
      [
       120.845485,
       14.2636009
      ],
      [
       120.8452033,
       14.2638222
      ],
      [
       120.8451732,
       14.2638305
      ],
      [
       120.8446399,
       14.2639772
      ],
      [
       120.8434369,
       14.2643904
      ],
      [
       120.8431248,
       14.2645454
      ],
      [
       120.8421598,
       14.2647545
      ],
      [
       120.8417655,
       14.2652299
      ],
      [
       120.8404466,
       14.2657864
      ],
      [
       120.839906,
       14.2661503
      ]
     ]
    ]
   }
  },
  {
   "type": "Feature",
   "properties": {
    "name": "Sariaya",
    "osm_id": 10814194,
    "admin_level": "6",
    "region": "calabarzon",
    "franchise": "Multiple (BATELEC, FLECO, QUEZELCO et al)"
   },
   "geometry": {
    "type": "Polygon",
    "coordinates": [
     [
      [
       121.4875201,
       14.0539747
      ],
      [
       121.4872565,
       14.0543785
      ],
      [
       121.4869883,
       14.0547115
      ],
      [
       121.4866664,
       14.0549821
      ],
      [
       121.4864196,
       14.0552943
      ],
      [
       121.486087,
       14.0557002
      ],
      [
       121.4858967,
       14.0560634
      ],
      [
       121.4856401,
       14.056185
      ],
      [
       121.4855073,
       14.0564631
      ],
      [
       121.485271,
       14.0566865
      ],
      [
       121.4852303,
       14.056956
      ],
      [
       121.4893157,
       14.0565406
      ],
      [
       121.4949169,
       14.0526082
      ],
      [
       121.4984208,
       14.0515545
      ],
      [
       121.4997015,
       14.0502539
      ],
      [
       121.5007514,
       14.0493785
      ],
      [
       121.5014401,
       14.0488037
      ],
      [
       121.5032519,
       14.0466212
      ],
      [
       121.5051765,
       14.0447927
      ],
      [
       121.5055149,
       14.0434729
      ],
      [
       121.5070015,
       14.0418827
      ],
      [
       121.5064839,
       14.0408268
      ],
      [
       121.506829,
       14.0402602
      ],
      [
       121.5085279,
       14.0389275
      ],
      [
       121.509238,
       14.0385863
      ],
      [
       121.5096959,
       14.03773
      ],
      [
       121.5101738,
       14.0364423
      ],
      [
       121.5108507,
       14.0357985
      ],
      [
       121.5118595,
       14.0348198
      ],
      [
       121.5119258,
       14.0342983
      ],
      [
       121.5121227,
       14.0336347
      ],
      [
       121.5124294,
       14.0332146
      ],
      [
       121.5126279,
       14.0328207
      ],
      [
       121.5127001,
       14.0322605
      ],
      [
       121.5127813,
       14.0318929
      ],
      [
       121.5131963,
       14.0316916
      ],
      [
       121.5131241,
       14.0312802
      ],
      [
       121.5128805,
       14.0308426
      ],
      [
       121.5125738,
       14.0308601
      ],
      [
       121.5125918,
       14.0303875
      ],
      [
       121.5128174,
       14.0298273
      ],
      [
       121.51307,
       14.029731
      ],
      [
       121.5131061,
       14.0292059
      ],
      [
       121.513079,
       14.0288733
      ],
      [
       121.5129437,
       14.0286019
      ],
      [
       121.5128625,
       14.0281468
      ],
      [
       121.513061,
       14.0273853
      ],
      [
       121.513097,
       14.0265012
      ],
      [
       121.5131151,
       14.0262036
      ],
      [
       121.5135211,
       14.0258535
      ],
      [
       121.5135662,
       14.0255034
      ],
      [
       121.5134399,
       14.0251971
      ],
      [
       121.5136384,
       14.025022
      ],
      [
       121.5139631,
       14.0248207
      ],
      [
       121.5139902,
       14.0244006
      ],
      [
       121.5141977,
       14.0238229
      ],
      [
       121.5141255,
       14.0235778
      ],
      [
       121.5141255,
       14.0232539
      ],
      [
       121.5144864,
       14.0232977
      ],
      [
       121.5148563,
       14.0231576
      ],
      [
       121.5147571,
       14.0229301
      ],
      [
       121.5146939,
       14.0226412
      ],
      [
       121.5150728,
       14.0224224
      ],
      [
       121.5153254,
       14.0222736
      ],
      [
       121.5152082,
       14.0217572
      ],
      [
       121.5149195,
       14.0214683
      ],
      [
       121.514748,
       14.0211532
      ],
      [
       121.5148473,
       14.0207768
      ],
      [
       121.5153164,
       14.0205405
      ],
      [
       121.5158036,
       14.0204967
      ],
      [
       121.5163178,
       14.0201466
      ],
      [
       121.5164622,
       14.0199365
      ],
      [
       121.5164171,
       14.0196827
      ],
      [
       121.5167058,
       14.0194639
      ],
      [
       121.5170757,
       14.0193238
      ],
      [
       121.5169764,
       14.0189124
      ],
      [
       121.5166516,
       14.0186936
      ],
      [
       121.5166787,
       14.0184835
      ],
      [
       121.5170035,
       14.0183347
      ],
      [
       121.5173824,
       14.0182559
      ],
      [
       121.5174997,
       14.0178533
      ],
      [
       121.5178876,
       14.0171705
      ],
      [
       121.5179237,
       14.0166541
      ],
      [
       121.5181132,
       14.0162339
      ],
      [
       121.5189432,
       14.0160851
      ],
      [
       121.519286,
       14.0159363
      ],
      [
       121.5190515,
       14.0156212
      ],
      [
       121.5188981,
       14.015201
      ],
      [
       121.5191687,
       14.0149735
      ],
      [
       121.5195837,
       14.0151048
      ],
      [
       121.5204589,
       14.0157087
      ],
      [
       121.5207836,
       14.01563
      ],
      [
       121.5206483,
       14.0152973
      ],
      [
       121.520098,
       14.0145008
      ],
      [
       121.520098,
       14.0138093
      ],
      [
       121.5204769,
       14.0136955
      ],
      [
       121.5211265,
       14.0135642
      ],
      [
       121.521352,
       14.0131878
      ],
      [
       121.5211806,
       14.0127851
      ],
      [
       121.5216858,
       14.0125663
      ],
      [
       121.5222091,
       14.0126713
      ],
      [
       121.5224707,
       14.012505
      ],
      [
       121.5225158,
       14.0121549
      ],
      [
       121.522164,
       14.0116472
      ],
      [
       121.5220016,
       14.0112883
      ],
      [
       121.5221189,
       14.0110169
      ],
      [
       121.5224527,
       14.0109819
      ],
      [
       121.5229489,
       14.0109294
      ],
      [
       121.5231654,
       14.0107281
      ],
      [
       121.5229669,
       14.0103867
      ],
      [
       121.5228948,
       14.0100541
      ],
      [
       121.5231474,
       14.009844
      ],
      [
       121.5237338,
       14.009774
      ],
      [
       121.5243834,
       14.0098965
      ],
      [
       121.5249968,
       14.0098265
      ],
      [
       121.5250871,
       14.0094326
      ],
      [
       121.5249066,
       14.0091525
      ],
      [
       121.525069,
       14.0088023
      ],
      [
       121.5255382,
       14.0084347
      ],
      [
       121.5260524,
       14.0081721
      ],
      [
       121.5262058,
       14.0077519
      ],
      [
       121.5262238,
       14.0072267
      ],
      [
       121.5263862,
       14.0065526
      ],
      [
       121.5261968,
       14.0061938
      ],
      [
       121.5261877,
       14.0059136
      ],
      [
       121.5264945,
       14.0057736
      ],
      [
       121.5272433,
       14.0058261
      ],
      [
       121.527523,
       14.0057911
      ],
      [
       121.527523,
       14.0055285
      ],
      [
       121.5273064,
       14.005082
      ],
      [
       121.527541,
       14.004907
      ],
      [
       121.5280282,
       14.0048982
      ],
      [
       121.5281545,
       14.0046794
      ],
      [
       121.5282988,
       14.004338
      ],
      [
       121.5282628,
       14.0040491
      ],
      [
       121.5284703,
       14.0036639
      ],
      [
       121.5286597,
       14.0033488
      ],
      [
       121.5287409,
       14.0028498
      ],
      [
       121.528786,
       14.0024822
      ],
      [
       121.52921,
       14.0023509
      ],
      [
       121.5296251,
       14.0023421
      ],
      [
       121.5297514,
       14.002097
      ],
      [
       121.5296251,
       14.0017906
      ],
      [
       121.5294266,
       14.0015543
      ],
      [
       121.5295439,
       14.0013705
      ],
      [
       121.5302566,
       14.0015368
      ],
      [
       121.5305002,
       14.001423
      ],
      [
       121.5303558,
       14.0008015
      ],
      [
       121.5303629,
       14.000269
      ],
      [
       121.530343,
       14.0000212
      ],
      [
       121.5302093,
       13.9999363
      ],
      [
       121.5300537,
       13.9997645
      ],
      [
       121.530043,
       13.9994731
      ],
      [
       121.5301503,
       13.9992701
      ],
      [
       121.5302863,
       13.9989934
      ],
      [
       121.5305687,
       13.9988849
      ],
      [
       121.5307887,
       13.9987912
      ],
      [
       121.5308906,
       13.9987027
      ],
      [
       121.5309407,
       13.9985666
      ],
      [
       121.5309193,
       13.9983792
      ],
      [
       121.5308638,
       13.998151
      ],
      [
       121.5307852,
       13.9979003
      ],
      [
       121.530812,
       13.9977338
      ],
      [
       121.5308906,
       13.9975576
      ],
      [
       121.5310837,
       13.9975263
      ],
      [
       121.531309,
       13.9974899
      ],
      [
       121.5314289,
       13.9973902
      ],
      [
       121.5313948,
       13.9972401
      ],
      [
       121.5312572,
       13.9970831
      ],
      [
       121.5311534,
       13.9968653
      ],
      [
       121.5310588,
       13.9966355
      ],
      [
       121.5312125,
       13.9964801
      ],
      [
       121.5314699,
       13.9963604
      ],
      [
       121.5317757,
       13.9962719
      ],
      [
       121.5320565,
       13.9960993
      ],
      [
       121.5321746,
       13.9958859
      ],
      [
       121.5322926,
       13.9955424
      ],
      [
       121.5323033,
       13.9953654
      ],
      [
       121.5322478,
       13.9952048
      ],
      [
       121.5321834,
       13.9950955
      ],
      [
       121.5321746,
       13.9949282
      ],
      [
       121.5322424,
       13.9947468
      ],
      [
       121.5323819,
       13.9946219
      ],
      [
       121.5325214,
       13.9945021
      ],
      [
       121.532752,
       13.9943824
      ],
      [
       121.5329846,
       13.9941682
      ],
      [
       121.5330471,
       13.9940701
      ],
      [
       121.5331222,
       13.9938775
      ],
      [
       121.5332241,
       13.9936693
      ],
      [
       121.5332957,
       13.9934499
      ],
      [
       121.5333582,
       13.9933101
      ],
      [
       121.5334977,
       13.9932112
      ],
      [
       121.5337088,
       13.9930179
      ],
      [
       121.5340395,
       13.9928417
      ],
      [
       121.5342291,
       13.9927316
      ],
      [
       121.5343667,
       13.992597
      ],
      [
       121.534415,
       13.9924877
      ],
      [
       121.5344705,
       13.9922423
      ],
      [
       121.5346476,
       13.9920237
      ],
      [
       121.5348495,
       13.9918371
      ],
      [
       121.5351607,
       13.9916445
      ],
      [
       121.5354718,
       13.9914206
      ],
      [
       121.5357043,
       13.9911336
      ],
      [
       121.5359028,
       13.9909045
      ],
      [
       121.5361281,
       13.9907119
      ],
      [
       121.5362569,
       13.9905141
      ],
      [
       121.5363355,
       13.990364
      ],
      [
       121.5363964,
       13.9901237
      ],
      [
       121.5364052,
       13.9898903
      ],
      [
       121.5363838,
       13.9894582
      ],
      [
       121.5364642,
       13.9892084
      ],
      [
       121.5366056,
       13.9891139
      ],
      [
       121.5368075,
       13.9890991
      ],
      [
       121.5370508,
       13.9890515
      ],
      [
       121.5372206,
       13.9889429
      ],
      [
       121.5373976,
       13.9888232
      ],
      [
       121.5376122,
       13.9886931
      ],
      [
       121.5378051,
       13.9885629
      ],
      [
       121.537995,
       13.988432
      ],
      [
       121.5381237,
       13.9881457
      ],
      [
       121.5381645,
       13.9879591
      ],
      [
       121.5382181,
       13.987652
      ],
      [
       121.5382557,
       13.987449
      ],
      [
       121.5381666,
       13.9868756
      ],
      [
       121.538172,
       13.986683
      ],
      [
       121.5382042,
       13.9864488
      ],
      [
       121.5382986,
       13.9862153
      ],
      [
       121.5386065,
       13.98572
      ],
      [
       121.5387116,
       13.9855542
      ],
      [
       121.5388297,
       13.9854709
      ],
      [
       121.5390389,
       13.9854709
      ],
      [
       121.5392019,
       13.9855118
      ],
      [
       121.5393071,
       13.9854814
      ],
      [
       121.5394573,
       13.9853772
      ],
      [
       121.539792,
       13.9849757
      ],
      [
       121.5399315,
       13.9848195
      ],
      [
       121.5400924,
       13.9847466
      ],
      [
       121.5402856,
       13.9846998
      ],
      [
       121.5403907,
       13.9846797
      ],
      [
       121.5404733,
       13.9845904
      ],
      [
       121.5404604,
       13.9843726
      ],
      [
       121.540307,
       13.9840074
      ],
      [
       121.5403446,
       13.9838773
      ],
      [
       121.5404604,
       13.9835293
      ],
      [
       121.5404926,
       13.9832638
      ],
      [
       121.5405838,
       13.9831545
      ],
      [
       121.5407608,
       13.9828995
      ],
      [
       121.5408145,
       13.9826808
      ],
      [
       121.5408574,
       13.9824778
      ],
      [
       121.5409454,
       13.9822428
      ],
      [
       121.5410613,
       13.9821134
      ],
      [
       121.541469,
       13.9820822
      ],
      [
       121.5416803,
       13.9820502
      ],
      [
       121.5417962,
       13.9819885
      ],
      [
       121.5418176,
       13.9818532
      ],
      [
       121.54175,
       13.9815296
      ],
      [
       121.5417747,
       13.9814211
      ],
      [
       121.5419002,
       13.981311
      ],
      [
       121.542059,
       13.9813118
      ],
      [
       121.5422919,
       13.9813266
      ],
      [
       121.5423938,
       13.9812798
      ],
      [
       121.5425172,
       13.9811965
      ],
      [
       121.5427242,
       13.9809315
      ],
      [
       121.5428101,
       13.9807545
      ],
      [
       121.5428101,
       13.9801403
      ],
      [
       121.5431212,
       13.9799321
      ],
      [
       121.543325,
       13.9797238
      ],
      [
       121.5434001,
       13.979526
      ],
      [
       121.5434109,
       13.9793079
      ],
      [
       121.5438615,
       13.9787457
      ],
      [
       121.5441079,
       13.9785683
      ],
      [
       121.5444297,
       13.9783809
      ],
      [
       121.5447945,
       13.9780685
      ],
      [
       121.5449233,
       13.9777562
      ],
      [
       121.5448085,
       13.9774418
      ],
      [
       121.5445585,
       13.9770899
      ],
      [
       121.5443224,
       13.9767567
      ],
      [
       121.5444512,
       13.9762778
      ],
      [
       121.5446368,
       13.9755469
      ],
      [
       121.5449447,
       13.9749035
      ],
      [
       121.5453953,
       13.9742997
      ],
      [
       121.5457387,
       13.9742997
      ],
      [
       121.5459532,
       13.9742164
      ],
      [
       121.5462032,
       13.9740581
      ],
      [
       121.5463073,
       13.9738728
      ],
      [
       121.5462783,
       13.9735376
      ],
      [
       121.5463395,
       13.9732065
      ],
      [
       121.5464575,
       13.9729046
      ],
      [
       121.5466967,
       13.9728088
      ],
      [
       121.5469832,
       13.9726234
      ],
      [
       121.5472085,
       13.972384
      ],
      [
       121.5474016,
       13.9723215
      ],
      [
       121.5477128,
       13.9718946
      ],
      [
       121.5478522,
       13.9714157
      ],
      [
       121.5477267,
       13.9709347
      ],
      [
       121.5475776,
       13.9703837
      ],
      [
       121.5475421,
       13.9701721
      ],
      [
       121.5476943,
       13.9697492
      ],
      [
       121.5479007,
       13.9693687
      ],
      [
       121.5481097,
       13.9689482
      ],
      [
       121.5482308,
       13.9687411
      ],
      [
       121.5484312,
       13.9685973
      ],
      [
       121.5487429,
       13.96839
      ],
      [
       121.5490034,
       13.9681652
      ],
      [
       121.5491107,
       13.9677488
      ],
      [
       121.5490539,
       13.9673974
      ],
      [
       121.5489358,
       13.9667935
      ],
      [
       121.5487352,
       13.9665202
      ],
      [
       121.5485957,
       13.9661142
      ],
      [
       121.5485925,
       13.9656899
      ],
      [
       121.5486708,
       13.9653749
      ],
      [
       121.5487642,
       13.9650444
      ],
      [
       121.5493146,
       13.9648335
      ],
      [
       121.5496472,
       13.9646045
      ],
      [
       121.5498832,
       13.9642505
      ],
      [
       121.5500334,
       13.9637507
      ],
      [
       121.5499798,
       13.9631676
      ],
      [
       121.5500227,
       13.9627407
      ],
      [
       121.5498832,
       13.9622826
      ],
      [
       121.5499229,
       13.9618063
      ],
      [
       121.550116,
       13.9609525
      ],
      [
       121.5501622,
       13.9606375
      ],
      [
       121.5504164,
       13.9604736
      ],
      [
       121.5506417,
       13.9603694
      ],
      [
       121.5509636,
       13.9600571
      ],
      [
       121.5513638,
       13.9594298
      ],
      [
       121.5514357,
       13.9589638
      ],
      [
       121.5515751,
       13.9584953
      ],
      [
       121.5516395,
       13.9580476
      ],
      [
       121.5517146,
       13.957527
      ],
      [
       121.5516105,
       13.9570038
      ],
      [
       121.551117,
       13.9565144
      ],
      [
       121.5507844,
       13.9562853
      ],
      [
       121.5506879,
       13.9561187
      ],
      [
       121.5506846,
       13.9558506
      ],
      [
       121.5507168,
       13.9554758
      ],
      [
       121.5507919,
       13.9545283
      ],
      [
       121.5510097,
       13.9543487
      ],
      [
       121.5512318,
       13.9542992
      ],
      [
       121.5516073,
       13.9543304
      ],
      [
       121.5519828,
       13.9543617
      ],
      [
       121.5522221,
       13.9543174
      ],
      [
       121.5523401,
       13.9540779
      ],
      [
       121.5525332,
       13.9537447
      ],
      [
       121.5527156,
       13.9534324
      ],
      [
       121.5530021,
       13.9532372
      ],
      [
       121.5533239,
       13.9528519
      ],
      [
       121.5534559,
       13.952589
      ],
      [
       121.5533379,
       13.9522558
      ],
      [
       121.5531555,
       13.9520163
      ],
      [
       121.5531094,
       13.9518003
      ],
      [
       121.5531984,
       13.9515269
      ],
      [
       121.5534774,
       13.9514228
      ],
      [
       121.5538421,
       13.9511833
      ],
      [
       121.5541393,
       13.9510193
      ],
      [
       121.5542391,
       13.950746
      ],
      [
       121.5540213,
       13.9506028
      ],
      [
       121.5536136,
       13.9503738
      ],
      [
       121.5533057,
       13.9501421
      ],
      [
       121.553177,
       13.9499963
      ],
      [
       121.5532628,
       13.9497881
      ],
      [
       121.5535278,
       13.9493325
      ],
      [
       121.5538314,
       13.9488301
      ],
      [
       121.5541393,
       13.9484162
      ],
      [
       121.5544322,
       13.9483616
      ],
      [
       121.5547112,
       13.9482262
      ],
      [
       121.5549762,
       13.9478852
      ],
      [
       121.5550652,
       13.9475598
      ],
      [
       121.5549794,
       13.9473932
      ],
      [
       121.5548292,
       13.9469559
      ],
      [
       121.5546039,
       13.9463519
      ],
      [
       121.5546758,
       13.946063
      ],
      [
       121.5550835,
       13.9456673
      ],
      [
       121.5553013,
       13.9455085
      ],
      [
       121.5554622,
       13.9449254
      ],
      [
       121.5555695,
       13.9444881
      ],
      [
       121.5561918,
       13.9433323
      ],
      [
       121.5563387,
       13.9430225
      ],
      [
       121.5563602,
       13.9427414
      ],
      [
       121.5562025,
       13.9425409
      ],
      [
       121.5557841,
       13.9422389
      ],
      [
       121.5555985,
       13.94195
      ],
      [
       121.5554622,
       13.9415517
      ],
      [
       121.5555555,
       13.9413148
      ],
      [
       121.5561274,
       13.9407395
      ],
      [
       121.5562669,
       13.9405104
      ],
      [
       121.5562529,
       13.940211
      ],
      [
       121.5560737,
       13.939667
      ],
      [
       121.5560813,
       13.939326
      ],
      [
       121.556342,
       13.9390734
      ],
      [
       121.5566853,
       13.9389901
      ],
      [
       121.5570898,
       13.9390032
      ],
      [
       121.5573258,
       13.938899
      ],
      [
       121.5573183,
       13.9386153
      ],
      [
       121.557211,
       13.9383758
      ],
      [
       121.5573258,
       13.9380868
      ],
      [
       121.5583558,
       13.937285
      ],
      [
       121.5595284,
       13.9362203
      ],
      [
       121.5596218,
       13.936025
      ],
      [
       121.5594501,
       13.9357335
      ],
      [
       121.5591207,
       13.9354185
      ],
      [
       121.558992,
       13.935179
      ],
      [
       121.5591068,
       13.9349525
      ],
      [
       121.5598042,
       13.9347755
      ],
      [
       121.5601046,
       13.934713
      ],
      [
       121.5604189,
       13.9345958
      ],
      [
       121.5607054,
       13.9344006
      ],
      [
       121.560759,
       13.9342444
      ],
      [
       121.5606303,
       13.9340361
      ],
      [
       121.5603835,
       13.9339633
      ],
      [
       121.5600617,
       13.9339633
      ],
      [
       121.5596754,
       13.933932
      ],
      [
       121.5592602,
       13.9338253
      ],
      [
       121.559021,
       13.9335676
      ],
      [
       121.5589673,
       13.9332552
      ],
      [
       121.5592355,
       13.932974
      ],
      [
       121.5597001,
       13.9328881
      ],
      [
       121.5603942,
       13.9328178
      ],
      [
       121.5608803,
       13.9327215
      ],
      [
       121.5612418,
       13.9325575
      ],
      [
       121.5616742,
       13.9322945
      ],
      [
       121.5621001,
       13.9320681
      ],
      [
       121.5624038,
       13.9317635
      ],
      [
       121.5627256,
       13.9309304
      ],
      [
       121.5628651,
       13.9306076
      ],
      [
       121.5630014,
       13.92985
      ],
      [
       121.5629906,
       13.9294023
      ],
      [
       121.5632803,
       13.9290378
      ],
      [
       121.5635947,
       13.9287853
      ],
      [
       121.563806,
       13.9285171
      ],
      [
       121.5637416,
       13.928236
      ],
      [
       121.5637341,
       13.9278585
      ],
      [
       121.5640635,
       13.9271113
      ],
      [
       121.5643242,
       13.9268067
      ],
      [
       121.5646214,
       13.9261845
      ],
      [
       121.5649572,
       13.9258903
      ],
      [
       121.5651933,
       13.9256925
      ],
      [
       121.5652791,
       13.9254946
      ],
      [
       121.5652008,
       13.9252889
      ],
      [
       121.5650967,
       13.9251093
      ],
      [
       121.5652008,
       13.924862
      ],
      [
       121.5659228,
       13.9248073
      ],
      [
       121.5661159,
       13.9246928
      ],
      [
       121.5661803,
       13.9245574
      ],
      [
       121.5661159,
       13.9240575
      ],
      [
       121.5661878,
       13.9239039
      ],
      [
       121.5664378,
       13.9238597
      ],
      [
       121.5670386,
       13.9235056
      ],
      [
       121.5678004,
       13.9229537
      ],
      [
       121.5680579,
       13.922912
      ],
      [
       121.5686769,
       13.9226855
      ],
      [
       121.5691093,
       13.9225163
      ],
      [
       121.5695889,
       13.9224564
      ],
      [
       121.5699569,
       13.922433
      ],
      [
       121.5703399,
       13.9223002
      ],
      [
       121.570651,
       13.9221753
      ],
      [
       121.5708441,
       13.9219149
      ],
      [
       121.571048,
       13.9216546
      ],
      [
       121.5713301,
       13.9215583
      ],
      [
       121.5715522,
       13.9215296
      ],
      [
       121.5718602,
       13.9216666
      ],
      [
       121.5720972,
       13.9216421
      ],
      [
       121.5722743,
       13.9214958
      ],
      [
       121.5724663,
       13.9211739
      ],
      [
       121.5724964,
       13.9211235
      ],
      [
       121.5727142,
       13.920621
      ],
      [
       121.5727646,
       13.9197801
      ],
      [
       121.5727646,
       13.9192386
      ],
      [
       121.5728429,
       13.9188819
      ],
      [
       121.5714669,
       13.9181189
      ],
      [
       121.5715581,
       13.9177545
      ],
      [
       121.5710914,
       13.9173535
      ],
      [
       121.5707534,
       13.9168484
      ],
      [
       121.5711558,
       13.9162705
      ],
      [
       121.5713811,
       13.9156665
      ],
      [
       121.5718746,
       13.9152655
      ],
      [
       121.5720248,
       13.9146042
      ],
      [
       121.5723319,
       13.9142816
      ],
      [
       121.5725858,
       13.9141544
      ],
      [
       121.5726922,
       13.9140193
      ],
      [
       121.5727659,
       13.9137013
      ],
      [
       121.5726431,
       13.9131369
      ],
      [
       121.5726595,
       13.9128428
      ],
      [
       121.5728888,
       13.9127236
      ],
      [
       121.5731345,
       13.9125884
      ],
      [
       121.5738551,
       13.9125725
      ],
      [
       121.5747478,
       13.9122228
      ],
      [
       121.5754357,
       13.9117379
      ],
      [
       121.5757469,
       13.9114199
      ],
      [
       121.5757879,
       13.9111814
      ],
      [
       121.5757879,
       13.9107601
      ],
      [
       121.5757715,
       13.910458
      ],
      [
       121.5751898,
       13.9102407
      ],
      [
       121.5762305,
       13.9089077
      ],
      [
       121.5755358,
       13.90463
      ],
      [
       121.5747607,
       13.9038984
      ],
      [
       121.57534,
       13.903034
      ],
      [
       121.5752435,
       13.9005241
      ],
      [
       121.5816869,
       13.8958064
      ],
      [
       121.5818317,
       13.8935279
      ],
      [
       121.5840229,
       13.890898
      ],
      [
       121.5843361,
       13.8907185
      ],
      [
       121.5845703,
       13.8906418
      ],
      [
       121.5849308,
       13.8905859
      ],
      [
       121.5850144,
       13.8904992
      ],
      [
       121.5849623,
       13.8903621
      ],
      [
       121.5848351,
       13.8902667
      ],
      [
       121.6017645,
       13.8399609
      ],
      [
       121.6093819,
       13.8082066
      ],
      [
       121.62004,
       13.7735099
      ],
      [
       121.6251575,
       13.7560489
      ],
      [
       121.6234798,
       13.7550642
      ],
      [
       121.6187422,
       13.7525225
      ],
      [
       121.6139064,
       13.750162
      ],
      [
       121.6089796,
       13.7479862
      ],
      [
       121.6039694,
       13.7459984
      ],
      [
       121.5988834,
       13.7442016
      ],
      [
       121.5988325,
       13.7441848
      ],
      [
       121.5983363,
       13.7440301
      ],
      [
       121.5536136,
       13.7617473
      ],
      [
       121.5337272,
       13.7805401
      ],
      [
       121.4585003,
       13.8159757
      ],
      [
       121.4583254,
       13.8172843
      ],
      [
       121.4580767,
       13.8178654
      ],
      [
       121.4578786,
       13.8180607
      ],
      [
       121.4576447,
       13.8181818
      ],
      [
       121.4571083,
       13.8182371
      ],
      [
       121.4535841,
       13.8183986
      ],
      [
       121.4520848,
       13.8187119
      ],
      [
       121.4513764,
       13.819174
      ],
      [
       121.4508825,
       13.8195565
      ],
      [
       121.4505812,
       13.8199165
      ],
      [
       121.4503064,
       13.8203957
      ],
      [
       121.4501418,
       13.8208409
      ],
      [
       121.4500536,
       13.8213319
      ],
      [
       121.4500476,
       13.8216722
      ],
      [
       121.4501241,
       13.8219428
      ],
      [
       121.4502257,
       13.8222866
      ],
      [
       121.45051,
       13.8227398
      ],
      [
       121.4508026,
       13.8230432
      ],
      [
       121.4512396,
       13.8235107
      ],
      [
       121.451618,
       13.8240226
      ],
      [
       121.4519181,
       13.8245973
      ],
      [
       121.4521812,
       13.8254186
      ],
      [
       121.4523393,
       13.8260996
      ],
      [
       121.4523661,
       13.8266778
      ],
      [
       121.4522577,
       13.8271254
      ],
      [
       121.452114,
       13.8275633
      ],
      [
       121.4519101,
       13.8279227
      ],
      [
       121.4515185,
       13.828454
      ],
      [
       121.4511377,
       13.8290426
      ],
      [
       121.4508151,
       13.8296372
      ],
      [
       121.4504242,
       13.8300115
      ],
      [
       121.4497161,
       13.8303935
      ],
      [
       121.4489888,
       13.8307728
      ],
      [
       121.4484876,
       13.8309022
      ],
      [
       121.4479726,
       13.8309283
      ],
      [
       121.4474754,
       13.8308628
      ],
      [
       121.4469749,
       13.8306887
      ],
      [
       121.4465994,
       13.8304699
      ],
      [
       121.4463065,
       13.8301876
      ],
      [
       121.4459288,
       13.8295479
      ],
      [
       121.4456478,
       13.8287939
      ],
      [
       121.4449382,
       13.8266358
      ],
      [
       121.4441056,
       13.8252133
      ],
      [
       121.443591,
       13.8245598
      ],
      [
       121.4428343,
       13.8242758
      ],
      [
       121.4425086,
       13.8243556
      ],
      [
       121.4422005,
       13.8245213
      ],
      [
       121.4419806,
       13.8247244
      ],
      [
       121.4418494,
       13.82508
      ],
      [
       121.4417446,
       13.8259016
      ],
      [
       121.4417664,
       13.8266732
      ],
      [
       121.4416587,
       13.8273602
      ],
      [
       121.4415461,
       13.8278758
      ],
      [
       121.4414256,
       13.8280835
      ],
      [
       121.4411169,
       13.8283811
      ],
      [
       121.4408258,
       13.8285318
      ],
      [
       121.4405268,
       13.8285634
      ],
      [
       121.4401759,
       13.8284446
      ],
      [
       121.439454,
       13.8281363
      ],
      [
       121.4385928,
       13.8279252
      ],
      [
       121.4377893,
       13.8279068
      ],
      [
       121.4371244,
       13.8280988
      ],
      [
       121.4364474,
       13.8283668
      ],
      [
       121.4359403,
       13.8285843
      ],
      [
       121.4355347,
       13.8288307
      ],
      [
       121.4351249,
       13.8291104
      ],
      [
       121.4347788,
       13.82945
      ],
      [
       121.4341325,
       13.8300471
      ],
      [
       121.4334796,
       13.830641
      ],
      [
       121.4327078,
       13.8314709
      ],
      [
       121.432079,
       13.8321986
      ],
      [
       121.4317721,
       13.8325691
      ],
      [
       121.4310492,
       13.8332987
      ],
      [
       121.4301264,
       13.8338262
      ],
      [
       121.429283,
       13.8340874
      ],
      [
       121.4285776,
       13.8343713
      ],
      [
       121.4281245,
       13.8345133
      ],
      [
       121.4276898,
       13.8344911
      ],
      [
       121.4274028,
       13.8344052
      ],
      [
       121.4271717,
       13.8342808
      ],
      [
       121.4269549,
       13.83409
      ],
      [
       121.4266413,
       13.8336053
      ],
      [
       121.4264426,
       13.8331967
      ],
      [
       121.4262917,
       13.8328319
      ],
      [
       121.4261582,
       13.8324831
      ],
      [
       121.4260241,
       13.8322227
      ],
      [
       121.425894,
       13.8320334
      ],
      [
       121.4257103,
       13.8318606
      ],
      [
       121.4255387,
       13.8317617
      ],
      [
       121.4253545,
       13.8317113
      ],
      [
       121.4251766,
       13.8316992
      ],
      [
       121.4250264,
       13.8317252
      ],
      [
       121.4248904,
       13.8317798
      ],
      [
       121.424734,
       13.8319075
      ],
      [
       121.424565,
       13.8321654
      ],
      [
       121.4244034,
       13.8324986
      ],
      [
       121.424152,
       13.8332436
      ],
      [
       121.4240339,
       13.8335978
      ],
      [
       121.4239651,
       13.8339512
      ],
      [
       121.4239588,
       13.8344677
      ],
      [
       121.4240044,
       13.8348036
      ],
      [
       121.4240969,
       13.8350726
      ],
      [
       121.424299,
       13.8353663
      ],
      [
       121.4245301,
       13.8355381
      ],
      [
       121.4248681,
       13.8356709
      ],
      [
       121.4252517,
       13.8358454
      ],
      [
       121.4255316,
       13.8359631
      ],
      [
       121.4257184,
       13.8361084
      ],
      [
       121.4259303,
       13.8363064
      ],
      [
       121.4261663,
       13.8363871
      ],
      [
       121.4263478,
       13.8363895
      ],
      [
       121.4265364,
       13.8363324
      ],
      [
       121.4268798,
       13.8362491
      ],
      [
       121.4271778,
       13.8360982
      ],
      [
       121.427612,
       13.8358688
      ],
      [
       121.4280656,
       13.8356264
      ],
      [
       121.4286044,
       13.8354131
      ],
      [
       121.4288995,
       13.8353323
      ],
      [
       121.4291667,
       13.8353077
      ],
      [
       121.429444,
       13.8352933
      ],
      [
       121.4297068,
       13.8353271
      ],
      [
       121.429967,
       13.8353974
      ],
      [
       121.4301405,
       13.8355418
      ],
      [
       121.4302996,
       13.8357516
      ],
      [
       121.4304108,
       13.8359821
      ],
      [
       121.4304766,
       13.8362673
      ],
      [
       121.4304873,
       13.836572
      ],
      [
       121.4304254,
       13.8368314
      ],
      [
       121.4302969,
       13.8370408
      ],
      [
       121.4301268,
       13.8372446
      ],
      [
       121.4299959,
       13.8373558
      ],
      [
       121.4300321,
       13.8376963
      ],
      [
       121.4300546,
       13.8378474
      ],
      [
       121.429942,
       13.8381547
      ],
      [
       121.4297435,
       13.8383422
      ],
      [
       121.4293519,
       13.8384881
      ],
      [
       121.4289174,
       13.8387016
      ],
      [
       121.4287404,
       13.8388475
      ],
      [
       121.4286223,
       13.838936
      ],
      [
       121.4282468,
       13.8388214
      ],
      [
       121.4280698,
       13.8388735
      ],
      [
       121.4279303,
       13.8391183
      ],
      [
       121.4277855,
       13.8394725
      ],
      [
       121.4277318,
       13.8396392
      ],
      [
       121.4277533,
       13.8397642
      ],
      [
       121.4278392,
       13.8397746
      ],
      [
       121.4280483,
       13.8399466
      ],
      [
       121.4279625,
       13.8401653
      ],
      [
       121.427984,
       13.8403267
      ],
      [
       121.4278713,
       13.8404361
      ],
      [
       121.4278123,
       13.8405716
      ],
      [
       121.4278338,
       13.8406705
      ],
      [
       121.4278821,
       13.8408164
      ],
      [
       121.4278767,
       13.8409882
      ],
      [
       121.4278284,
       13.8412435
      ],
      [
       121.4277372,
       13.8414831
      ],
      [
       121.4277104,
       13.8416706
      ],
      [
       121.4276353,
       13.8418841
      ],
      [
       121.427528,
       13.8421029
      ],
      [
       121.427528,
       13.8424102
      ],
      [
       121.4276299,
       13.8426185
      ],
      [
       121.4277426,
       13.8428946
      ],
      [
       121.4278981,
       13.843155
      ],
      [
       121.4278928,
       13.8433373
      ],
      [
       121.4278016,
       13.8434988
      ],
      [
       121.4278016,
       13.8437228
      ],
      [
       121.4277855,
       13.8439103
      ],
      [
       121.4275656,
       13.8442332
      ],
      [
       121.4276353,
       13.8445197
      ],
      [
       121.4276085,
       13.8448166
      ],
      [
       121.42741,
       13.8451812
      ],
      [
       121.4273081,
       13.8453218
      ],
      [
       121.4272227,
       13.8461308
      ],
      [
       121.431724,
       13.8462046
      ],
      [
       121.433418,
       13.846232
      ],
      [
       121.4335055,
       13.8463477
      ],
      [
       121.433664,
       13.84644
      ],
      [
       121.4337147,
       13.8465169
      ],
      [
       121.4336355,
       13.8467262
      ],
      [
       121.4336196,
       13.8469262
      ],
      [
       121.4335467,
       13.8470278
      ],
      [
       121.4335848,
       13.8471663
      ],
      [
       121.4336545,
       13.8472555
      ],
      [
       121.4337528,
       13.8474002
      ],
      [
       121.4338162,
       13.8474987
      ],
      [
       121.4338288,
       13.847671
      ],
      [
       121.4338796,
       13.8477572
      ],
      [
       121.4338859,
       13.8479757
      ],
      [
       121.4337528,
       13.8480219
      ],
      [
       121.4337084,
       13.8480496
      ],
      [
       121.4336672,
       13.848108
      ],
      [
       121.4335182,
       13.8481296
      ],
      [
       121.4335024,
       13.8483112
      ],
      [
       121.4335436,
       13.8484035
      ],
      [
       121.4335911,
       13.8484897
      ],
      [
       121.4335975,
       13.848542
      ],
      [
       121.4335594,
       13.8485789
      ],
      [
       121.4333249,
       13.8486158
      ],
      [
       121.4332678,
       13.8487451
      ],
      [
       121.433309,
       13.8488651
      ],
      [
       121.4333375,
       13.8489698
      ],
      [
       121.4334358,
       13.8490929
      ],
      [
       121.4333819,
       13.8492221
      ],
      [
       121.433347,
       13.8493268
      ],
      [
       121.4332646,
       13.8494222
      ],
      [
       121.4333058,
       13.849653
      ],
      [
       121.4332995,
       13.8498038
      ],
      [
       121.4334136,
       13.849893
      ],
      [
       121.4334421,
       13.8500808
      ],
      [
       121.4335214,
       13.8501085
      ],
      [
       121.4335943,
       13.8501762
      ],
      [
       121.4335848,
       13.85025
      ],
      [
       121.4335499,
       13.8503516
      ],
      [
       121.4335277,
       13.8503885
      ],
      [
       121.4333946,
       13.8504809
      ],
      [
       121.433328,
       13.8505239
      ],
      [
       121.4332424,
       13.8508563
      ],
      [
       121.4331632,
       13.8509271
      ],
      [
       121.4331505,
       13.851041
      ],
      [
       121.4331632,
       13.8511394
      ],
      [
       121.4331727,
       13.8512964
      ],
      [
       121.4332329,
       13.8513703
      ],
      [
       121.4332678,
       13.8515949
      ],
      [
       121.4332667,
       13.8517282
      ],
      [
       121.4330745,
       13.8518786
      ],
      [
       121.4330319,
       13.8519865
      ],
      [
       121.4343063,
       13.8519847
      ],
      [
       121.4364753,
       13.8519887
      ],
      [
       121.4365329,
       13.8525197
      ],
      [
       121.4365089,
       13.8526713
      ],
      [
       121.4370492,
       13.8528578
      ],
      [
       121.4371453,
       13.8532075
      ],
      [
       121.4373734,
       13.8536739
      ],
      [
       121.4370132,
       13.8536972
      ],
      [
       121.4368451,
       13.8550028
      ],
      [
       121.4373254,
       13.8551894
      ],
      [
       121.4375895,
       13.8554342
      ],
      [
       121.4381419,
       13.8573461
      ],
      [
       121.4407354,
       13.8586284
      ],
      [
       121.4413118,
       13.8586517
      ],
      [
       121.4413238,
       13.8592462
      ],
      [
       121.4415999,
       13.8611464
      ],
      [
       121.4421883,
       13.8610881
      ],
      [
       121.4422723,
       13.8622655
      ],
      [
       121.4433236,
       13.8624748
      ],
      [
       121.4430648,
       13.8642123
      ],
      [
       121.4430408,
       13.8647019
      ],
      [
       121.4431128,
       13.8652265
      ],
      [
       121.4431368,
       13.8653897
      ],
      [
       121.4429347,
       13.8671388
      ],
      [
       121.4428061,
       13.8675038
      ],
      [
       121.44244,
       13.8677344
      ],
      [
       121.4423213,
       13.8679649
      ],
      [
       121.4424796,
       13.8680802
      ],
      [
       121.4425687,
       13.8682243
      ],
      [
       121.4424895,
       13.8683876
      ],
      [
       121.4424697,
       13.8686085
      ],
      [
       121.4422718,
       13.8687814
      ],
      [
       121.4422026,
       13.8689736
      ],
      [
       121.4421531,
       13.8704721
      ],
      [
       121.4420739,
       13.8705874
      ],
      [
       121.4421333,
       13.8712598
      ],
      [
       121.4422916,
       13.8717497
      ],
      [
       121.4425785,
       13.8724797
      ],
      [
       121.4426082,
       13.8734115
      ],
      [
       121.442816,
       13.8747947
      ],
      [
       121.4427863,
       13.8761107
      ],
      [
       121.4426775,
       13.8774939
      ],
      [
       121.4420654,
       13.8774415
      ],
      [
       121.4418827,
       13.8776296
      ],
      [
       121.4418218,
       13.8776941
      ],
      [
       121.4420101,
       13.8781026
      ],
      [
       121.4420156,
       13.8783284
      ],
      [
       121.4419159,
       13.8784305
      ],
      [
       121.4417498,
       13.8784897
      ],
      [
       121.4416945,
       13.8786509
      ],
      [
       121.4418883,
       13.8788928
      ],
      [
       121.4422814,
       13.879054
      ],
      [
       121.4426191,
       13.8792153
      ],
      [
       121.4426163,
       13.8795168
      ],
      [
       121.4425841,
       13.8796965
      ],
      [
       121.4426941,
       13.8799334
      ],
      [
       121.4429247,
       13.8800688
      ],
      [
       121.4429918,
       13.8802537
      ],
      [
       121.4431326,
       13.8803494
      ],
      [
       121.4430947,
       13.8806941
      ],
      [
       121.4432278,
       13.8807745
      ],
      [
       121.4434253,
       13.8808999
      ],
      [
       121.4433475,
       13.881063
      ],
      [
       121.4432761,
       13.8812614
      ],
      [
       121.4432501,
       13.8814908
      ],
      [
       121.4432378,
       13.8819555
      ],
      [
       121.4431746,
       13.8821474
      ],
      [
       121.4432881,
       13.8823255
      ],
      [
       121.4433589,
       13.8825598
      ],
      [
       121.4433591,
       13.8828184
      ],
      [
       121.4433778,
       13.8830664
      ],
      [
       121.4432251,
       13.8832091
      ],
      [
       121.4432588,
       13.8834469
      ],
      [
       121.4434209,
       13.8836049
      ],
      [
       121.4432251,
       13.8841647
      ],
      [
       121.4432627,
       13.8844407
      ],
      [
       121.443193,
       13.8846933
      ],
      [
       121.4430642,
       13.8847636
      ],
      [
       121.4429837,
       13.8847011
      ],
      [
       121.4428657,
       13.8845527
      ],
      [
       121.4427316,
       13.8845735
      ],
      [
       121.4427075,
       13.8847402
      ],
      [
       121.4428014,
       13.8849563
      ],
      [
       121.4429274,
       13.8851333
      ],
      [
       121.4429998,
       13.8852089
      ],
      [
       121.443024,
       13.8852713
      ],
      [
       121.4429945,
       13.8853859
      ],
      [
       121.4429677,
       13.8855213
      ],
      [
       121.4430293,
       13.8856229
      ],
      [
       121.4431581,
       13.8858181
      ],
      [
       121.4432171,
       13.8860239
      ],
      [
       121.4431903,
       13.8862374
      ],
      [
       121.4432305,
       13.8865837
      ],
      [
       121.4433485,
       13.8868597
      ],
      [
       121.4433432,
       13.8870367
      ],
      [
       121.4431822,
       13.8874065
      ],
      [
       121.4431608,
       13.8876773
      ],
      [
       121.4433324,
       13.8879741
      ],
      [
       121.4437884,
       13.8883126
      ],
      [
       121.4441961,
       13.888448
      ],
      [
       121.444239,
       13.8888542
      ],
      [
       121.4442337,
       13.8892448
      ],
      [
       121.4441317,
       13.8896457
      ],
      [
       121.4437777,
       13.8901665
      ],
      [
       121.4436114,
       13.8904737
      ],
      [
       121.4431608,
       13.890781
      ],
      [
       121.4430708,
       13.8909404
      ],
      [
       121.4431769,
       13.8913122
      ],
      [
       121.4432841,
       13.8917704
      ],
      [
       121.4433485,
       13.8918954
      ],
      [
       121.4433539,
       13.8920308
      ],
      [
       121.4431983,
       13.8921766
      ],
      [
       121.4429408,
       13.8923432
      ],
      [
       121.442855,
       13.892864
      ],
      [
       121.4428335,
       13.8933535
      ],
      [
       121.4429194,
       13.8936503
      ],
      [
       121.4429945,
       13.8938951
      ],
      [
       121.4429891,
       13.8939992
      ],
      [
       121.4428389,
       13.8940201
      ],
      [
       121.4428335,
       13.8941659
      ],
      [
       121.4429194,
       13.8942544
      ],
      [
       121.4430642,
       13.8943846
      ],
      [
       121.4431179,
       13.8945772
      ],
      [
       121.4430857,
       13.8948168
      ],
      [
       121.4431286,
       13.8951084
      ],
      [
       121.443193,
       13.8952282
      ],
      [
       121.4434826,
       13.8954261
      ],
      [
       121.4436704,
       13.8956656
      ],
      [
       121.443944,
       13.8957802
      ],
      [
       121.4440137,
       13.8959364
      ],
      [
       121.443842,
       13.89653
      ],
      [
       121.4438206,
       13.8968998
      ],
      [
       121.4438796,
       13.8970872
      ],
      [
       121.444062,
       13.8972018
      ],
      [
       121.4441478,
       13.8975038
      ],
      [
       121.44418,
       13.8979412
      ],
      [
       121.4437133,
       13.8984854
      ],
      [
       121.443539,
       13.8987223
      ],
      [
       121.4435711,
       13.8988161
      ],
      [
       121.4435792,
       13.8989879
      ],
      [
       121.4434826,
       13.8991415
      ],
      [
       121.4431688,
       13.8994097
      ],
      [
       121.4431795,
       13.8996961
      ],
      [
       121.4431581,
       13.8999304
      ],
      [
       121.4429274,
       13.9000919
      ],
      [
       121.4428255,
       13.9001465
      ],
      [
       121.442906,
       13.900446
      ],
      [
       121.4428121,
       13.9005449
      ],
      [
       121.4426436,
       13.9012683
      ],
      [
       121.4425889,
       13.9014662
      ],
      [
       121.4426263,
       13.9016141
      ],
      [
       121.4427839,
       13.9017547
      ],
      [
       121.4429097,
       13.9018669
      ],
      [
       121.4429793,
       13.901973
      ],
      [
       121.4429892,
       13.902142
      ],
      [
       121.4431185,
       13.9022868
      ],
      [
       121.4431682,
       13.9024412
      ],
      [
       121.4432826,
       13.9026005
      ],
      [
       121.443397,
       13.9026971
      ],
      [
       121.4435561,
       13.902755
      ],
      [
       121.4436655,
       13.9028274
      ],
      [
       121.4437997,
       13.903006
      ],
      [
       121.4439688,
       13.9030301
      ],
      [
       121.4442274,
       13.9031315
      ],
      [
       121.4444611,
       13.9033583
      ],
      [
       121.4447047,
       13.9036721
      ],
      [
       121.4448987,
       13.9038265
      ],
      [
       121.4449185,
       13.903952
      ],
      [
       121.4448197,
       13.9041097
      ],
      [
       121.4447635,
       13.9041506
      ],
      [
       121.4447635,
       13.9043418
      ],
      [
       121.4448549,
       13.9045602
      ],
      [
       121.4448549,
       13.9048537
      ],
      [
       121.4450025,
       13.9050312
      ],
      [
       121.4451256,
       13.9050585
      ],
      [
       121.4455686,
       13.9050926
      ],
      [
       121.4459202,
       13.905222
      ],
      [
       121.4462314,
       13.9053276
      ],
      [
       121.4463726,
       13.9054571
      ],
      [
       121.4465025,
       13.9056759
      ],
      [
       121.4464884,
       13.9058773
      ],
      [
       121.4463794,
       13.9059285
      ],
      [
       121.4463085,
       13.9060731
      ],
      [
       121.4462986,
       13.9061435
      ],
      [
       121.4464287,
       13.9061742
      ],
      [
       121.4465651,
       13.9061141
      ],
      [
       121.4467416,
       13.9060275
      ],
      [
       121.446826,
       13.9060271
      ],
      [
       121.4469174,
       13.9061299
      ],
      [
       121.4469385,
       13.9063005
      ],
      [
       121.4467979,
       13.9063893
      ],
      [
       121.4466788,
       13.9064557
      ],
      [
       121.4466857,
       13.9066086
      ],
      [
       121.44678,
       13.9066901
      ],
      [
       121.4469972,
       13.9066747
      ],
      [
       121.4472489,
       13.9066003
      ],
      [
       121.4475664,
       13.9065737
      ],
      [
       121.4476758,
       13.9066587
      ],
      [
       121.4478017,
       13.9068447
      ],
      [
       121.4478181,
       13.9070944
      ],
      [
       121.4477579,
       13.9072697
      ],
      [
       121.4476813,
       13.9074663
      ],
      [
       121.4475992,
       13.9075566
      ],
      [
       121.4475281,
       13.9076735
      ],
      [
       121.4475335,
       13.9077691
      ],
      [
       121.4476485,
       13.9077744
      ],
      [
       121.4477743,
       13.9077
      ],
      [
       121.4478783,
       13.9076203
      ],
      [
       121.4479987,
       13.9076522
      ],
      [
       121.4480316,
       13.9078063
      ],
      [
       121.4480097,
       13.9079391
      ],
      [
       121.4480863,
       13.90804
      ],
      [
       121.4482779,
       13.9080719
      ],
      [
       121.4485488,
       13.9080241
      ],
      [
       121.4488553,
       13.9079763
      ],
      [
       121.4490688,
       13.9080507
      ],
      [
       121.4492658,
       13.9082154
      ],
      [
       121.4493862,
       13.9084172
      ],
      [
       121.4495011,
       13.9086616
      ],
      [
       121.4495559,
       13.9089698
      ],
      [
       121.4498569,
       13.9092035
      ],
      [
       121.4500019,
       13.9092513
      ],
      [
       121.4501661,
       13.909347
      ],
      [
       121.4503522,
       13.9093045
      ],
      [
       121.4504836,
       13.909262
      ],
      [
       121.4506642,
       13.909262
      ],
      [
       121.4507956,
       13.9094054
      ],
      [
       121.4508831,
       13.9097242
      ],
      [
       121.450968,
       13.9100429
      ],
      [
       121.4511103,
       13.9101811
      ],
      [
       121.4513292,
       13.9102767
      ],
      [
       121.4514058,
       13.9104414
      ],
      [
       121.4513183,
       13.9106167
      ],
      [
       121.4511705,
       13.9107602
      ],
      [
       121.4511459,
       13.9110099
      ],
      [
       121.4512608,
       13.9111427
      ],
      [
       121.4513046,
       13.9113074
      ],
      [
       121.4513319,
       13.9115677
      ],
      [
       121.4513593,
       13.9117961
      ],
      [
       121.4513921,
       13.9124071
      ],
      [
       121.4513921,
       13.9125983
      ],
      [
       121.4514086,
       13.9127737
      ],
      [
       121.4515126,
       13.9128533
      ],
      [
       121.4516549,
       13.9128693
      ],
      [
       121.4518683,
       13.9129224
      ],
      [
       121.4522022,
       13.9130977
      ],
      [
       121.452599,
       13.9131615
      ],
      [
       121.452911,
       13.9131562
      ],
      [
       121.4530368,
       13.9133262
      ],
      [
       121.4531354,
       13.9135227
      ],
      [
       121.4533379,
       13.913714
      ],
      [
       121.4536882,
       13.9137937
      ],
      [
       121.4537648,
       13.9139584
      ],
      [
       121.4537374,
       13.9141178
      ],
      [
       121.4536717,
       13.9141921
      ],
      [
       121.4535021,
       13.9143196
      ],
      [
       121.4534364,
       13.9145162
      ],
      [
       121.4534911,
       13.9146703
      ],
      [
       121.4536663,
       13.914649
      ],
      [
       121.4537648,
       13.9145959
      ],
      [
       121.4538633,
       13.9145959
      ],
      [
       121.4539235,
       13.9147446
      ],
      [
       121.4539372,
       13.9149146
      ],
      [
       121.4539427,
       13.9151537
      ],
      [
       121.4540138,
       13.9153237
      ],
      [
       121.4540959,
       13.915329
      ],
      [
       121.4541999,
       13.9152759
      ],
      [
       121.454293,
       13.9152175
      ],
      [
       121.4544188,
       13.9152175
      ],
      [
       121.4545666,
       13.915345
      ],
      [
       121.4545666,
       13.9154725
      ],
      [
       121.4545338,
       13.9155575
      ],
      [
       121.4544134,
       13.9156053
      ],
      [
       121.4543039,
       13.9157381
      ],
      [
       121.4543367,
       13.915839
      ],
      [
       121.4544407,
       13.9159187
      ],
      [
       121.454594,
       13.9159294
      ],
      [
       121.4547199,
       13.9159984
      ],
      [
       121.4547965,
       13.9161419
      ],
      [
       121.4548512,
       13.9163012
      ],
      [
       121.4548239,
       13.9164234
      ],
      [
       121.4547746,
       13.916519
      ],
      [
       121.4548457,
       13.9166094
      ],
      [
       121.4549333,
       13.9167103
      ],
      [
       121.4550428,
       13.9167847
      ],
      [
       121.4552836,
       13.9168166
      ],
      [
       121.4554314,
       13.916875
      ],
      [
       121.4553985,
       13.917045
      ],
      [
       121.4553821,
       13.9171831
      ],
      [
       121.4554478,
       13.9173266
      ],
      [
       121.4555299,
       13.9175391
      ],
      [
       121.4556339,
       13.9176187
      ],
      [
       121.4556941,
       13.9177409
      ],
      [
       121.4556284,
       13.9177834
      ],
      [
       121.4554697,
       13.9177834
      ],
      [
       121.4553876,
       13.9178897
      ],
      [
       121.4553985,
       13.9180172
      ],
      [
       121.4555354,
       13.9181712
      ],
      [
       121.4556448,
       13.9183572
      ],
      [
       121.4558089,
       13.9185745
      ],
      [
       121.4559367,
       13.9185894
      ],
      [
       121.4560389,
       13.9186787
      ],
      [
       121.4561513,
       13.9188225
      ],
      [
       121.4561922,
       13.9189515
      ],
      [
       121.4562433,
       13.9191499
      ],
      [
       121.4561615,
       13.9192242
      ],
      [
       121.4561819,
       13.9193284
      ],
      [
       121.4562688,
       13.9194375
      ],
      [
       121.4562382,
       13.9195665
      ],
      [
       121.4561717,
       13.9196706
      ],
      [
       121.4562228,
       13.9197996
      ],
      [
       121.4563914,
       13.920107
      ],
      [
       121.4566163,
       13.9205236
      ],
      [
       121.4567747,
       13.9206427
      ],
      [
       121.4568973,
       13.9208311
      ],
      [
       121.457071,
       13.9211089
      ],
      [
       121.4571957,
       13.9212458
      ],
      [
       121.4573294,
       13.9213124
      ],
      [
       121.4574739,
       13.9214036
      ],
      [
       121.4576582,
       13.9216666
      ],
      [
       121.457716,
       13.921891
      ],
      [
       121.457717,
       13.9219571
      ],
      [
       121.4577181,
       13.9220383
      ],
      [
       121.4577196,
       13.92214
      ],
      [
       121.4576582,
       13.9223855
      ],
      [
       121.4574721,
       13.9229817
      ],
      [
       121.4574251,
       13.9232377
      ],
      [
       121.4574793,
       13.9233569
      ],
      [
       121.4576058,
       13.9233674
      ],
      [
       121.4576527,
       13.9234341
      ],
      [
       121.4576491,
       13.9235498
      ],
      [
       121.4576672,
       13.9237322
      ],
      [
       121.4577286,
       13.9240337
      ],
      [
       121.4578334,
       13.9241775
      ],
      [
       121.457996,
       13.9242792
      ],
      [
       121.4581983,
       13.924423
      ],
      [
       121.4587589,
       13.9247062
      ],
      [
       121.4590195,
       13.9248401
      ],
      [
       121.4592698,
       13.9249294
      ],
      [
       121.4597757,
       13.9251675
      ],
      [
       121.4600465,
       13.9253162
      ],
      [
       121.4601896,
       13.9255493
      ],
      [
       121.4602355,
       13.9257527
      ],
      [
       121.4601896,
       13.9259163
      ],
      [
       121.4600618,
       13.9260106
      ],
      [
       121.4599698,
       13.9261891
      ],
      [
       121.4599954,
       13.926318
      ],
      [
       121.4600363,
       13.9264123
      ],
      [
       121.4602632,
       13.9266369
      ],
      [
       121.4604165,
       13.9268239
      ],
      [
       121.4604382,
       13.9270605
      ],
      [
       121.4604028,
       13.927236
      ],
      [
       121.4603124,
       13.9273276
      ],
      [
       121.4602337,
       13.9274001
      ],
      [
       121.4602416,
       13.9275337
      ],
      [
       121.4602829,
       13.9277207
      ],
      [
       121.4603536,
       13.9278008
      ],
      [
       121.4605148,
       13.927942
      ],
      [
       121.4606013,
       13.928087
      ],
      [
       121.4605777,
       13.9282702
      ],
      [
       121.4605109,
       13.9285259
      ],
      [
       121.4603694,
       13.9287434
      ],
      [
       121.4601983,
       13.9290105
      ],
      [
       121.4601669,
       13.9291212
      ],
      [
       121.4601747,
       13.9292777
      ],
      [
       121.460218,
       13.929457
      ],
      [
       121.4602888,
       13.9295753
      ],
      [
       121.4604224,
       13.929644
      ],
      [
       121.4605561,
       13.9296249
      ],
      [
       121.4606898,
       13.929583
      ],
      [
       121.4607842,
       13.9296287
      ],
      [
       121.4608431,
       13.9297623
      ],
      [
       121.4609336,
       13.9299379
      ],
      [
       121.460965,
       13.9301821
      ],
      [
       121.4610358,
       13.9303538
      ],
      [
       121.4610555,
       13.93064
      ],
      [
       121.4610246,
       13.9308823
      ],
      [
       121.4609701,
       13.9310321
      ],
      [
       121.4609673,
       13.9311836
      ],
      [
       121.4612279,
       13.9313943
      ],
      [
       121.4613451,
       13.9315713
      ],
      [
       121.4614533,
       13.9317564
      ],
      [
       121.4615152,
       13.9320265
      ],
      [
       121.4615152,
       13.9323267
      ],
      [
       121.4615152,
       13.9325157
      ],
      [
       121.4615534,
       13.9327315
      ],
      [
       121.4615243,
       13.9328589
      ],
      [
       121.4612449,
       13.9331598
      ],
      [
       121.4611006,
       13.933405
      ],
      [
       121.460982,
       13.9336651
      ],
      [
       121.4607861,
       13.9338752
      ],
      [
       121.460616,
       13.9340053
      ],
      [
       121.4605233,
       13.9340903
      ],
      [
       121.4604717,
       13.9342404
      ],
      [
       121.4605026,
       13.9343755
      ],
      [
       121.4607088,
       13.9348107
      ],
      [
       121.4610284,
       13.935361
      ],
      [
       121.4611057,
       13.9354586
      ],
      [
       121.4611856,
       13.9355161
      ],
      [
       121.4612371,
       13.9355786
      ],
      [
       121.4612732,
       13.9356412
      ],
      [
       121.4612114,
       13.9357512
      ],
      [
       121.4609653,
       13.935936
      ],
      [
       121.4608341,
       13.935989
      ],
      [
       121.4607065,
       13.9360244
      ],
      [
       121.4605716,
       13.9360739
      ],
      [
       121.4605024,
       13.9361624
      ],
      [
       121.4604842,
       13.9362331
      ],
      [
       121.4605243,
       13.9364312
      ],
      [
       121.4606482,
       13.9367531
      ],
      [
       121.4608081,
       13.9372131
      ],
      [
       121.4608597,
       13.9375033
      ],
      [
       121.4608803,
       13.9378535
      ],
      [
       121.4608648,
       13.9381836
      ],
      [
       121.4609112,
       13.9385688
      ],
      [
       121.4610504,
       13.938909
      ],
      [
       121.4612256,
       13.9393743
      ],
      [
       121.4614164,
       13.9395544
      ],
      [
       121.4615968,
       13.9397295
      ],
      [
       121.4617411,
       13.9398295
      ],
      [
       121.4617669,
       13.9400796
      ],
      [
       121.4617256,
       13.9403048
      ],
      [
       121.4616432,
       13.9404348
      ],
      [
       121.4616019,
       13.94072
      ],
      [
       121.4616225,
       13.9409301
      ],
      [
       121.4616792,
       13.9412402
      ],
      [
       121.4616792,
       13.9415604
      ],
      [
       121.4617159,
       13.9419342
      ],
      [
       121.4617631,
       13.9421174
      ],
      [
       121.4617867,
       13.9423005
      ],
      [
       121.4617552,
       13.9425142
      ],
      [
       121.4615979,
       13.9427355
      ],
      [
       121.4614643,
       13.9429111
      ],
      [
       121.461307,
       13.9432927
      ],
      [
       121.4611576,
       13.9437429
      ],
      [
       121.4611104,
       13.9440482
      ],
      [
       121.4611261,
       13.9443306
      ],
      [
       121.4612441,
       13.9447046
      ],
      [
       121.4614171,
       13.9451625
      ],
      [
       121.4616294,
       13.9457043
      ],
      [
       121.4616608,
       13.9458951
      ],
      [
       121.4615901,
       13.9461622
      ],
      [
       121.4615429,
       13.9463759
      ],
      [
       121.4614407,
       13.9465896
      ],
      [
       121.4614957,
       13.9468186
      ],
      [
       121.4615822,
       13.947017
      ],
      [
       121.4617177,
       13.9472566
      ],
      [
       121.4618512,
       13.947343
      ],
      [
       121.4621848,
       13.9473052
      ],
      [
       121.4623849,
       13.9472944
      ],
      [
       121.4625128,
       13.9474077
      ],
      [
       121.4626185,
       13.9475157
      ],
      [
       121.4626741,
       13.9476776
      ],
      [
       121.4627186,
       13.9478125
      ],
      [
       121.4626185,
       13.9479474
      ],
      [
       121.4624739,
       13.9480445
      ],
      [
       121.4623905,
       13.948201
      ],
      [
       121.4623794,
       13.9483953
      ],
      [
       121.4624406,
       13.9486867
      ],
      [
       121.4624183,
       13.9488756
      ],
      [
       121.4623071,
       13.9490914
      ],
      [
       121.4622849,
       13.9492857
      ],
      [
       121.4622126,
       13.9494638
      ],
      [
       121.4622404,
       13.9496742
      ],
      [
       121.4623238,
       13.9498469
      ],
      [
       121.4624183,
       13.9500088
      ],
      [
       121.462485,
       13.9501545
      ],
      [
       121.4626963,
       13.9505862
      ],
      [
       121.4627964,
       13.9508668
      ],
      [
       121.4628658,
       13.9511976
      ],
      [
       121.4628845,
       13.9514359
      ],
      [
       121.4628177,
       13.9517183
      ],
      [
       121.4628845,
       13.9519739
      ],
      [
       121.46294,
       13.9522999
      ],
      [
       121.462947,
       13.9524364
      ],
      [
       121.4631228,
       13.9527094
      ],
      [
       121.463376,
       13.953153
      ],
      [
       121.4636643,
       13.9535898
      ],
      [
       121.4638823,
       13.9538286
      ],
      [
       121.4639034,
       13.9539856
      ],
      [
       121.4638542,
       13.9541221
      ],
      [
       121.4637206,
       13.9542518
      ],
      [
       121.4636362,
       13.9543883
      ],
      [
       121.4636573,
       13.9545316
      ],
      [
       121.4638331,
       13.9547363
      ],
      [
       121.464037,
       13.9549206
      ],
      [
       121.4642128,
       13.9551048
      ],
      [
       121.4643886,
       13.9553028
      ],
      [
       121.4644871,
       13.955412
      ],
      [
       121.4645222,
       13.9555689
      ],
      [
       121.4645293,
       13.9557737
      ],
      [
       121.4646066,
       13.9560125
      ],
      [
       121.4648809,
       13.9564971
      ],
      [
       121.4650989,
       13.9569065
      ],
      [
       121.4655454,
       13.9574662
      ],
      [
       121.4657001,
       13.9577391
      ],
      [
       121.4657142,
       13.9579916
      ],
      [
       121.4656509,
       13.9582169
      ],
      [
       121.4656228,
       13.9584489
      ],
      [
       121.4656368,
       13.9588993
      ],
      [
       121.4657845,
       13.9593429
      ],
      [
       121.4659603,
       13.9596909
      ],
      [
       121.4661291,
       13.9598479
      ],
      [
       121.4662693,
       13.9599195
      ],
      [
       121.4665193,
       13.9604877
      ],
      [
       121.4665229,
       13.9606054
      ],
      [
       121.4664526,
       13.9609125
      ],
      [
       121.4664315,
       13.961281
      ],
      [
       121.4663865,
       13.9616215
      ],
      [
       121.4663057,
       13.9618421
      ],
      [
       121.4662047,
       13.9620774
      ],
      [
       121.4661946,
       13.9622734
      ],
      [
       121.4662501,
       13.9624793
      ],
      [
       121.4663563,
       13.9625894
      ],
      [
       121.4663705,
       13.9627419
      ],
      [
       121.4663098,
       13.9631197
      ],
      [
       121.466267,
       13.9634039
      ],
      [
       121.4662884,
       13.9637644
      ],
      [
       121.4664741,
       13.9642156
      ],
      [
       121.466567,
       13.9645969
      ],
      [
       121.4668206,
       13.9649296
      ],
      [
       121.4669549,
       13.9651823
      ],
      [
       121.4669835,
       13.9654214
      ],
      [
       121.4670621,
       13.9655254
      ],
      [
       121.4671799,
       13.965768
      ],
      [
       121.4673585,
       13.9660349
      ],
      [
       121.4675264,
       13.9663735
      ],
      [
       121.46758,
       13.9665919
      ],
      [
       121.4675585,
       13.9667513
      ],
      [
       121.4675264,
       13.9668379
      ],
      [
       121.4675764,
       13.9669315
      ],
      [
       121.467755,
       13.967091
      ],
      [
       121.4679632,
       13.9672869
      ],
      [
       121.4682989,
       13.9677011
      ],
      [
       121.4686561,
       13.9679992
      ],
      [
       121.4689275,
       13.9682764
      ],
      [
       121.4693111,
       13.9686265
      ],
      [
       121.4694253,
       13.9688156
      ],
      [
       121.4692506,
       13.9690177
      ],
      [
       121.4692103,
       13.9694089
      ],
      [
       121.4694858,
       13.9698784
      ],
      [
       121.4696739,
       13.9702826
      ],
      [
       121.4696135,
       13.9705695
      ],
      [
       121.4700972,
       13.9714562
      ],
      [
       121.4706885,
       13.972669
      ],
      [
       121.4709035,
       13.9730602
      ],
      [
       121.4713872,
       13.973973
      ],
      [
       121.4716762,
       13.9746119
      ],
      [
       121.4718038,
       13.9750292
      ],
      [
       121.4721599,
       13.9757595
      ],
      [
       121.4729729,
       13.976907
      ],
      [
       121.4665616,
       13.9787582
      ],
      [
       121.4658135,
       13.9803381
      ],
      [
       121.464526,
       13.9825453
      ],
      [
       121.4630025,
       13.9853978
      ],
      [
       121.4619933,
       13.987477
      ],
      [
       121.4622421,
       13.9876998
      ],
      [
       121.4623857,
       13.987901
      ],
      [
       121.4626249,
       13.9879908
      ],
      [
       121.4627525,
       13.9884334
      ],
      [
       121.4629152,
       13.9887522
      ],
      [
       121.4631193,
       13.9889038
      ],
      [
       121.4633649,
       13.9891329
      ],
      [
       121.4635627,
       13.9893248
      ],
      [
       121.4636839,
       13.9896498
      ],
      [
       121.4638338,
       13.9898881
      ],
      [
       121.46377,
       13.9902347
      ],
      [
       121.4637285,
       13.990569
      ],
      [
       121.4638466,
       13.9909188
      ],
      [
       121.4640379,
       13.9910549
      ],
      [
       121.4642229,
       13.9913242
      ],
      [
       121.464341,
       13.9917513
      ],
      [
       121.4644494,
       13.9918597
      ],
      [
       121.4646248,
       13.9918782
      ],
      [
       121.4649311,
       13.9917637
      ],
      [
       121.465553,
       13.9916399
      ],
      [
       121.4663281,
       13.9918163
      ],
      [
       121.4665036,
       13.9919092
      ],
      [
       121.4669214,
       13.9920701
      ],
      [
       121.4672213,
       13.9922372
      ],
      [
       121.4674477,
       13.9924477
      ],
      [
       121.4676678,
       13.9928284
      ],
      [
       121.4676527,
       13.9931811
      ],
      [
       121.4677635,
       13.9934846
      ],
      [
       121.4679677,
       13.9936672
      ],
      [
       121.4681846,
       13.9938281
      ],
      [
       121.4683855,
       13.9940509
      ],
      [
       121.4686279,
       13.9943171
      ],
      [
       121.4688735,
       13.9946947
      ],
      [
       121.4688576,
       13.9947907
      ],
      [
       121.468663,
       13.9949361
      ],
      [
       121.4684461,
       13.9950104
      ],
      [
       121.4683472,
       13.9951002
      ],
      [
       121.4682675,
       13.9954128
      ],
      [
       121.4681877,
       13.9956789
      ],
      [
       121.4680602,
       13.9957749
      ],
      [
       121.4678656,
       13.9959977
      ],
      [
       121.4676933,
       13.9961834
      ],
      [
       121.4674988,
       13.9965115
      ],
      [
       121.467419,
       13.9969231
      ],
      [
       121.4672276,
       13.9972914
      ],
      [
       121.4671383,
       13.9977216
      ],
      [
       121.467183,
       13.997994
      ],
      [
       121.4672149,
       13.9981921
      ],
      [
       121.4672723,
       13.9985542
      ],
      [
       121.4674286,
       13.9992413
      ],
      [
       121.4674701,
       13.9995415
      ],
      [
       121.4672978,
       13.9999129
      ],
      [
       121.4671288,
       14.0003431
      ],
      [
       121.4671224,
       14.0007949
      ],
      [
       121.4671288,
       14.0010363
      ],
      [
       121.4669852,
       14.0011973
      ],
      [
       121.4668736,
       14.001287
      ],
      [
       121.4667779,
       14.0014325
      ],
      [
       121.4668066,
       14.0015841
      ],
      [
       121.466931,
       14.0016956
      ],
      [
       121.4671575,
       14.0017667
      ],
      [
       121.4673265,
       14.0017853
      ],
      [
       121.4675307,
       14.0017451
      ],
      [
       121.4678592,
       14.0017482
      ],
      [
       121.468108,
       14.0016925
      ],
      [
       121.4682611,
       14.0016956
      ],
      [
       121.468427,
       14.0018348
      ],
      [
       121.4684557,
       14.0019989
      ],
      [
       121.4683951,
       14.0022279
      ],
      [
       121.468344,
       14.0024693
      ],
      [
       121.4683313,
       14.0026921
      ],
      [
       121.4682994,
       14.0028562
      ],
      [
       121.4683472,
       14.0031161
      ],
      [
       121.4684652,
       14.0032832
      ],
      [
       121.4685737,
       14.0033637
      ],
      [
       121.4687045,
       14.0034194
      ],
      [
       121.4688544,
       14.0035989
      ],
      [
       121.4688576,
       14.0037537
      ],
      [
       121.468915,
       14.0038558
      ],
      [
       121.4690809,
       14.0039951
      ],
      [
       121.4691351,
       14.0040694
      ],
      [
       121.4692722,
       14.0041684
      ],
      [
       121.469419,
       14.0041932
      ],
      [
       121.4695083,
       14.0042086
      ],
      [
       121.4696805,
       14.0043943
      ],
      [
       121.4698496,
       14.0045274
      ],
      [
       121.4701335,
       14.0045676
      ],
      [
       121.4703791,
       14.0045274
      ],
      [
       121.4707267,
       14.0046419
      ],
      [
       121.4708862,
       14.0047193
      ],
      [
       121.4709947,
       14.0048555
      ],
      [
       121.4710808,
       14.0050752
      ],
      [
       121.4712084,
       14.005363
      ],
      [
       121.4712435,
       14.0054806
      ],
      [
       121.4712819,
       14.005516
      ],
      [
       121.4713711,
       14.0055982
      ],
      [
       121.4714604,
       14.0056447
      ],
      [
       121.4716294,
       14.0056199
      ],
      [
       121.4717506,
       14.0056199
      ],
      [
       121.4720154,
       14.0057746
      ],
      [
       121.4720505,
       14.0058861
      ],
      [
       121.4721589,
       14.0060098
      ],
      [
       121.4722482,
       14.0061739
      ],
      [
       121.4722482,
       14.0064957
      ],
      [
       121.4723407,
       14.006536
      ],
      [
       121.4724428,
       14.0066103
      ],
      [
       121.4726087,
       14.0067526
      ],
      [
       121.4730201,
       14.0070219
      ],
      [
       121.4731509,
       14.0070776
      ],
      [
       121.4733168,
       14.0070714
      ],
      [
       121.4734858,
       14.0070219
      ],
      [
       121.4736836,
       14.007059
      ],
      [
       121.4738303,
       14.007158
      ],
      [
       121.4738814,
       14.0073468
      ],
      [
       121.4739228,
       14.0075697
      ],
      [
       121.4740281,
       14.0078791
      ],
      [
       121.4739452,
       14.0080803
      ],
      [
       121.4739579,
       14.0082505
      ],
      [
       121.4740504,
       14.008396
      ],
      [
       121.4741971,
       14.00843
      ],
      [
       121.4745129,
       14.0085569
      ],
      [
       121.4747043,
       14.0087055
      ],
      [
       121.4748096,
       14.008854
      ],
      [
       121.4748032,
       14.0090026
      ],
      [
       121.4748032,
       14.0092037
      ],
      [
       121.4747298,
       14.0093585
      ],
      [
       121.474749,
       14.0095256
      ],
      [
       121.4748223,
       14.0096587
      ],
      [
       121.4749722,
       14.0097887
      ],
      [
       121.4751541,
       14.0098444
      ],
      [
       121.4752051,
       14.0099743
      ],
      [
       121.4751572,
       14.0100362
      ],
      [
       121.4752083,
       14.0101941
      ],
      [
       121.4752147,
       14.0102807
      ],
      [
       121.475304,
       14.0103426
      ],
      [
       121.4754698,
       14.0103921
      ],
      [
       121.4756102,
       14.0105128
      ],
      [
       121.4757537,
       14.010779
      ],
      [
       121.475792,
       14.010878
      ],
      [
       121.4757505,
       14.0110885
      ],
      [
       121.475843,
       14.0111906
      ],
      [
       121.4759898,
       14.0112618
      ],
      [
       121.4761716,
       14.0112896
      ],
      [
       121.4763023,
       14.0113423
      ],
      [
       121.4763151,
       14.0114506
      ],
      [
       121.4764873,
       14.0115341
      ],
      [
       121.4766724,
       14.0116424
      ],
      [
       121.476768,
       14.0117941
      ],
      [
       121.4768063,
       14.0118777
      ],
      [
       121.4769148,
       14.0119117
      ],
      [
       121.4770966,
       14.0119798
      ],
      [
       121.477288,
       14.0120572
      ],
      [
       121.4775687,
       14.0121778
      ],
      [
       121.4778015,
       14.0123264
      ],
      [
       121.4779801,
       14.0124904
      ],
      [
       121.4786961,
       14.0141881
      ],
      [
       121.4797746,
       14.0162425
      ],
      [
       121.4803782,
       14.0188921
      ],
      [
       121.4806903,
       14.0217939
      ],
      [
       121.4799285,
       14.0221933
      ],
      [
       121.4793513,
       14.0235428
      ],
      [
       121.4784845,
       14.0239661
      ],
      [
       121.4778294,
       14.0241689
      ],
      [
       121.4774279,
       14.0247336
      ],
      [
       121.4773986,
       14.0250935
      ],
      [
       121.4774839,
       14.0254173
      ],
      [
       121.4772508,
       14.0257498
      ],
      [
       121.4773974,
       14.0262646
      ],
      [
       121.477782,
       14.0269365
      ],
      [
       121.47835,
       14.0272283
      ],
      [
       121.4788393,
       14.0276132
      ],
      [
       121.478878,
       14.02785
      ],
      [
       121.4789304,
       14.0281711
      ],
      [
       121.479013,
       14.0288124
      ],
      [
       121.4789926,
       14.0293428
      ],
      [
       121.4786796,
       14.0298747
      ],
      [
       121.4784845,
       14.0302127
      ],
      [
       121.4788451,
       14.0309969
      ],
      [
       121.4794739,
       14.031362
      ],
      [
       121.48015,
       14.0320893
      ],
      [
       121.4804351,
       14.0323959
      ],
      [
       121.4803419,
       14.0335122
      ],
      [
       121.4800731,
       14.0341997
      ],
      [
       121.4794779,
       14.0342474
      ],
      [
       121.4790465,
       14.0346806
      ],
      [
       121.4787783,
       14.0360555
      ],
      [
       121.4788883,
       14.0364092
      ],
      [
       121.4791904,
       14.0373806
      ],
      [
       121.4806722,
       14.0385952
      ],
      [
       121.4815463,
       14.0407687
      ],
      [
       121.4819281,
       14.0417182
      ],
      [
       121.4833466,
       14.0424348
      ],
      [
       121.483397,
       14.042483
      ],
      [
       121.4839903,
       14.0430499
      ],
      [
       121.4839842,
       14.0432836
      ],
      [
       121.4839517,
       14.0445373
      ],
      [
       121.4837993,
       14.0451383
      ],
      [
       121.4836889,
       14.0455739
      ],
      [
       121.4832061,
       14.0464544
      ],
      [
       121.4833445,
       14.0470581
      ],
      [
       121.4835913,
       14.0474056
      ],
      [
       121.483664,
       14.047508
      ],
      [
       121.4837694,
       14.0476563
      ],
      [
       121.4837369,
       14.0489981
      ],
      [
       121.4841548,
       14.0498131
      ],
      [
       121.4847937,
       14.0504623
      ],
      [
       121.4852238,
       14.0508759
      ],
      [
       121.4857872,
       14.0514177
      ],
      [
       121.4864878,
       14.0527489
      ],
      [
       121.4872616,
       14.0534505
      ],
      [
       121.4875201,
       14.0539747
      ]
     ]
    ]
   }
  },
  {
   "type": "Feature",
   "properties": {
    "name": "Tayabas",
    "osm_id": 16862795,
    "admin_level": "6",
    "region": "calabarzon",
    "franchise": "Multiple (BATELEC, FLECO, QUEZELCO et al)"
   },
   "geometry": {
    "type": "Polygon",
    "coordinates": [
     [
      [
       121.5887253,
       14.0631391
      ],
      [
       121.5930104,
       14.0675872
      ],
      [
       121.6017866,
       14.0704804
      ],
      [
       121.6119574,
       14.086798
      ],
      [
       121.6340589,
       14.094207
      ],
      [
       121.6638957,
       14.0883485
      ],
      [
       121.6789912,
       14.0896284
      ],
      [
       121.7270155,
       14.090599
      ],
      [
       121.7299509,
       14.0896167
      ],
      [
       121.7351007,
       14.0925803
      ],
      [
       121.7405767,
       14.0931464
      ],
      [
       121.7459211,
       14.0742793
      ],
      [
       121.7166237,
       14.0662858
      ],
      [
       121.7116996,
       14.0578638
      ],
      [
       121.7107763,
       14.0542812
      ],
      [
       121.7072424,
       14.0498594
      ],
      [
       121.702399,
       14.0450135
      ],
      [
       121.7004475,
       14.0419395
      ],
      [
       121.6976796,
       14.0335064
      ],
      [
       121.6932212,
       14.0320934
      ],
      [
       121.6848671,
       14.0314654
      ],
      [
       121.6709404,
       14.0276147
      ],
      [
       121.6656181,
       14.0232646
      ],
      [
       121.6634961,
       14.0210676
      ],
      [
       121.661016,
       14.0216368
      ],
      [
       121.655716,
       14.0196543
      ],
      [
       121.6558984,
       14.0168243
      ],
      [
       121.6543489,
       14.0142686
      ],
      [
       121.6536858,
       14.0100488
      ],
      [
       121.6513477,
       14.007686
      ],
      [
       121.6503686,
       14.0055518
      ],
      [
       121.6505655,
       14.0047392
      ],
      [
       121.6467726,
       14.0000353
      ],
      [
       121.6434146,
       13.9959107
      ],
      [
       121.6414582,
       13.9975345
      ],
      [
       121.6385685,
       13.9966917
      ],
      [
       121.6370297,
       13.9934442
      ],
      [
       121.6382489,
       13.9886194
      ],
      [
       121.6380715,
       13.9871472
      ],
      [
       121.6388135,
       13.9858966
      ],
      [
       121.6383719,
       13.983899
      ],
      [
       121.6375801,
       13.9823344
      ],
      [
       121.6330129,
       13.9767675
      ],
      [
       121.6329432,
       13.9769184
      ],
      [
       121.6327313,
       13.9770329
      ],
      [
       121.6324952,
       13.9772203
      ],
      [
       121.6323343,
       13.9773687
      ],
      [
       121.6322806,
       13.9775665
      ],
      [
       121.632337,
       13.9776628
      ],
      [
       121.6320795,
       13.978251
      ],
      [
       121.6304326,
       13.979188
      ],
      [
       121.629467,
       13.9782927
      ],
      [
       121.6281956,
       13.9799428
      ],
      [
       121.6275626,
       13.9801719
      ],
      [
       121.626758,
       13.9813379
      ],
      [
       121.6263449,
       13.981442
      ],
      [
       121.6262805,
       13.9817908
      ],
      [
       121.6249019,
       13.9820146
      ],
      [
       121.6250038,
       13.9826029
      ],
      [
       121.6239524,
       13.9826185
      ],
      [
       121.623432,
       13.9831442
      ],
      [
       121.6217261,
       13.9846174
      ],
      [
       121.6213614,
       13.9842374
      ],
      [
       121.6208464,
       13.9846226
      ],
      [
       121.6188884,
       13.9841853
      ],
      [
       121.6186738,
       13.9850859
      ],
      [
       121.6182446,
       13.9854789
      ],
      [
       121.6183439,
       13.9864132
      ],
      [
       121.6168606,
       13.9879905
      ],
      [
       121.6162491,
       13.9885266
      ],
      [
       121.6156983,
       13.9886448
      ],
      [
       121.6155288,
       13.9882742
      ],
      [
       121.6151501,
       13.9881888
      ],
      [
       121.6146727,
       13.9884038
      ],
      [
       121.6142526,
       13.9884923
      ],
      [
       121.6138015,
       13.9883325
      ],
      [
       121.613691,
       13.9879739
      ],
      [
       121.6140568,
       13.9874908
      ],
      [
       121.6150664,
       13.986772
      ],
      [
       121.6157965,
       13.9861801
      ],
      [
       121.6159499,
       13.9856721
      ],
      [
       121.6158893,
       13.9852296
      ],
      [
       121.6154012,
       13.9848283
      ],
      [
       121.6151351,
       13.984619
      ],
      [
       121.6149817,
       13.9837736
      ],
      [
       121.6146662,
       13.9830246
      ],
      [
       121.6140284,
       13.9826284
      ],
      [
       121.6125119,
       13.9823718
      ],
      [
       121.6123499,
       13.9818835
      ],
      [
       121.612566,
       13.9812646
      ],
      [
       121.6113165,
       13.9809813
      ],
      [
       121.6112783,
       13.980777
      ],
      [
       121.6108726,
       13.980898
      ],
      [
       121.6107478,
       13.9808837
      ],
      [
       121.610552,
       13.9809384
      ],
      [
       121.610528,
       13.9807843
      ],
      [
       121.6105149,
       13.9809218
      ],
      [
       121.61049,
       13.9807634
      ],
      [
       121.609915,
       13.9808876
      ],
      [
       121.6099352,
       13.9806716
      ],
      [
       121.6091831,
       13.9809005
      ],
      [
       121.6089872,
       13.9806088
      ],
      [
       121.6090221,
       13.9802154
      ],
      [
       121.6091054,
       13.9799341
      ],
      [
       121.6092155,
       13.9796891
      ],
      [
       121.6093095,
       13.979452
      ],
      [
       121.6092933,
       13.9792331
      ],
      [
       121.6091429,
       13.9787301
      ],
      [
       121.6089844,
       13.9783
      ],
      [
       121.6088449,
       13.9778389
      ],
      [
       121.6087159,
       13.9771952
      ],
      [
       121.6086342,
       13.9761574
      ],
      [
       121.6086505,
       13.9758624
      ],
      [
       121.6087042,
       13.9751826
      ],
      [
       121.6088678,
       13.9746961
      ],
      [
       121.6089343,
       13.974475
      ],
      [
       121.6090482,
       13.9743092
      ],
      [
       121.6091906,
       13.9741525
      ],
      [
       121.6093615,
       13.9740236
      ],
      [
       121.6095134,
       13.9738761
      ],
      [
       121.6096463,
       13.9737195
      ],
      [
       121.6098457,
       13.9733694
      ],
      [
       121.6100356,
       13.9729917
      ],
      [
       121.6100736,
       13.9727982
      ],
      [
       121.6100736,
       13.9726047
      ],
      [
       121.6099691,
       13.9724389
      ],
      [
       121.6097887,
       13.9723836
      ],
      [
       121.6091716,
       13.972227
      ],
      [
       121.6087919,
       13.9722362
      ],
      [
       121.6082507,
       13.972485
      ],
      [
       121.6080323,
       13.9725494
      ],
      [
       121.6078519,
       13.9726416
      ],
      [
       121.6077,
       13.9727521
      ],
      [
       121.6075671,
       13.9728811
      ],
      [
       121.6073013,
       13.9731759
      ],
      [
       121.606988,
       13.9733971
      ],
      [
       121.6068076,
       13.9734339
      ],
      [
       121.6063234,
       13.9734039
      ],
      [
       121.6060484,
       13.9733189
      ],
      [
       121.6060163,
       13.9731607
      ],
      [
       121.6060448,
       13.9729359
      ],
      [
       121.6060869,
       13.9726749
      ],
      [
       121.606233,
       13.9719702
      ],
      [
       121.6062508,
       13.9717663
      ],
      [
       121.6061766,
       13.9715821
      ],
      [
       121.6061864,
       13.9714266
      ],
      [
       121.6061674,
       13.9712331
      ],
      [
       121.6061674,
       13.9708462
      ],
      [
       121.6062339,
       13.9706527
      ],
      [
       121.606361,
       13.9704505
      ],
      [
       121.6064658,
       13.9702967
      ],
      [
       121.6065228,
       13.9701124
      ],
      [
       121.6067411,
       13.9696381
      ],
      [
       121.6068835,
       13.9693985
      ],
      [
       121.6069785,
       13.9691313
      ],
      [
       121.607007,
       13.9689194
      ],
      [
       121.6069025,
       13.9687628
      ],
      [
       121.6066272,
       13.9686707
      ],
      [
       121.6063804,
       13.9686891
      ],
      [
       121.6062,
       13.9687628
      ],
      [
       121.6060196,
       13.9688089
      ],
      [
       121.6056866,
       13.9688148
      ],
      [
       121.6056299,
       13.9693022
      ],
      [
       121.6050052,
       13.9699998
      ],
      [
       121.6046439,
       13.9709242
      ],
      [
       121.6046657,
       13.9719875
      ],
      [
       121.6046576,
       13.9729816
      ],
      [
       121.6043414,
       13.9735899
      ],
      [
       121.6039798,
       13.9740785
      ],
      [
       121.6034777,
       13.9746465
      ],
      [
       121.6029902,
       13.9753393
      ],
      [
       121.602473,
       13.9758641
      ],
      [
       121.6019294,
       13.9763114
      ],
      [
       121.6010291,
       13.9769028
      ],
      [
       121.6009954,
       13.9766711
      ],
      [
       121.6009068,
       13.9757029
      ],
      [
       121.6006333,
       13.9756456
      ],
      [
       121.6004616,
       13.9753932
      ],
      [
       121.6004052,
       13.9748361
      ],
      [
       121.5995765,
       13.9742219
      ],
      [
       121.5998071,
       13.9739929
      ],
      [
       121.5992975,
       13.9735139
      ],
      [
       121.5989863,
       13.9737482
      ],
      [
       121.5982676,
       13.9727565
      ],
      [
       121.5987423,
       13.9724338
      ],
      [
       121.5987771,
       13.971973
      ],
      [
       121.5983051,
       13.9714368
      ],
      [
       121.5974844,
       13.9709476
      ],
      [
       121.5969613,
       13.9704322
      ],
      [
       121.5956604,
       13.968709
      ],
      [
       121.5953761,
       13.967897
      ],
      [
       121.5944695,
       13.968558
      ],
      [
       121.594035,
       13.9678918
      ],
      [
       121.5942228,
       13.9677095
      ],
      [
       121.5927744,
       13.9654658
      ],
      [
       121.5920985,
       13.9649973
      ],
      [
       121.5918142,
       13.9657053
      ],
      [
       121.5912026,
       13.966127
      ],
      [
       121.5911865,
       13.9664549
      ],
      [
       121.5908056,
       13.9668349
      ],
      [
       121.5905321,
       13.9666007
      ],
      [
       121.5899903,
       13.9670276
      ],
      [
       121.5898883,
       13.9673816
      ],
      [
       121.589486,
       13.9676002
      ],
      [
       121.5888637,
       13.967746
      ],
      [
       121.5886599,
       13.9679854
      ],
      [
       121.5882308,
       13.968251
      ],
      [
       121.5875012,
       13.9680843
      ],
      [
       121.5847438,
       13.9692921
      ],
      [
       121.5844917,
       13.968683
      ],
      [
       121.5847063,
       13.9681781
      ],
      [
       121.5853554,
       13.9675534
      ],
      [
       121.5850872,
       13.9670693
      ],
      [
       121.5859723,
       13.9665643
      ],
      [
       121.5857416,
       13.9659968
      ],
      [
       121.5849745,
       13.9666059
      ],
      [
       121.5845024,
       13.9658406
      ],
      [
       121.5841002,
       13.9666164
      ],
      [
       121.5833866,
       13.965825
      ],
      [
       121.5836656,
       13.9656376
      ],
      [
       121.5831346,
       13.96475
      ],
      [
       121.5826464,
       13.9650233
      ],
      [
       121.5820026,
       13.9642008
      ],
      [
       121.5814715,
       13.9646537
      ],
      [
       121.580986,
       13.9644064
      ],
      [
       121.5812034,
       13.9638363
      ],
      [
       121.5810102,
       13.963524
      ],
      [
       121.5804416,
       13.9638702
      ],
      [
       121.5802619,
       13.9636789
      ],
      [
       121.5786017,
       13.9637687
      ],
      [
       121.578058,
       13.9635463
      ],
      [
       121.5777987,
       13.9637193
      ],
      [
       121.5776825,
       13.9636389
      ],
      [
       121.5776279,
       13.9636422
      ],
      [
       121.5771988,
       13.9628221
      ],
      [
       121.577055,
       13.9625472
      ],
      [
       121.5769799,
       13.9624112
      ],
      [
       121.5769393,
       13.9623094
      ],
      [
       121.5768804,
       13.96209
      ],
      [
       121.5768411,
       13.9619233
      ],
      [
       121.5766409,
       13.9616837
      ],
      [
       121.5757853,
       13.961741
      ],
      [
       121.5759301,
       13.961538
      ],
      [
       121.5759033,
       13.9613167
      ],
      [
       121.5762681,
       13.9611033
      ],
      [
       121.5750639,
       13.9597508
      ],
      [
       121.5751364,
       13.9596217
      ],
      [
       121.5751957,
       13.9594509
      ],
      [
       121.5752082,
       13.9593498
      ],
      [
       121.5752228,
       13.959267
      ],
      [
       121.5752686,
       13.9592124
      ],
      [
       121.5753665,
       13.9591922
      ],
      [
       121.5754976,
       13.959176
      ],
      [
       121.5755872,
       13.9591336
      ],
      [
       121.5756518,
       13.9590568
      ],
      [
       121.5757642,
       13.9589214
      ],
      [
       121.5758466,
       13.9586748
      ],
      [
       121.5747465,
       13.9578896
      ],
      [
       121.5729655,
       13.9563069
      ],
      [
       121.5726222,
       13.9565568
      ],
      [
       121.5718629,
       13.9558352
      ],
      [
       121.5715882,
       13.9556019
      ],
      [
       121.5704852,
       13.9544968
      ],
      [
       121.5709841,
       13.9538305
      ],
      [
       121.5700614,
       13.9527892
      ],
      [
       121.5691334,
       13.9522842
      ],
      [
       121.5686613,
       13.9529714
      ],
      [
       121.5676513,
       13.9523069
      ],
      [
       121.5666294,
       13.9515677
      ],
      [
       121.5656944,
       13.952748
      ],
      [
       121.564609,
       13.9519181
      ],
      [
       121.5642342,
       13.9504669
      ],
      [
       121.5636219,
       13.9500747
      ],
      [
       121.5635916,
       13.9500596
      ],
      [
       121.5634317,
       13.9503155
      ],
      [
       121.5628546,
       13.9499937
      ],
      [
       121.5627304,
       13.9501403
      ],
      [
       121.5623164,
       13.9498219
      ],
      [
       121.5627551,
       13.9489991
      ],
      [
       121.5602875,
       13.9479371
      ],
      [
       121.5554622,
       13.9449254
      ],
      [
       121.5553013,
       13.9455085
      ],
      [
       121.5550835,
       13.9456673
      ],
      [
       121.5546758,
       13.946063
      ],
      [
       121.5546039,
       13.9463519
      ],
      [
       121.5548292,
       13.9469559
      ],
      [
       121.5549794,
       13.9473932
      ],
      [
       121.5550652,
       13.9475598
      ],
      [
       121.5549762,
       13.9478852
      ],
      [
       121.5547112,
       13.9482262
      ],
      [
       121.5544322,
       13.9483616
      ],
      [
       121.5541393,
       13.9484162
      ],
      [
       121.5538314,
       13.9488301
      ],
      [
       121.5535278,
       13.9493325
      ],
      [
       121.5532628,
       13.9497881
      ],
      [
       121.553177,
       13.9499963
      ],
      [
       121.5533057,
       13.9501421
      ],
      [
       121.5536136,
       13.9503738
      ],
      [
       121.5540213,
       13.9506028
      ],
      [
       121.5542391,
       13.950746
      ],
      [
       121.5541393,
       13.9510193
      ],
      [
       121.5538421,
       13.9511833
      ],
      [
       121.5534774,
       13.9514228
      ],
      [
       121.5531984,
       13.9515269
      ],
      [
       121.5531094,
       13.9518003
      ],
      [
       121.5531555,
       13.9520163
      ],
      [
       121.5533379,
       13.9522558
      ],
      [
       121.5534559,
       13.952589
      ],
      [
       121.5533239,
       13.9528519
      ],
      [
       121.5530021,
       13.9532372
      ],
      [
       121.5527156,
       13.9534324
      ],
      [
       121.5525332,
       13.9537447
      ],
      [
       121.5523401,
       13.9540779
      ],
      [
       121.5522221,
       13.9543174
      ],
      [
       121.5519828,
       13.9543617
      ],
      [
       121.5516073,
       13.9543304
      ],
      [
       121.5512318,
       13.9542992
      ],
      [
       121.5510097,
       13.9543487
      ],
      [
       121.5507919,
       13.9545283
      ],
      [
       121.5507168,
       13.9554758
      ],
      [
       121.5506846,
       13.9558506
      ],
      [
       121.5506879,
       13.9561187
      ],
      [
       121.5507844,
       13.9562853
      ],
      [
       121.551117,
       13.9565144
      ],
      [
       121.5516105,
       13.9570038
      ],
      [
       121.5517146,
       13.957527
      ],
      [
       121.5516395,
       13.9580476
      ],
      [
       121.5515751,
       13.9584953
      ],
      [
       121.5514357,
       13.9589638
      ],
      [
       121.5513638,
       13.9594298
      ],
      [
       121.5509636,
       13.9600571
      ],
      [
       121.5506417,
       13.9603694
      ],
      [
       121.5504164,
       13.9604736
      ],
      [
       121.5501622,
       13.9606375
      ],
      [
       121.550116,
       13.9609525
      ],
      [
       121.5499229,
       13.9618063
      ],
      [
       121.5498832,
       13.9622826
      ],
      [
       121.5500227,
       13.9627407
      ],
      [
       121.5499798,
       13.9631676
      ],
      [
       121.5500334,
       13.9637507
      ],
      [
       121.5498832,
       13.9642505
      ],
      [
       121.5496472,
       13.9646045
      ],
      [
       121.5493146,
       13.9648335
      ],
      [
       121.5487642,
       13.9650444
      ],
      [
       121.5486708,
       13.9653749
      ],
      [
       121.5485925,
       13.9656899
      ],
      [
       121.5485957,
       13.9661142
      ],
      [
       121.5487352,
       13.9665202
      ],
      [
       121.5489358,
       13.9667935
      ],
      [
       121.5490539,
       13.9673974
      ],
      [
       121.5491107,
       13.9677488
      ],
      [
       121.5490034,
       13.9681652
      ],
      [
       121.5487429,
       13.96839
      ],
      [
       121.5484312,
       13.9685973
      ],
      [
       121.5482308,
       13.9687411
      ],
      [
       121.5481097,
       13.9689482
      ],
      [
       121.5479007,
       13.9693687
      ],
      [
       121.5476943,
       13.9697492
      ],
      [
       121.5475421,
       13.9701721
      ],
      [
       121.5475776,
       13.9703837
      ],
      [
       121.5477267,
       13.9709347
      ],
      [
       121.5478522,
       13.9714157
      ],
      [
       121.5477128,
       13.9718946
      ],
      [
       121.5474016,
       13.9723215
      ],
      [
       121.5472085,
       13.972384
      ],
      [
       121.5469832,
       13.9726234
      ],
      [
       121.5466967,
       13.9728088
      ],
      [
       121.5464575,
       13.9729046
      ],
      [
       121.5463395,
       13.9732065
      ],
      [
       121.5462783,
       13.9735376
      ],
      [
       121.5463073,
       13.9738728
      ],
      [
       121.5462032,
       13.9740581
      ],
      [
       121.5459532,
       13.9742164
      ],
      [
       121.5457387,
       13.9742997
      ],
      [
       121.5453953,
       13.9742997
      ],
      [
       121.5449447,
       13.9749035
      ],
      [
       121.5446368,
       13.9755469
      ],
      [
       121.5444512,
       13.9762778
      ],
      [
       121.5443224,
       13.9767567
      ],
      [
       121.5445585,
       13.9770899
      ],
      [
       121.5448085,
       13.9774418
      ],
      [
       121.5449233,
       13.9777562
      ],
      [
       121.5447945,
       13.9780685
      ],
      [
       121.5444297,
       13.9783809
      ],
      [
       121.5441079,
       13.9785683
      ],
      [
       121.5438615,
       13.9787457
      ],
      [
       121.5434109,
       13.9793079
      ],
      [
       121.5434001,
       13.979526
      ],
      [
       121.543325,
       13.9797238
      ],
      [
       121.5431212,
       13.9799321
      ],
      [
       121.5428101,
       13.9801403
      ],
      [
       121.5428101,
       13.9807545
      ],
      [
       121.5427242,
       13.9809315
      ],
      [
       121.5425172,
       13.9811965
      ],
      [
       121.5423938,
       13.9812798
      ],
      [
       121.5422919,
       13.9813266
      ],
      [
       121.542059,
       13.9813118
      ],
      [
       121.5419002,
       13.981311
      ],
      [
       121.5417747,
       13.9814211
      ],
      [
       121.54175,
       13.9815296
      ],
      [
       121.5418176,
       13.9818532
      ],
      [
       121.5417962,
       13.9819885
      ],
      [
       121.5416803,
       13.9820502
      ],
      [
       121.541469,
       13.9820822
      ],
      [
       121.5410613,
       13.9821134
      ],
      [
       121.5409454,
       13.9822428
      ],
      [
       121.5408574,
       13.9824778
      ],
      [
       121.5408145,
       13.9826808
      ],
      [
       121.5407608,
       13.9828995
      ],
      [
       121.5405838,
       13.9831545
      ],
      [
       121.5404926,
       13.9832638
      ],
      [
       121.5404604,
       13.9835293
      ],
      [
       121.5403446,
       13.9838773
      ],
      [
       121.540307,
       13.9840074
      ],
      [
       121.5404604,
       13.9843726
      ],
      [
       121.5404733,
       13.9845904
      ],
      [
       121.5403907,
       13.9846797
      ],
      [
       121.5402856,
       13.9846998
      ],
      [
       121.5400924,
       13.9847466
      ],
      [
       121.5399315,
       13.9848195
      ],
      [
       121.539792,
       13.9849757
      ],
      [
       121.5394573,
       13.9853772
      ],
      [
       121.5393071,
       13.9854814
      ],
      [
       121.5392019,
       13.9855118
      ],
      [
       121.5390389,
       13.9854709
      ],
      [
       121.5388297,
       13.9854709
      ],
      [
       121.5387116,
       13.9855542
      ],
      [
       121.5386065,
       13.98572
      ],
      [
       121.5382986,
       13.9862153
      ],
      [
       121.5382042,
       13.9864488
      ],
      [
       121.538172,
       13.986683
      ],
      [
       121.5381666,
       13.9868756
      ],
      [
       121.5382557,
       13.987449
      ],
      [
       121.5382181,
       13.987652
      ],
      [
       121.5381645,
       13.9879591
      ],
      [
       121.5381237,
       13.9881457
      ],
      [
       121.537995,
       13.988432
      ],
      [
       121.5378051,
       13.9885629
      ],
      [
       121.5376122,
       13.9886931
      ],
      [
       121.5373976,
       13.9888232
      ],
      [
       121.5372206,
       13.9889429
      ],
      [
       121.5370508,
       13.9890515
      ],
      [
       121.5368075,
       13.9890991
      ],
      [
       121.5366056,
       13.9891139
      ],
      [
       121.5364642,
       13.9892084
      ],
      [
       121.5363838,
       13.9894582
      ],
      [
       121.5364052,
       13.9898903
      ],
      [
       121.5363964,
       13.9901237
      ],
      [
       121.5363355,
       13.990364
      ],
      [
       121.5362569,
       13.9905141
      ],
      [
       121.5361281,
       13.9907119
      ],
      [
       121.5359028,
       13.9909045
      ],
      [
       121.5357043,
       13.9911336
      ],
      [
       121.5354718,
       13.9914206
      ],
      [
       121.5351607,
       13.9916445
      ],
      [
       121.5348495,
       13.9918371
      ],
      [
       121.5346476,
       13.9920237
      ],
      [
       121.5344705,
       13.9922423
      ],
      [
       121.534415,
       13.9924877
      ],
      [
       121.5343667,
       13.992597
      ],
      [
       121.5342291,
       13.9927316
      ],
      [
       121.5340395,
       13.9928417
      ],
      [
       121.5337088,
       13.9930179
      ],
      [
       121.5334977,
       13.9932112
      ],
      [
       121.5333582,
       13.9933101
      ],
      [
       121.5332957,
       13.9934499
      ],
      [
       121.5332241,
       13.9936693
      ],
      [
       121.5331222,
       13.9938775
      ],
      [
       121.5330471,
       13.9940701
      ],
      [
       121.5329846,
       13.9941682
      ],
      [
       121.532752,
       13.9943824
      ],
      [
       121.5325214,
       13.9945021
      ],
      [
       121.5323819,
       13.9946219
      ],
      [
       121.5322424,
       13.9947468
      ],
      [
       121.5321746,
       13.9949282
      ],
      [
       121.5321834,
       13.9950955
      ],
      [
       121.5322478,
       13.9952048
      ],
      [
       121.5323033,
       13.9953654
      ],
      [
       121.5322926,
       13.9955424
      ],
      [
       121.5321746,
       13.9958859
      ],
      [
       121.5320565,
       13.9960993
      ],
      [
       121.5317757,
       13.9962719
      ],
      [
       121.5314699,
       13.9963604
      ],
      [
       121.5312125,
       13.9964801
      ],
      [
       121.5310588,
       13.9966355
      ],
      [
       121.5311534,
       13.9968653
      ],
      [
       121.5312572,
       13.9970831
      ],
      [
       121.5313948,
       13.9972401
      ],
      [
       121.5314289,
       13.9973902
      ],
      [
       121.531309,
       13.9974899
      ],
      [
       121.5310837,
       13.9975263
      ],
      [
       121.5308906,
       13.9975576
      ],
      [
       121.530812,
       13.9977338
      ],
      [
       121.5307852,
       13.9979003
      ],
      [
       121.5308638,
       13.998151
      ],
      [
       121.5309193,
       13.9983792
      ],
      [
       121.5309407,
       13.9985666
      ],
      [
       121.5308906,
       13.9987027
      ],
      [
       121.5307887,
       13.9987912
      ],
      [
       121.5305687,
       13.9988849
      ],
      [
       121.5302863,
       13.9989934
      ],
      [
       121.5301503,
       13.9992701
      ],
      [
       121.530043,
       13.9994731
      ],
      [
       121.5300537,
       13.9997645
      ],
      [
       121.5302093,
       13.9999363
      ],
      [
       121.530343,
       14.0000212
      ],
      [
       121.5303629,
       14.000269
      ],
      [
       121.5303558,
       14.0008015
      ],
      [
       121.5305002,
       14.001423
      ],
      [
       121.5302566,
       14.0015368
      ],
      [
       121.5295439,
       14.0013705
      ],
      [
       121.5294266,
       14.0015543
      ],
      [
       121.5296251,
       14.0017906
      ],
      [
       121.5297514,
       14.002097
      ],
      [
       121.5296251,
       14.0023421
      ],
      [
       121.52921,
       14.0023509
      ],
      [
       121.528786,
       14.0024822
      ],
      [
       121.5287409,
       14.0028498
      ],
      [
       121.5286597,
       14.0033488
      ],
      [
       121.5284703,
       14.0036639
      ],
      [
       121.5282628,
       14.0040491
      ],
      [
       121.5282988,
       14.004338
      ],
      [
       121.5281545,
       14.0046794
      ],
      [
       121.5280282,
       14.0048982
      ],
      [
       121.527541,
       14.004907
      ],
      [
       121.5273064,
       14.005082
      ],
      [
       121.527523,
       14.0055285
      ],
      [
       121.527523,
       14.0057911
      ],
      [
       121.5272433,
       14.0058261
      ],
      [
       121.5264945,
       14.0057736
      ],
      [
       121.5261877,
       14.0059136
      ],
      [
       121.5261968,
       14.0061938
      ],
      [
       121.5263862,
       14.0065526
      ],
      [
       121.5262238,
       14.0072267
      ],
      [
       121.5262058,
       14.0077519
      ],
      [
       121.5260524,
       14.0081721
      ],
      [
       121.5255382,
       14.0084347
      ],
      [
       121.525069,
       14.0088023
      ],
      [
       121.5249066,
       14.0091525
      ],
      [
       121.5250871,
       14.0094326
      ],
      [
       121.5249968,
       14.0098265
      ],
      [
       121.5243834,
       14.0098965
      ],
      [
       121.5237338,
       14.009774
      ],
      [
       121.5231474,
       14.009844
      ],
      [
       121.5228948,
       14.0100541
      ],
      [
       121.5229669,
       14.0103867
      ],
      [
       121.5231654,
       14.0107281
      ],
      [
       121.5229489,
       14.0109294
      ],
      [
       121.5224527,
       14.0109819
      ],
      [
       121.5221189,
       14.0110169
      ],
      [
       121.5220016,
       14.0112883
      ],
      [
       121.522164,
       14.0116472
      ],
      [
       121.5225158,
       14.0121549
      ],
      [
       121.5224707,
       14.012505
      ],
      [
       121.5222091,
       14.0126713
      ],
      [
       121.5216858,
       14.0125663
      ],
      [
       121.5211806,
       14.0127851
      ],
      [
       121.521352,
       14.0131878
      ],
      [
       121.5211265,
       14.0135642
      ],
      [
       121.5204769,
       14.0136955
      ],
      [
       121.520098,
       14.0138093
      ],
      [
       121.520098,
       14.0145008
      ],
      [
       121.5206483,
       14.0152973
      ],
      [
       121.5207836,
       14.01563
      ],
      [
       121.5204589,
       14.0157087
      ],
      [
       121.5195837,
       14.0151048
      ],
      [
       121.5191687,
       14.0149735
      ],
      [
       121.5188981,
       14.015201
      ],
      [
       121.5190515,
       14.0156212
      ],
      [
       121.519286,
       14.0159363
      ],
      [
       121.5189432,
       14.0160851
      ],
      [
       121.5181132,
       14.0162339
      ],
      [
       121.5179237,
       14.0166541
      ],
      [
       121.5178876,
       14.0171705
      ],
      [
       121.5174997,
       14.0178533
      ],
      [
       121.5173824,
       14.0182559
      ],
      [
       121.5170035,
       14.0183347
      ],
      [
       121.5166787,
       14.0184835
      ],
      [
       121.5166516,
       14.0186936
      ],
      [
       121.5169764,
       14.0189124
      ],
      [
       121.5170757,
       14.0193238
      ],
      [
       121.5167058,
       14.0194639
      ],
      [
       121.5164171,
       14.0196827
      ],
      [
       121.5164622,
       14.0199365
      ],
      [
       121.5163178,
       14.0201466
      ],
      [
       121.5158036,
       14.0204967
      ],
      [
       121.5153164,
       14.0205405
      ],
      [
       121.5148473,
       14.0207768
      ],
      [
       121.514748,
       14.0211532
      ],
      [
       121.5149195,
       14.0214683
      ],
      [
       121.5152082,
       14.0217572
      ],
      [
       121.5153254,
       14.0222736
      ],
      [
       121.5150728,
       14.0224224
      ],
      [
       121.5146939,
       14.0226412
      ],
      [
       121.5147571,
       14.0229301
      ],
      [
       121.5148563,
       14.0231576
      ],
      [
       121.5144864,
       14.0232977
      ],
      [
       121.5141255,
       14.0232539
      ],
      [
       121.5141255,
       14.0235778
      ],
      [
       121.5141977,
       14.0238229
      ],
      [
       121.5139902,
       14.0244006
      ],
      [
       121.5139631,
       14.0248207
      ],
      [
       121.5136384,
       14.025022
      ],
      [
       121.5134399,
       14.0251971
      ],
      [
       121.5135662,
       14.0255034
      ],
      [
       121.5135211,
       14.0258535
      ],
      [
       121.5131151,
       14.0262036
      ],
      [
       121.513097,
       14.0265012
      ],
      [
       121.513061,
       14.0273853
      ],
      [
       121.5128625,
       14.0281468
      ],
      [
       121.5129437,
       14.0286019
      ],
      [
       121.513079,
       14.0288733
      ],
      [
       121.5131061,
       14.0292059
      ],
      [
       121.51307,
       14.029731
      ],
      [
       121.5128174,
       14.0298273
      ],
      [
       121.5125918,
       14.0303875
      ],
      [
       121.5125738,
       14.0308601
      ],
      [
       121.5128805,
       14.0308426
      ],
      [
       121.5131241,
       14.0312802
      ],
      [
       121.5131963,
       14.0316916
      ],
      [
       121.5127813,
       14.0318929
      ],
      [
       121.5127001,
       14.0322605
      ],
      [
       121.5126279,
       14.0328207
      ],
      [
       121.5124294,
       14.0332146
      ],
      [
       121.5121227,
       14.0336347
      ],
      [
       121.5119258,
       14.0342983
      ],
      [
       121.5118595,
       14.0348198
      ],
      [
       121.5108507,
       14.0357985
      ],
      [
       121.5101738,
       14.0364423
      ],
      [
       121.5096959,
       14.03773
      ],
      [
       121.509238,
       14.0385863
      ],
      [
       121.5085279,
       14.0389275
      ],
      [
       121.506829,
       14.0402602
      ],
      [
       121.5064839,
       14.0408268
      ],
      [
       121.5070015,
       14.0418827
      ],
      [
       121.5055149,
       14.0434729
      ],
      [
       121.5051765,
       14.0447927
      ],
      [
       121.5032519,
       14.0466212
      ],
      [
       121.5014401,
       14.0488037
      ],
      [
       121.5007514,
       14.0493785
      ],
      [
       121.4997015,
       14.0502539
      ],
      [
       121.4984208,
       14.0515545
      ],
      [
       121.4949169,
       14.0526082
      ],
      [
       121.4893157,
       14.0565406
      ],
      [
       121.4852303,
       14.056956
      ],
      [
       121.4851099,
       14.0571615
      ],
      [
       121.4848819,
       14.0571582
      ],
      [
       121.484346,
       14.0576533
      ],
      [
       121.4837719,
       14.0580741
      ],
      [
       121.4832743,
       14.0589281
      ],
      [
       121.4824302,
       14.0597373
      ],
      [
       121.4826353,
       14.0599677
      ],
      [
       121.4830563,
       14.0604407
      ],
      [
       121.4922103,
       14.0678563
      ],
      [
       121.5521872,
       14.0644234
      ],
      [
       121.552434,
       14.064642
      ],
      [
       121.5533888,
       14.0652664
      ],
      [
       121.5544081,
       14.0656827
      ],
      [
       121.5548372,
       14.0657139
      ],
      [
       121.5552342,
       14.0655058
      ],
      [
       121.5551698,
       14.0652664
      ],
      [
       121.5549016,
       14.0647044
      ],
      [
       121.5550518,
       14.0645483
      ],
      [
       121.5554809,
       14.0646836
      ],
      [
       121.5561998,
       14.0647668
      ],
      [
       121.5568328,
       14.0642777
      ],
      [
       121.55738,
       14.0640487
      ],
      [
       121.5587425,
       14.0638094
      ],
      [
       121.5594184,
       14.0636949
      ],
      [
       121.5599227,
       14.0635388
      ],
      [
       121.5606093,
       14.0633046
      ],
      [
       121.5616876,
       14.0630601
      ],
      [
       121.5622669,
       14.0629768
      ],
      [
       121.5628356,
       14.0626854
      ],
      [
       121.5637851,
       14.062701
      ],
      [
       121.564756,
       14.0622847
      ],
      [
       121.5653247,
       14.0621182
      ],
      [
       121.5656573,
       14.0621806
      ],
      [
       121.5661722,
       14.062753
      ],
      [
       121.5666228,
       14.0628987
      ],
      [
       121.5672656,
       14.062908
      ],
      [
       121.56751,
       14.0625835
      ],
      [
       121.5679813,
       14.0623787
      ],
      [
       121.5681728,
       14.0623121
      ],
      [
       121.568271,
       14.0623597
      ],
      [
       121.5684429,
       14.0626931
      ],
      [
       121.5684969,
       14.0630265
      ],
      [
       121.5683938,
       14.0633932
      ],
      [
       121.5684232,
       14.0637361
      ],
      [
       121.5685852,
       14.0638837
      ],
      [
       121.5688651,
       14.0638837
      ],
      [
       121.5695279,
       14.0639361
      ],
      [
       121.5700533,
       14.0639647
      ],
      [
       121.5702153,
       14.0639028
      ],
      [
       121.5703135,
       14.0639266
      ],
      [
       121.5703233,
       14.0640504
      ],
      [
       121.5705463,
       14.0642244
      ],
      [
       121.5707699,
       14.0644858
      ],
      [
       121.5710747,
       14.0648424
      ],
      [
       121.5712692,
       14.0650311
      ],
      [
       121.5715114,
       14.0652091
      ],
      [
       121.5717425,
       14.0652767
      ],
      [
       121.5723664,
       14.0652624
      ],
      [
       121.5725682,
       14.0652233
      ],
      [
       121.5729039,
       14.0652945
      ],
      [
       121.5733681,
       14.0655828
      ],
      [
       121.5737351,
       14.065686
      ],
      [
       121.5741525,
       14.0659878
      ],
      [
       121.5744532,
       14.0663153
      ],
      [
       121.5746742,
       14.0666486
      ],
      [
       121.5751222,
       14.0669165
      ],
      [
       121.5754214,
       14.0667543
      ],
      [
       121.5757589,
       14.0666129
      ],
      [
       121.5762269,
       14.0663525
      ],
      [
       121.5766488,
       14.0659506
      ],
      [
       121.5768277,
       14.0659918
      ],
      [
       121.5772487,
       14.0659795
      ],
      [
       121.5774911,
       14.0658124
      ],
      [
       121.5775103,
       14.0654411
      ],
      [
       121.577842,
       14.0652864
      ],
      [
       121.5784161,
       14.0653359
      ],
      [
       121.5787224,
       14.0652678
      ],
      [
       121.5788946,
       14.0649461
      ],
      [
       121.5790286,
       14.0645067
      ],
      [
       121.5793093,
       14.0641354
      ],
      [
       121.5796665,
       14.0639807
      ],
      [
       121.5812103,
       14.0636589
      ],
      [
       121.5817526,
       14.0635537
      ],
      [
       121.5819695,
       14.0632134
      ],
      [
       121.5821098,
       14.0626069
      ],
      [
       121.5823267,
       14.0624646
      ],
      [
       121.5826138,
       14.062477
      ],
      [
       121.5829774,
       14.0625884
      ],
      [
       121.5833283,
       14.0626069
      ],
      [
       121.5838833,
       14.062675
      ],
      [
       121.5844,
       14.0627431
      ],
      [
       121.5847637,
       14.0630463
      ],
      [
       121.5850252,
       14.0636775
      ],
      [
       121.5852931,
       14.063826
      ],
      [
       121.5859375,
       14.0638879
      ],
      [
       121.5865945,
       14.0635908
      ],
      [
       121.5868497,
       14.0633062
      ],
      [
       121.587207,
       14.0631267
      ],
      [
       121.5875451,
       14.0631639
      ],
      [
       121.5878704,
       14.0634238
      ],
      [
       121.5881001,
       14.0635537
      ],
      [
       121.5883935,
       14.063498
      ],
      [
       121.5887253,
       14.0631391
      ]
     ]
    ]
   }
  }
 ]
}