{
 "type": "FeatureCollection",
 "properties": {
  "region": "cdo",
  "franchise": "CEPALCO",
  "source": "OpenStreetMap via Overpass API",
  "license": "ODbL"
 },
 "features": [
  {
   "type": "Feature",
   "properties": {
    "name": "Cagayan de Oro",
    "osm_id": 2387482,
    "admin_level": "6",
    "region": "cdo",
    "franchise": "CEPALCO"
   },
   "geometry": {
    "type": "Polygon",
    "coordinates": [
     [
      [
       124.6091535,
       8.576386
      ],
      [
       124.6125406,
       8.596348
      ],
      [
       124.6291468,
       8.6294178
      ],
      [
       124.6619944,
       8.6038853
      ],
      [
       124.6753708,
       8.5780938
      ],
      [
       124.6797488,
       8.5696519
      ],
      [
       124.6915902,
       8.5427972
      ],
      [
       124.7058274,
       8.5166208
      ],
      [
       124.7309274,
       8.51081
      ],
      [
       124.7533773,
       8.5122104
      ],
      [
       124.7535922,
       8.5122696
      ],
      [
       124.7536808,
       8.512291
      ],
      [
       124.7539,
       8.5122989
      ],
      [
       124.7540605,
       8.5123478
      ],
      [
       124.7541975,
       8.5124241
      ],
      [
       124.7545871,
       8.5127511
      ],
      [
       124.7550177,
       8.513074
      ],
      [
       124.7554719,
       8.5132248
      ],
      [
       124.7560807,
       8.5133266
      ],
      [
       124.7564056,
       8.5132561
      ],
      [
       124.7565192,
       8.5132111
      ],
      [
       124.7569146,
       8.5129742
      ],
      [
       124.7569683,
       8.5128807
      ],
      [
       124.7569439,
       8.5127178
      ],
      [
       124.7565564,
       8.5119876
      ],
      [
       124.7564722,
       8.5114571
      ],
      [
       124.7564859,
       8.5112046
      ],
      [
       124.7566347,
       8.5109815
      ],
      [
       124.7568226,
       8.5108581
      ],
      [
       124.7571984,
       8.5107035
      ],
      [
       124.7575723,
       8.5107054
      ],
      [
       124.7579736,
       8.5107113
      ],
      [
       124.7581008,
       8.5106408
      ],
      [
       124.758187,
       8.5104842
      ],
      [
       124.758461,
       8.5098892
      ],
      [
       124.7584982,
       8.5096601
      ],
      [
       124.7585883,
       8.5094742
      ],
      [
       124.7587155,
       8.5092647
      ],
      [
       124.7588388,
       8.5091453
      ],
      [
       124.7589837,
       8.5090787
      ],
      [
       124.7591599,
       8.5090866
      ],
      [
       124.759477,
       8.5092933
      ],
      [
       124.760018,
       8.5097175
      ],
      [
       124.7602687,
       8.5098645
      ],
      [
       124.76051,
       8.5101887
      ],
      [
       124.7609567,
       8.5104828
      ],
      [
       124.7611509,
       8.5105921
      ],
      [
       124.7612904,
       8.5106015
      ],
      [
       124.7616184,
       8.5104884
      ],
      [
       124.7618352,
       8.5104149
      ],
      [
       124.7619615,
       8.5102698
      ],
      [
       124.7620991,
       8.510004
      ],
      [
       124.7622197,
       8.509495
      ],
      [
       124.7623253,
       8.5087749
      ],
      [
       124.7623705,
       8.5086656
      ],
      [
       124.7624534,
       8.5086147
      ],
      [
       124.7625684,
       8.5085921
      ],
      [
       124.7626457,
       8.5085827
      ],
      [
       124.7628813,
       8.5086091
      ],
      [
       124.7631283,
       8.5087109
      ],
      [
       124.7634393,
       8.5087618
      ],
      [
       124.7636467,
       8.5088843
      ],
      [
       124.7639464,
       8.5091972
      ],
      [
       124.764395,
       8.5098192
      ],
      [
       124.7646325,
       8.5102113
      ],
      [
       124.7650416,
       8.5105657
      ],
      [
       124.7654977,
       8.5110558
      ],
      [
       124.7656485,
       8.511152
      ],
      [
       124.7658879,
       8.5112085
      ],
      [
       124.7660142,
       8.5112707
      ],
      [
       124.7666853,
       8.5117476
      ],
      [
       124.7668682,
       8.5118475
      ],
      [
       124.7672998,
       8.5119682
      ],
      [
       124.7675354,
       8.5120436
      ],
      [
       124.7680124,
       8.5123471
      ],
      [
       124.7685251,
       8.5125337
      ],
      [
       124.7689153,
       8.5126411
      ],
      [
       124.7690397,
       8.5126939
      ],
      [
       124.7693338,
       8.5129785
      ],
      [
       124.76956,
       8.5131463
      ],
      [
       124.770067,
       8.5133291
      ],
      [
       124.7702555,
       8.513397
      ],
      [
       124.7711132,
       8.5136854
      ],
      [
       124.7715995,
       8.5138645
      ],
      [
       124.772116,
       8.5141906
      ],
      [
       124.7724648,
       8.5142886
      ],
      [
       124.7729285,
       8.5143565
      ],
      [
       124.7736222,
       8.5144828
      ],
      [
       124.7737956,
       8.5144413
      ],
      [
       124.773986,
       8.5143716
      ],
      [
       124.7742386,
       8.5142754
      ],
      [
       124.7747909,
       8.5139305
      ],
      [
       124.775002,
       8.5137665
      ],
      [
       124.7751924,
       8.5135403
      ],
      [
       124.7753168,
       8.5132255
      ],
      [
       124.7754224,
       8.5128108
      ],
      [
       124.7755449,
       8.5125431
      ],
      [
       124.7756485,
       8.5123345
      ],
      [
       124.7757579,
       8.5122321
      ],
      [
       124.7758152,
       8.512179
      ],
      [
       124.7762383,
       8.5120534
      ],
      [
       124.7764446,
       8.5120564
      ],
      [
       124.7765576,
       8.5120846
      ],
      [
       124.7766267,
       8.5121514
      ],
      [
       124.7766831,
       8.5123152
      ],
      [
       124.7768216,
       8.512482
      ],
      [
       124.777,
       8.5126847
      ],
      [
       124.7770742,
       8.5127407
      ],
      [
       124.7771741,
       8.5127481
      ],
      [
       124.7773475,
       8.5126823
      ],
      [
       124.7777883,
       8.5125222
      ],
      [
       124.7778939,
       8.512488
      ],
      [
       124.7779762,
       8.5125214
      ],
      [
       124.778072,
       8.5127653
      ],
      [
       124.77817,
       8.5128551
      ],
      [
       124.7782749,
       8.5129238
      ],
      [
       124.7783832,
       8.5129108
      ],
      [
       124.7786572,
       8.5127465
      ],
      [
       124.7793111,
       8.5123248
      ],
      [
       124.7794412,
       8.5122479
      ],
      [
       124.7794922,
       8.5121961
      ],
      [
       124.7795632,
       8.5120807
      ],
      [
       124.7796164,
       8.5120359
      ],
      [
       124.7797741,
       8.5120099
      ],
      [
       124.7799977,
       8.5120048
      ],
      [
       124.7800688,
       8.5120303
      ],
      [
       124.7801413,
       8.5120715
      ],
      [
       124.7801842,
       8.5121126
      ],
      [
       124.7805579,
       8.5125612
      ],
      [
       124.7809245,
       8.5130413
      ],
      [
       124.7810917,
       8.513128
      ],
      [
       124.7813295,
       8.5132187
      ],
      [
       124.781525,
       8.513278
      ],
      [
       124.7816545,
       8.5132895
      ],
      [
       124.7818901,
       8.513285
      ],
      [
       124.782,
       8.5132625
      ],
      [
       124.7821648,
       8.5131987
      ],
      [
       124.7825593,
       8.5129418
      ],
      [
       124.7829007,
       8.5127189
      ],
      [
       124.7834209,
       8.5124258
      ],
      [
       124.7836782,
       8.5123197
      ],
      [
       124.784191,
       8.5120869
      ],
      [
       124.7844649,
       8.5120093
      ],
      [
       124.7846762,
       8.5119937
      ],
      [
       124.7848646,
       8.5120025
      ],
      [
       124.7854997,
       8.5121679
      ],
      [
       124.7856747,
       8.5121882
      ],
      [
       124.7858356,
       8.5122054
      ],
      [
       124.786025,
       8.512242
      ],
      [
       124.7863765,
       8.5122541
      ],
      [
       124.786478,
       8.5122863
      ],
      [
       124.7865584,
       8.5123659
      ],
      [
       124.7865837,
       8.5125002
      ],
      [
       124.7866794,
       8.5129341
      ],
      [
       124.7866979,
       8.5130158
      ],
      [
       124.7868213,
       8.5131749
      ],
      [
       124.7869715,
       8.5132917
      ],
      [
       124.7871753,
       8.5133445
      ],
      [
       124.7875464,
       8.5133688
      ],
      [
       124.7879954,
       8.5133823
      ],
      [
       124.7884817,
       8.5133896
      ],
      [
       124.788605,
       8.5133394
      ],
      [
       124.788677,
       8.5132764
      ],
      [
       124.7887484,
       8.5130986
      ],
      [
       124.7887565,
       8.5128441
      ],
      [
       124.7886878,
       8.5126299
      ],
      [
       124.7885383,
       8.5124521
      ],
      [
       124.7885057,
       8.5122677
      ],
      [
       124.7885218,
       8.5121225
      ],
      [
       124.7885691,
       8.5119902
      ],
      [
       124.7886448,
       8.5118985
      ],
      [
       124.7888108,
       8.5118311
      ],
      [
       124.7890058,
       8.5118
      ],
      [
       124.7896899,
       8.5117288
      ],
      [
       124.7900334,
       8.5115874
      ],
      [
       124.7903526,
       8.5114056
      ],
      [
       124.7910435,
       8.5110217
      ],
      [
       124.7914516,
       8.5106863
      ],
      [
       124.7916618,
       8.5104318
      ],
      [
       124.791787,
       8.5101004
      ],
      [
       124.7918759,
       8.509664
      ],
      [
       124.7921143,
       8.509264
      ],
      [
       124.7923002,
       8.5090014
      ],
      [
       124.792482,
       8.5088842
      ],
      [
       124.7926962,
       8.5088236
      ],
      [
       124.7933548,
       8.5088478
      ],
      [
       124.7935892,
       8.5087953
      ],
      [
       124.7937993,
       8.5087145
      ],
      [
       124.7939084,
       8.5084882
      ],
      [
       124.7940215,
       8.5082094
      ],
      [
       124.7940539,
       8.5079669
      ],
      [
       124.7941387,
       8.5078336
      ],
      [
       124.7943044,
       8.5077528
      ],
      [
       124.7945024,
       8.5077447
      ],
      [
       124.794978,
       8.507801
      ],
      [
       124.7950821,
       8.5077978
      ],
      [
       124.7953325,
       8.5077872
      ],
      [
       124.7956082,
       8.5077529
      ],
      [
       124.7959449,
       8.5076801
      ],
      [
       124.7961793,
       8.5075467
      ],
      [
       124.7962318,
       8.5074533
      ],
      [
       124.79626,
       8.5073377
      ],
      [
       124.796264,
       8.5072721
      ],
      [
       124.7962265,
       8.5071892
      ],
      [
       124.7961004,
       8.5071255
      ],
      [
       124.7959419,
       8.5070647
      ],
      [
       124.7951106,
       8.5067924
      ],
      [
       124.7949757,
       8.5067321
      ],
      [
       124.7948894,
       8.5066335
      ],
      [
       124.7948522,
       8.5065121
      ],
      [
       124.7948658,
       8.5063172
      ],
      [
       124.7950141,
       8.505794
      ],
      [
       124.795171,
       8.5052726
      ],
      [
       124.7952139,
       8.5051135
      ],
      [
       124.7952014,
       8.5049728
      ],
      [
       124.7950479,
       8.5046212
      ],
      [
       124.7950438,
       8.5043505
      ],
      [
       124.7950842,
       8.504003
      ],
      [
       124.7951166,
       8.5037565
      ],
      [
       124.7951772,
       8.503603
      ],
      [
       124.7956944,
       8.5028029
      ],
      [
       124.7959691,
       8.5025564
      ],
      [
       124.7963126,
       8.5023504
      ],
      [
       124.7965753,
       8.5022574
      ],
      [
       124.7966682,
       8.5021807
      ],
      [
       124.7966561,
       8.5016998
      ],
      [
       124.7963732,
       8.5012796
      ],
      [
       124.7960621,
       8.5010775
      ],
      [
       124.7958277,
       8.5007543
      ],
      [
       124.7825646,
       8.4721176
      ],
      [
       124.7889805,
       8.4599616
      ],
      [
       124.7874382,
       8.4506229
      ],
      [
       124.7881151,
       8.450301
      ],
      [
       124.7890458,
       8.449524
      ],
      [
       124.7892677,
       8.4492764
      ],
      [
       124.7894043,
       8.4488581
      ],
      [
       124.7893275,
       8.4484653
      ],
      [
       124.7890458,
       8.4481494
      ],
      [
       124.7884908,
       8.4476542
      ],
      [
       124.7881322,
       8.4471847
      ],
      [
       124.7879273,
       8.4466468
      ],
      [
       124.7879444,
       8.446237
      ],
      [
       124.7882107,
       8.4456748
      ],
      [
       124.7884494,
       8.4454281
      ],
      [
       124.7887284,
       8.445253
      ],
      [
       124.788951,
       8.4451708
      ],
      [
       124.7891629,
       8.4451177
      ],
      [
       124.7894391,
       8.4450912
      ],
      [
       124.7898683,
       8.4451363
      ],
      [
       124.790453,
       8.4452344
      ],
      [
       124.7907507,
       8.4452742
      ],
      [
       124.7908688,
       8.4453379
      ],
      [
       124.791019,
       8.4454414
      ],
      [
       124.7911987,
       8.4454493
      ],
      [
       124.7914776,
       8.4454361
      ],
      [
       124.7916546,
       8.4453273
      ],
      [
       124.7917432,
       8.4451734
      ],
      [
       124.7918344,
       8.4449691
      ],
      [
       124.7919202,
       8.4447197
      ],
      [
       124.7919819,
       8.4444226
      ],
      [
       124.7919711,
       8.4441917
      ],
      [
       124.7918719,
       8.4437328
      ],
      [
       124.7918209,
       8.4435736
      ],
      [
       124.7917673,
       8.4431756
      ],
      [
       124.7916251,
       8.442767
      ],
      [
       124.7914132,
       8.4423399
      ],
      [
       124.7912443,
       8.4419472
      ],
      [
       124.7911289,
       8.4413157
      ],
      [
       124.7910887,
       8.441008
      ],
      [
       124.7910082,
       8.4407135
      ],
      [
       124.7910565,
       8.4404853
      ],
      [
       124.7912496,
       8.4402333
      ],
      [
       124.7915742,
       8.4400316
      ],
      [
       124.7916841,
       8.4398087
      ],
      [
       124.7917458,
       8.4394612
      ],
      [
       124.7917324,
       8.4391985
      ],
      [
       124.7916305,
       8.4389146
      ],
      [
       124.7914615,
       8.4386944
      ],
      [
       124.7913516,
       8.4385989
      ],
      [
       124.7910753,
       8.4384185
      ],
      [
       124.7909975,
       8.4383362
      ],
      [
       124.7909707,
       8.4382036
      ],
      [
       124.791027,
       8.4378321
      ],
      [
       124.7910431,
       8.4375005
      ],
      [
       124.7910672,
       8.4371423
      ],
      [
       124.7910458,
       8.4368637
      ],
      [
       124.7909814,
       8.436479
      ],
      [
       124.7909251,
       8.4357414
      ],
      [
       124.7908419,
       8.4355504
      ],
      [
       124.7907615,
       8.4354045
      ],
      [
       124.7907588,
       8.4352983
      ],
      [
       124.7908258,
       8.4351338
      ],
      [
       124.7910109,
       8.4349163
      ],
      [
       124.7910833,
       8.4347783
      ],
      [
       124.7910967,
       8.4345899
      ],
      [
       124.7909573,
       8.4342185
      ],
      [
       124.7908205,
       8.4340779
      ],
      [
       124.7903404,
       8.4338524
      ],
      [
       124.7902143,
       8.4337356
      ],
      [
       124.7901016,
       8.4335552
      ],
      [
       124.7900426,
       8.433396
      ],
      [
       124.7900131,
       8.4330988
      ],
      [
       124.7899246,
       8.4325788
      ],
      [
       124.7899246,
       8.4324276
      ],
      [
       124.7899944,
       8.4319314
      ],
      [
       124.789989,
       8.4315759
      ],
      [
       124.7899729,
       8.4314512
      ],
      [
       124.7898576,
       8.4313026
      ],
      [
       124.7898468,
       8.431223
      ],
      [
       124.7898763,
       8.4311248
      ],
      [
       124.7899622,
       8.4309816
      ],
      [
       124.7901982,
       8.4308144
      ],
      [
       124.7905254,
       8.430642
      ],
      [
       124.79085,
       8.4304934
      ],
      [
       124.7914857,
       8.4302917
      ],
      [
       124.791593,
       8.4302387
      ],
      [
       124.7917244,
       8.4300397
      ],
      [
       124.7918585,
       8.4299017
      ],
      [
       124.7920918,
       8.4297717
      ],
      [
       124.7922769,
       8.4296974
      ],
      [
       124.7924271,
       8.4296974
      ],
      [
       124.7929206,
       8.4298274
      ],
      [
       124.7931996,
       8.4298088
      ],
      [
       124.7935281,
       8.4296737
      ],
      [
       124.7938728,
       8.4293737
      ],
      [
       124.7939318,
       8.4292384
      ],
      [
       124.7939694,
       8.4290049
      ],
      [
       124.7939506,
       8.4288325
      ],
      [
       124.7937816,
       8.4285512
      ],
      [
       124.7936743,
       8.4284265
      ],
      [
       124.7934142,
       8.4282089
      ],
      [
       124.7930843,
       8.4278003
      ],
      [
       124.7928509,
       8.4274554
      ],
      [
       124.792572,
       8.4269831
      ],
      [
       124.7920221,
       8.4261155
      ],
      [
       124.7919309,
       8.4258555
      ],
      [
       124.7918888,
       8.4255244
      ],
      [
       124.7764929,
       8.4219764
      ],
      [
       124.6598379,
       8.4190166
      ],
      [
       124.6284514,
       8.4182203
      ],
      [
       124.6283403,
       8.4181265
      ],
      [
       124.628056,
       8.4180893
      ],
      [
       124.6275866,
       8.4181212
      ],
      [
       124.6265352,
       8.4186598
      ],
      [
       124.6254011,
       8.4193582
      ],
      [
       124.6251056,
       8.4194983
      ],
      [
       124.6247703,
       8.4197662
      ],
      [
       124.6241561,
       8.4204587
      ],
      [
       124.6237349,
       8.4209125
      ],
      [
       124.622941,
       8.4215121
      ],
      [
       124.6220022,
       8.4220879
      ],
      [
       124.6212754,
       8.4225628
      ],
      [
       124.6206611,
       8.4228308
      ],
      [
       124.6200014,
       8.4229605
      ],
      [
       124.6194005,
       8.4228626
      ],
      [
       124.619009,
       8.4226957
      ],
      [
       124.6181452,
       8.4216819
      ],
      [
       124.6178073,
       8.4212521
      ],
      [
       124.617641,
       8.4209708
      ],
      [
       124.61761,
       8.4206762
      ],
      [
       124.6176973,
       8.4204428
      ],
      [
       124.6183491,
       8.4194319
      ],
      [
       124.6190464,
       8.4183706
      ],
      [
       124.6196513,
       8.417297
      ],
      [
       124.6197465,
       8.4170254
      ],
      [
       124.6197929,
       8.4167607
      ],
      [
       124.619776,
       8.4158393
      ],
      [
       124.6197063,
       8.4154997
      ],
      [
       124.6197277,
       8.4152238
      ],
      [
       124.6199852,
       8.4148788
      ],
      [
       124.6204492,
       8.4144941
      ],
      [
       124.6211761,
       8.4140881
      ],
      [
       124.6216965,
       8.4138334
      ],
      [
       124.6219808,
       8.4134301
      ],
      [
       124.6221524,
       8.4130215
      ],
      [
       124.6222275,
       8.4124855
      ],
      [
       124.6221762,
       8.4120039
      ],
      [
       124.6220934,
       8.4117426
      ],
      [
       124.6219259,
       8.4114515
      ],
      [
       124.6210366,
       8.4108245
      ],
      [
       124.6203929,
       8.4102147
      ],
      [
       124.6200258,
       8.4096213
      ],
      [
       124.6196258,
       8.4089041
      ],
      [
       124.6191428,
       8.4080302
      ],
      [
       124.6190928,
       8.4072881
      ],
      [
       124.6194164,
       8.4064541
      ],
      [
       124.6196782,
       8.4058306
      ],
      [
       124.6199448,
       8.4051312
      ],
      [
       124.6201003,
       8.4047229
      ],
      [
       124.6203268,
       8.4044492
      ],
      [
       124.6205918,
       8.40428
      ],
      [
       124.6207854,
       8.4042116
      ],
      [
       124.620994,
       8.4042437
      ],
      [
       124.6219048,
       8.4048792
      ],
      [
       124.6221497,
       8.4049776
      ],
      [
       124.6224482,
       8.4049991
      ],
      [
       124.622863,
       8.4048981
      ],
      [
       124.6231575,
       8.4047678
      ],
      [
       124.623291,
       8.4046593
      ],
      [
       124.6233594,
       8.4045205
      ],
      [
       124.6234828,
       8.4039682
      ],
      [
       124.6235794,
       8.4029333
      ],
      [
       124.6235418,
       8.4017446
      ],
      [
       124.6234828,
       8.4011449
      ],
      [
       124.6233565,
       8.4003831
      ],
      [
       124.6230161,
       8.3999987
      ],
      [
       124.6226031,
       8.3997439
      ],
      [
       124.6222758,
       8.3996484
      ],
      [
       124.622013,
       8.3997015
      ],
      [
       124.6211201,
       8.4002176
      ],
      [
       124.6199383,
       8.4009244
      ],
      [
       124.6188204,
       8.4012954
      ],
      [
       124.6177322,
       8.4015589
      ],
      [
       124.6167719,
       8.4016703
      ],
      [
       124.6163481,
       8.4016597
      ],
      [
       124.6160746,
       8.4015536
      ],
      [
       124.6153986,
       8.4011715
      ],
      [
       124.6151626,
       8.400938
      ],
      [
       124.6146798,
       8.4002162
      ],
      [
       124.6140844,
       8.3991602
      ],
      [
       124.6134996,
       8.3984225
      ],
      [
       124.6133441,
       8.3981147
      ],
      [
       124.6133111,
       8.3978963
      ],
      [
       124.6132582,
       8.3967614
      ],
      [
       124.6133387,
       8.3958593
      ],
      [
       124.6135962,
       8.3951057
      ],
      [
       124.613623,
       8.3948244
      ],
      [
       124.6136069,
       8.3944529
      ],
      [
       124.6134943,
       8.393625
      ],
      [
       124.6134782,
       8.3931262
      ],
      [
       124.613564,
       8.3917782
      ],
      [
       124.6135318,
       8.3903506
      ],
      [
       124.6134567,
       8.3892733
      ],
      [
       124.6130848,
       8.3872017
      ],
      [
       124.612963,
       8.3863839
      ],
      [
       124.6125966,
       8.3853421
      ],
      [
       124.6121371,
       8.3839026
      ],
      [
       124.6118635,
       8.3831702
      ],
      [
       124.6114987,
       8.3821247
      ],
      [
       124.610973,
       8.3808085
      ],
      [
       124.610678,
       8.3797843
      ],
      [
       124.6106082,
       8.3793438
      ],
      [
       124.610635,
       8.3791633
      ],
      [
       124.6110159,
       8.3784309
      ],
      [
       124.6114188,
       8.3777479
      ],
      [
       124.6121424,
       8.3765363
      ],
      [
       124.6128452,
       8.3753156
      ],
      [
       124.6132529,
       8.3745726
      ],
      [
       124.6134674,
       8.3741268
      ],
      [
       124.613505,
       8.373819
      ],
      [
       124.6134567,
       8.3734103
      ],
      [
       124.6133494,
       8.37306
      ],
      [
       124.6131456,
       8.3728159
      ],
      [
       124.6120191,
       8.3721154
      ],
      [
       124.6116114,
       8.3718871
      ],
      [
       124.6113753,
       8.3716642
      ],
      [
       124.6111447,
       8.3712662
      ],
      [
       124.6110468,
       8.3707108
      ],
      [
       124.6110535,
       8.3701729
      ],
      [
       124.6111554,
       8.3699394
      ],
      [
       124.6115041,
       8.3696209
      ],
      [
       124.612065,
       8.3692643
      ],
      [
       124.6132269,
       8.3688556
      ],
      [
       124.6145779,
       8.3683419
      ],
      [
       124.6149266,
       8.3683525
      ],
      [
       124.6158653,
       8.3685117
      ],
      [
       124.6165064,
       8.3683857
      ],
      [
       124.617052,
       8.3680099
      ],
      [
       124.617438,
       8.3676554
      ],
      [
       124.6175847,
       8.3670129
      ],
      [
       124.6174809,
       8.3662749
      ],
      [
       124.6172333,
       8.3655927
      ],
      [
       124.6169651,
       8.3651097
      ],
      [
       124.6161121,
       8.3635334
      ],
      [
       124.6154201,
       8.3627161
      ],
      [
       124.6149749,
       8.3623711
      ],
      [
       124.6144813,
       8.3621111
      ],
      [
       124.6138644,
       8.3619359
      ],
      [
       124.6132178,
       8.36198
      ],
      [
       124.6124902,
       8.3623012
      ],
      [
       124.6118624,
       8.3626954
      ],
      [
       124.6108764,
       8.3633583
      ],
      [
       124.6104956,
       8.3635069
      ],
      [
       124.6100718,
       8.3635122
      ],
      [
       124.6097238,
       8.363455
      ],
      [
       124.609074,
       8.3631672
      ],
      [
       124.6085536,
       8.3628169
      ],
      [
       124.6079904,
       8.3622809
      ],
      [
       124.6074325,
       8.3616387
      ],
      [
       124.6070301,
       8.3609434
      ],
      [
       124.606719,
       8.3601951
      ],
      [
       124.6064615,
       8.3592079
      ],
      [
       124.606483,
       8.358847
      ],
      [
       124.6066761,
       8.3585445
      ],
      [
       124.6068424,
       8.3574989
      ],
      [
       124.6069765,
       8.3573556
      ],
      [
       124.6075183,
       8.3570584
      ],
      [
       124.6077383,
       8.3569045
      ],
      [
       124.6077919,
       8.3566656
      ],
      [
       124.6076417,
       8.3559969
      ],
      [
       124.6075022,
       8.35536
      ],
      [
       124.6073198,
       8.3541711
      ],
      [
       124.6071964,
       8.3536828
      ],
      [
       124.6068424,
       8.3528973
      ],
      [
       124.6066117,
       8.352547
      ],
      [
       124.606483,
       8.3521224
      ],
      [
       124.6063837,
       8.3512454
      ],
      [
       124.6063757,
       8.3501533
      ],
      [
       124.6064347,
       8.349803
      ],
      [
       124.606542,
       8.3496279
      ],
      [
       124.6067566,
       8.3494368
      ],
      [
       124.607631,
       8.348715
      ],
      [
       124.6084145,
       8.348061
      ],
      [
       124.6092009,
       8.3472281
      ],
      [
       124.6095152,
       8.3466719
      ],
      [
       124.6098042,
       8.3458457
      ],
      [
       124.6098531,
       8.3455217
      ],
      [
       124.6096855,
       8.3450421
      ],
      [
       124.6093638,
       8.3445765
      ],
      [
       124.6088238,
       8.3440224
      ],
      [
       124.6083038,
       8.3435079
      ],
      [
       124.6073637,
       8.3427955
      ],
      [
       124.6063274,
       8.3420062
      ],
      [
       124.6057963,
       8.3416771
      ],
      [
       124.6050829,
       8.3412472
      ],
      [
       124.6047234,
       8.3410932
      ],
      [
       124.6041709,
       8.3411251
      ],
      [
       124.6034896,
       8.3414276
      ],
      [
       124.6032536,
       8.341693
      ],
      [
       124.6026528,
       8.3423299
      ],
      [
       124.6023577,
       8.3424361
      ],
      [
       124.60195,
       8.3424732
      ],
      [
       124.6015799,
       8.342314
      ],
      [
       124.601317,
       8.3419902
      ],
      [
       124.6010059,
       8.3414701
      ],
      [
       124.6008182,
       8.3407217
      ],
      [
       124.6007699,
       8.3399309
      ],
      [
       124.6007109,
       8.3388587
      ],
      [
       124.600743,
       8.3375212
      ],
      [
       124.6007806,
       8.3366348
      ],
      [
       124.6007967,
       8.3360456
      ],
      [
       124.6009308,
       8.3358598
      ],
      [
       124.6015316,
       8.3356104
      ],
      [
       124.6019715,
       8.3354671
      ],
      [
       124.6024972,
       8.3354405
      ],
      [
       124.6035272,
       8.335621
      ],
      [
       124.6037636,
       8.3355328
      ],
      [
       124.6039456,
       8.3352707
      ],
      [
       124.6040583,
       8.3349788
      ],
      [
       124.6041012,
       8.3345701
      ],
      [
       124.6040314,
       8.3343631
      ],
      [
       124.6033448,
       8.3337686
      ],
      [
       124.6028244,
       8.3330096
      ],
      [
       124.6023435,
       8.332307
      ],
      [
       124.6019678,
       8.3318118
      ],
      [
       124.6017372,
       8.3312916
      ],
      [
       124.6016245,
       8.3307661
      ],
      [
       124.6016245,
       8.3303681
      ],
      [
       124.6016818,
       8.3299151
      ],
      [
       124.6017854,
       8.3295506
      ],
      [
       124.601941,
       8.3291207
      ],
      [
       124.6020949,
       8.3288748
      ],
      [
       124.6023041,
       8.328689
      ],
      [
       124.602803,
       8.3284661
      ],
      [
       124.6033019,
       8.3282856
      ],
      [
       124.6034574,
       8.3283122
      ],
      [
       124.603722,
       8.3288235
      ],
      [
       124.6040583,
       8.329103
      ],
      [
       124.6042997,
       8.3292516
      ],
      [
       124.604532,
       8.3292587
      ],
      [
       124.6049917,
       8.3289809
      ],
      [
       124.6058661,
       8.3286094
      ],
      [
       124.606027,
       8.3284979
      ],
      [
       124.6061128,
       8.3283068
      ],
      [
       124.605968,
       8.3278451
      ],
      [
       124.6055067,
       8.3270913
      ],
      [
       124.6050775,
       8.3263482
      ],
      [
       124.604752,
       8.3257237
      ],
      [
       124.6046178,
       8.3254477
      ],
      [
       124.6046286,
       8.3251265
      ],
      [
       124.6047342,
       8.3237421
      ],
      [
       124.6047449,
       8.322999
      ],
      [
       124.6047556,
       8.3223036
      ],
      [
       124.6048146,
       8.3212898
      ],
      [
       124.604761,
       8.320621
      ],
      [
       124.6045588,
       8.3197788
      ],
      [
       124.6041262,
       8.318798
      ],
      [
       124.6034862,
       8.3177293
      ],
      [
       124.6029156,
       8.3167037
      ],
      [
       124.6024811,
       8.3159712
      ],
      [
       124.6021378,
       8.3153289
      ],
      [
       124.6020251,
       8.3148406
      ],
      [
       124.6018535,
       8.3139064
      ],
      [
       124.6017479,
       8.3129421
      ],
      [
       124.6015655,
       8.3122414
      ],
      [
       124.6014351,
       8.3118681
      ],
      [
       124.6014243,
       8.3116399
      ],
      [
       124.6015209,
       8.3111674
      ],
      [
       124.6017301,
       8.3109073
      ],
      [
       124.6024436,
       8.3104561
      ],
      [
       124.6034092,
       8.3098829
      ],
      [
       124.6047717,
       8.3088743
      ],
      [
       124.6056086,
       8.3080622
      ],
      [
       124.606431,
       8.3071218
      ],
      [
       124.6069041,
       8.3065096
      ],
      [
       124.6070248,
       8.3062601
      ],
      [
       124.6070863,
       8.3059024
      ],
      [
       124.6071264,
       8.3050434
      ],
      [
       124.6069753,
       8.3044827
      ],
      [
       124.6066992,
       8.3035812
      ],
      [
       124.6059268,
       8.3028965
      ],
      [
       124.6051221,
       8.3023922
      ],
      [
       124.6039795,
       8.3019835
      ],
      [
       124.602515,
       8.3017818
      ],
      [
       124.6015923,
       8.3019092
      ],
      [
       124.6011293,
       8.3021277
      ],
      [
       124.6009147,
       8.3022922
      ],
      [
       124.6005714,
       8.302754
      ],
      [
       124.6005017,
       8.3029611
      ],
      [
       124.6004282,
       8.303268
      ],
      [
       124.6002174,
       8.3035974
      ],
      [
       124.5997941,
       8.3039947
      ],
      [
       124.5989196,
       8.3046313
      ],
      [
       124.5980035,
       8.3050357
      ],
      [
       124.5969521,
       8.304903
      ],
      [
       124.596244,
       8.3046429
      ],
      [
       124.5953696,
       8.3040059
      ],
      [
       124.5950638,
       8.3037776
      ],
      [
       124.5948063,
       8.3034857
      ],
      [
       124.5945799,
       8.3030211
      ],
      [
       124.5943718,
       8.3025939
      ],
      [
       124.5942001,
       8.3019569
      ],
      [
       124.5942216,
       8.3016066
      ],
      [
       124.5942699,
       8.3009006
      ],
      [
       124.5943118,
       8.3004128
      ],
      [
       124.5943182,
       8.3003379
      ],
      [
       124.5942377,
       8.2998973
      ],
      [
       124.5946235,
       8.2982879
      ],
      [
       124.5947151,
       8.2976519
      ],
      [
       124.5945435,
       8.2972538
      ],
      [
       124.594404,
       8.296999
      ],
      [
       124.5943879,
       8.2963886
      ],
      [
       124.5951412,
       8.2949928
      ],
      [
       124.5953746,
       8.2942629
      ],
      [
       124.5955865,
       8.2932464
      ],
      [
       124.595565,
       8.2924448
      ],
      [
       124.5954362,
       8.2915875
      ],
      [
       124.5952431,
       8.290778
      ],
      [
       124.5949479,
       8.2900171
      ],
      [
       124.5944921,
       8.2893819
      ],
      [
       124.5938913,
       8.2888564
      ],
      [
       124.593477,
       8.2886757
      ],
      [
       124.5931242,
       8.2885219
      ],
      [
       124.5922766,
       8.2883414
      ],
      [
       124.5904205,
       8.288214
      ],
      [
       124.5894388,
       8.2883414
      ],
      [
       124.588602,
       8.2885538
      ],
      [
       124.5874379,
       8.2889838
      ],
      [
       124.5864723,
       8.2894084
      ],
      [
       124.5861075,
       8.2896261
      ],
      [
       124.5858125,
       8.2898915
      ],
      [
       124.5853243,
       8.2906227
      ],
      [
       124.5847906,
       8.2913473
      ],
      [
       124.5844902,
       8.2920055
      ],
      [
       124.5844902,
       8.2928867
      ],
      [
       124.5844204,
       8.2933698
      ],
      [
       124.5843909,
       8.2936113
      ],
      [
       124.5843373,
       8.2940041
      ],
      [
       124.5841898,
       8.2944049
      ],
      [
       124.583436,
       8.2949331
      ],
      [
       124.5829559,
       8.2947022
      ],
      [
       124.5823793,
       8.2944766
      ],
      [
       124.5820815,
       8.294259
      ],
      [
       124.5817543,
       8.2939564
      ],
      [
       124.5814941,
       8.2935529
      ],
      [
       124.5812501,
       8.293038
      ],
      [
       124.581065,
       8.2924779
      ],
      [
       124.5807458,
       8.291772
      ],
      [
       124.5813413,
       8.2902485
      ],
      [
       124.5820333,
       8.2893434
      ],
      [
       124.5828594,
       8.2886852
      ],
      [
       124.5836855,
       8.2880694
      ],
      [
       124.5852948,
       8.2867741
      ],
      [
       124.5863033,
       8.2857974
      ],
      [
       124.5864428,
       8.2848631
      ],
      [
       124.586239,
       8.2840562
      ],
      [
       124.5857669,
       8.2833555
      ],
      [
       124.5848979,
       8.2822195
      ],
      [
       124.5839001,
       8.2809348
      ],
      [
       124.5830418,
       8.2800324
      ],
      [
       124.5826984,
       8.2791406
      ],
      [
       124.5826126,
       8.2783018
      ],
      [
       124.582677,
       8.2778241
      ],
      [
       124.5828916,
       8.2776223
      ],
      [
       124.5839719,
       8.2774431
      ],
      [
       124.5852841,
       8.2775162
      ],
      [
       124.5865179,
       8.2779939
      ],
      [
       124.5872367,
       8.2775692
      ],
      [
       124.587741,
       8.2769428
      ],
      [
       124.5881916,
       8.2762103
      ],
      [
       124.5882131,
       8.2751273
      ],
      [
       124.5870436,
       8.2741399
      ],
      [
       124.5861209,
       8.2732375
      ],
      [
       124.5851768,
       8.2720802
      ],
      [
       124.5845653,
       8.2707212
      ],
      [
       124.584061,
       8.2697125
      ],
      [
       124.5838893,
       8.2683748
      ],
      [
       124.5838035,
       8.2676103
      ],
      [
       124.5839644,
       8.266591
      ],
      [
       124.584777,
       8.2647402
      ],
      [
       124.5850226,
       8.2640903
      ],
      [
       124.5855416,
       8.2624449
      ],
      [
       124.5853807,
       8.2620627
      ],
      [
       124.5851017,
       8.2617867
      ],
      [
       124.5838357,
       8.2613407
      ],
      [
       124.5826233,
       8.2611496
      ],
      [
       124.5816078,
       8.2613321
      ],
      [
       124.5803381,
       8.2615
      ],
      [
       124.5797695,
       8.2612876
      ],
      [
       124.5796193,
       8.2608417
      ],
      [
       124.5795764,
       8.2598755
      ],
      [
       124.579362,
       8.2588901
      ],
      [
       124.5793547,
       8.2587711
      ],
      [
       124.578954,
       8.2578369
      ],
      [
       124.5789326,
       8.2573804
      ],
      [
       124.5791674,
       8.2570319
      ],
      [
       124.5800701,
       8.2562251
      ],
      [
       124.5811736,
       8.25528
      ],
      [
       124.5818457,
       8.2544838
      ],
      [
       124.582311,
       8.2539836
      ],
      [
       124.5828221,
       8.2534486
      ],
      [
       124.5830512,
       8.2530715
      ],
      [
       124.5831209,
       8.2527742
      ],
      [
       124.5830781,
       8.2524743
      ],
      [
       124.5828849,
       8.2521914
      ],
      [
       124.5826328,
       8.2520309
      ],
      [
       124.5824303,
       8.2519409
      ],
      [
       124.5818511,
       8.2518666
      ],
      [
       124.5813128,
       8.2518174
      ],
      [
       124.5785957,
       8.2533639
      ],
      [
       124.4962446,
       8.3032914
      ],
      [
       124.4581291,
       8.3092493
      ],
      [
       124.4484112,
       8.3162044
      ],
      [
       124.4482326,
       8.3169638
      ],
      [
       124.4481162,
       8.319088
      ],
      [
       124.4481146,
       8.3193206
      ],
      [
       124.4478142,
       8.3200849
      ],
      [
       124.4473314,
       8.3206794
      ],
      [
       124.4472134,
       8.3212845
      ],
      [
       124.4474816,
       8.3217941
      ],
      [
       124.4490051,
       8.322293
      ],
      [
       124.4499385,
       8.3224523
      ],
      [
       124.4510007,
       8.3223992
      ],
      [
       124.4515479,
       8.322155
      ],
      [
       124.4516015,
       8.3217304
      ],
      [
       124.451741,
       8.3210722
      ],
      [
       124.4523203,
       8.3205308
      ],
      [
       124.4537365,
       8.320138
      ],
      [
       124.4548523,
       8.3202229
      ],
      [
       124.4555068,
       8.3205945
      ],
      [
       124.4559145,
       8.321189
      ],
      [
       124.4561183,
       8.3218578
      ],
      [
       124.4560486,
       8.3225
      ],
      [
       124.4556355,
       8.3232484
      ],
      [
       124.455362,
       8.323827
      ],
      [
       124.4553727,
       8.3242994
      ],
      [
       124.455598,
       8.3247346
      ],
      [
       124.4559574,
       8.324947
      ],
      [
       124.456526,
       8.324878
      ],
      [
       124.4570088,
       8.3245754
      ],
      [
       124.4572556,
       8.3241242
      ],
      [
       124.4573843,
       8.3234289
      ],
      [
       124.4575936,
       8.3229247
      ],
      [
       124.4578779,
       8.3225956
      ],
      [
       124.458307,
       8.322569
      ],
      [
       124.4591063,
       8.3230786
      ],
      [
       124.4596696,
       8.3236094
      ],
      [
       124.4600987,
       8.3242039
      ],
      [
       124.4606352,
       8.3254565
      ],
      [
       124.4608122,
       8.3259183
      ],
      [
       124.4608337,
       8.3262421
      ],
      [
       124.4607007,
       8.3266073
      ],
      [
       124.4602062,
       8.3268746
      ],
      [
       124.4596146,
       8.3269376
      ],
      [
       124.4589886,
       8.3269427
      ],
      [
       124.4585618,
       8.3270433
      ],
      [
       124.4582682,
       8.3271473
      ],
      [
       124.4577417,
       8.3273242
      ],
      [
       124.4573146,
       8.327439
      ],
      [
       124.4570104,
       8.3276761
      ],
      [
       124.4568511,
       8.3280997
      ],
      [
       124.4567529,
       8.3283609
      ],
      [
       124.4570265,
       8.3291332
      ],
      [
       124.4572947,
       8.329855
      ],
      [
       124.4584105,
       8.3308635
      ],
      [
       124.4594727,
       8.3316491
      ],
      [
       124.459934,
       8.3319357
      ],
      [
       124.4602022,
       8.332424
      ],
      [
       124.4601593,
       8.3328911
      ],
      [
       124.4601438,
       8.3339412
      ],
      [
       124.459725,
       8.3349863
      ],
      [
       124.4593982,
       8.3353187
      ],
      [
       124.4584701,
       8.3359084
      ],
      [
       124.4574522,
       8.3362445
      ],
      [
       124.4566666,
       8.3359891
      ],
      [
       124.4563065,
       8.3360979
      ],
      [
       124.4558843,
       8.3369414
      ],
      [
       124.455715,
       8.3376498
      ],
      [
       124.4560715,
       8.3380504
      ],
      [
       124.4565812,
       8.3383182
      ],
      [
       124.4572065,
       8.3384032
      ],
      [
       124.4576966,
       8.3387067
      ],
      [
       124.4582745,
       8.339056
      ],
      [
       124.4588365,
       8.3395304
      ],
      [
       124.4595149,
       8.3396459
      ],
      [
       124.4607422,
       8.3396632
      ],
      [
       124.4614829,
       8.3399033
      ],
      [
       124.4615531,
       8.3405307
      ],
      [
       124.4612859,
       8.3415374
      ],
      [
       124.4610901,
       8.3420576
      ],
      [
       124.4608729,
       8.342928
      ],
      [
       124.4612215,
       8.3431032
      ],
      [
       124.4618707,
       8.3431536
      ],
      [
       124.462397,
       8.3430416
      ],
      [
       124.4629314,
       8.3427941
      ],
      [
       124.463488,
       8.3425512
      ],
      [
       124.4644107,
       8.3422354
      ],
      [
       124.4646963,
       8.3426255
      ],
      [
       124.4646494,
       8.3432703
      ],
      [
       124.4640955,
       8.3440386
      ],
      [
       124.4636423,
       8.3443836
      ],
      [
       124.4632406,
       8.3446988
      ],
      [
       124.4632077,
       8.3449223
      ],
      [
       124.4634056,
       8.3454412
      ],
      [
       124.4636759,
       8.3456416
      ],
      [
       124.4640518,
       8.3457691
      ],
      [
       124.4645178,
       8.3463286
      ],
      [
       124.4645399,
       8.3469879
      ],
      [
       124.464602,
       8.3481862
      ],
      [
       124.4661903,
       8.34867
      ],
      [
       124.4671428,
       8.3483345
      ],
      [
       124.4679199,
       8.347881
      ],
      [
       124.4694176,
       8.3463785
      ],
      [
       124.4704759,
       8.3453209
      ],
      [
       124.4704108,
       8.3434498
      ],
      [
       124.4701551,
       8.3427871
      ],
      [
       124.4698973,
       8.3417421
      ],
      [
       124.4707398,
       8.341097
      ],
      [
       124.4711224,
       8.3411606
      ],
      [
       124.4716081,
       8.3417658
      ],
      [
       124.4724151,
       8.3432753
      ],
      [
       124.4732233,
       8.3451921
      ],
      [
       124.4726425,
       8.345902
      ],
      [
       124.4725361,
       8.3462061
      ],
      [
       124.473185,
       8.3471423
      ],
      [
       124.4733608,
       8.347354
      ],
      [
       124.473776,
       8.3473188
      ],
      [
       124.4741617,
       8.3470734
      ],
      [
       124.4748047,
       8.3466618
      ],
      [
       124.4754437,
       8.3471399
      ],
      [
       124.4757892,
       8.3480658
      ],
      [
       124.476461,
       8.3487512
      ],
      [
       124.4769817,
       8.3491062
      ],
      [
       124.4774363,
       8.3489377
      ],
      [
       124.4777136,
       8.3486752
      ],
      [
       124.4777457,
       8.3478092
      ],
      [
       124.4768156,
       8.3460131
      ],
      [
       124.4766801,
       8.3453608
      ],
      [
       124.4769835,
       8.3448205
      ],
      [
       124.477899,
       8.3449089
      ],
      [
       124.4784206,
       8.3449981
      ],
      [
       124.4792188,
       8.3453901
      ],
      [
       124.4789645,
       8.3467829
      ],
      [
       124.4796059,
       8.3475205
      ],
      [
       124.4807927,
       8.3471357
      ],
      [
       124.4811455,
       8.3467187
      ],
      [
       124.4816907,
       8.3456282
      ],
      [
       124.4820115,
       8.3452754
      ],
      [
       124.4824926,
       8.3451471
      ],
      [
       124.4830057,
       8.3454037
      ],
      [
       124.4832944,
       8.3460131
      ],
      [
       124.4830378,
       8.3467187
      ],
      [
       124.482268,
       8.3475205
      ],
      [
       124.4820435,
       8.3482903
      ],
      [
       124.4833585,
       8.3493487
      ],
      [
       124.4839038,
       8.3500864
      ],
      [
       124.4841607,
       8.3510758
      ],
      [
       124.4839036,
       8.3518011
      ],
      [
       124.4838394,
       8.352667
      ],
      [
       124.4839449,
       8.3531634
      ],
      [
       124.4845633,
       8.3534123
      ],
      [
       124.4851865,
       8.3530519
      ],
      [
       124.4854752,
       8.352635
      ],
      [
       124.4856355,
       8.3512558
      ],
      [
       124.4861038,
       8.3485788
      ],
      [
       124.4865189,
       8.3481746
      ],
      [
       124.4870698,
       8.3481524
      ],
      [
       124.4876,
       8.3484689
      ],
      [
       124.4878667,
       8.3496801
      ],
      [
       124.4882714,
       8.3508141
      ],
      [
       124.4889391,
       8.3518011
      ],
      [
       124.4901865,
       8.3536061
      ],
      [
       124.4905107,
       8.3545914
      ],
      [
       124.4904819,
       8.3550301
      ],
      [
       124.4903134,
       8.3551366
      ],
      [
       124.4900956,
       8.3551578
      ],
      [
       124.4891629,
       8.35473
      ],
      [
       124.4883521,
       8.3541829
      ],
      [
       124.4879508,
       8.3538261
      ],
      [
       124.4875114,
       8.3536984
      ],
      [
       124.486871,
       8.3537327
      ],
      [
       124.48643,
       8.3539084
      ],
      [
       124.4860357,
       8.3543516
      ],
      [
       124.4859377,
       8.35468
      ],
      [
       124.4859606,
       8.3551504
      ],
      [
       124.4860598,
       8.3554953
      ],
      [
       124.4862133,
       8.3557661
      ],
      [
       124.4865212,
       8.356119
      ],
      [
       124.4870254,
       8.3564878
      ],
      [
       124.4877524,
       8.3572855
      ],
      [
       124.4887467,
       8.3584081
      ],
      [
       124.48949,
       8.3595759
      ],
      [
       124.4900142,
       8.3602096
      ],
      [
       124.4900949,
       8.3603071
      ],
      [
       124.4907015,
       8.3605402
      ],
      [
       124.4913446,
       8.3605892
      ],
      [
       124.4916012,
       8.3601081
      ],
      [
       124.4914617,
       8.3593517
      ],
      [
       124.4915691,
       8.358825
      ],
      [
       124.4924672,
       8.3579911
      ],
      [
       124.4932982,
       8.3576782
      ],
      [
       124.494116,
       8.3575675
      ],
      [
       124.4957833,
       8.3577743
      ],
      [
       124.4964937,
       8.357652
      ],
      [
       124.4971048,
       8.3573732
      ],
      [
       124.4975358,
       8.3571052
      ],
      [
       124.4983814,
       8.3570243
      ],
      [
       124.4994601,
       8.3572175
      ],
      [
       124.5001537,
       8.3579474
      ],
      [
       124.5005649,
       8.3588844
      ],
      [
       124.5006655,
       8.3595438
      ],
      [
       124.5003313,
       8.3600591
      ],
      [
       124.4993307,
       8.3608661
      ],
      [
       124.4986532,
       8.3611134
      ],
      [
       124.4980149,
       8.3612586
      ],
      [
       124.4971396,
       8.3614775
      ],
      [
       124.4965845,
       8.3613416
      ],
      [
       124.495735,
       8.3618458
      ],
      [
       124.495589,
       8.3626467
      ],
      [
       124.4954442,
       8.3636086
      ],
      [
       124.4955206,
       8.3645605
      ],
      [
       124.4948965,
       8.3653949
      ],
      [
       124.4939389,
       8.3657442
      ],
      [
       124.4935942,
       8.3658714
      ],
      [
       124.493435,
       8.3661706
      ],
      [
       124.4935965,
       8.3666085
      ],
      [
       124.4937131,
       8.3670043
      ],
      [
       124.4939004,
       8.3673057
      ],
      [
       124.4939584,
       8.367525
      ],
      [
       124.4940787,
       8.3678125
      ],
      [
       124.4946748,
       8.368097
      ],
      [
       124.4959719,
       8.3686152
      ],
      [
       124.4970003,
       8.3690153
      ],
      [
       124.4975946,
       8.3690788
      ],
      [
       124.4987655,
       8.3687748
      ],
      [
       124.4996041,
       8.3685342
      ],
      [
       124.5003039,
       8.3687442
      ],
      [
       124.5007527,
       8.3700415
      ],
      [
       124.5005756,
       8.3711813
      ],
      [
       124.5010038,
       8.3729479
      ],
      [
       124.5021534,
       8.3741096
      ],
      [
       124.5017407,
       8.3754643
      ],
      [
       124.5006581,
       8.3754944
      ],
      [
       124.4995678,
       8.3753084
      ],
      [
       124.4974664,
       8.3736364
      ],
      [
       124.4956866,
       8.3731378
      ],
      [
       124.4945804,
       8.3733922
      ],
      [
       124.4943217,
       8.3737131
      ],
      [
       124.4942565,
       8.3741787
      ],
      [
       124.4943424,
       8.3748747
      ],
      [
       124.4949054,
       8.3756143
      ],
      [
       124.4956293,
       8.3762199
      ],
      [
       124.4963987,
       8.3767964
      ],
      [
       124.4971839,
       8.376732
      ],
      [
       124.4979519,
       8.3769149
      ],
      [
       124.4983471,
       8.3775095
      ],
      [
       124.4985868,
       8.3787816
      ],
      [
       124.4991585,
       8.3798658
      ],
      [
       124.4991126,
       8.3805755
      ],
      [
       124.499374,
       8.3807827
      ],
      [
       124.4995506,
       8.3811688
      ],
      [
       124.5001212,
       8.3813331
      ],
      [
       124.5007632,
       8.3811633
      ],
      [
       124.5016286,
       8.3805689
      ],
      [
       124.5019614,
       8.379919
      ],
      [
       124.5024774,
       8.3787137
      ],
      [
       124.5033335,
       8.3779828
      ],
      [
       124.504238,
       8.3777096
      ],
      [
       124.5062174,
       8.3770788
      ],
      [
       124.5071541,
       8.3775613
      ],
      [
       124.5073295,
       8.3782547
      ],
      [
       124.5071048,
       8.3801035
      ],
      [
       124.5077802,
       8.3805168
      ],
      [
       124.5084313,
       8.3805306
      ],
      [
       124.5091778,
       8.3806413
      ],
      [
       124.510173,
       8.3806173
      ],
      [
       124.5127339,
       8.3799673
      ],
      [
       124.5138244,
       8.3804484
      ],
      [
       124.5141452,
       8.3818917
      ],
      [
       124.5140492,
       8.3828071
      ],
      [
       124.5129906,
       8.3835612
      ],
      [
       124.5125628,
       8.3836167
      ],
      [
       124.511018,
       8.3838172
      ],
      [
       124.5093659,
       8.3837537
      ],
      [
       124.5081795,
       8.3848745
      ],
      [
       124.5071336,
       8.387009
      ],
      [
       124.5070713,
       8.3871361
      ],
      [
       124.5068148,
       8.3887077
      ],
      [
       124.5075683,
       8.3901031
      ],
      [
       124.50898,
       8.3912737
      ],
      [
       124.5112906,
       8.392059
      ],
      [
       124.5135037,
       8.3923156
      ],
      [
       124.5146263,
       8.3927967
      ],
      [
       124.5155243,
       8.3939834
      ],
      [
       124.5162272,
       8.3946059
      ],
      [
       124.5182066,
       8.3961235
      ],
      [
       124.5194843,
       8.3966087
      ],
      [
       124.520624,
       8.3967417
      ],
      [
       124.5217145,
       8.3970945
      ],
      [
       124.5222918,
       8.397736
      ],
      [
       124.5227311,
       8.3986034
      ],
      [
       124.5229268,
       8.3995794
      ],
      [
       124.5230225,
       8.4007834
      ],
      [
       124.5230518,
       8.4019576
      ],
      [
       124.5229664,
       8.4032035
      ],
      [
       124.5226791,
       8.4042907
      ],
      [
       124.5214258,
       8.4059468
      ],
      [
       124.5210586,
       8.4073872
      ],
      [
       124.5211887,
       8.407996
      ],
      [
       124.5215642,
       8.408325
      ],
      [
       124.5227278,
       8.408236
      ],
      [
       124.5237233,
       8.4078677
      ],
      [
       124.5263041,
       8.4080408
      ],
      [
       124.5276318,
       8.4078902
      ],
      [
       124.5284333,
       8.4074302
      ],
      [
       124.5299894,
       8.4052412
      ],
      [
       124.5318497,
       8.4055298
      ],
      [
       124.5330364,
       8.4062034
      ],
      [
       124.5336137,
       8.4074541
      ],
      [
       124.5348648,
       8.4088019
      ],
      [
       124.5355062,
       8.4088981
      ],
      [
       124.5370301,
       8.4079355
      ],
      [
       124.5374471,
       8.407294
      ],
      [
       124.5373835,
       8.4061076
      ],
      [
       124.5366607,
       8.4045356
      ],
      [
       124.535891,
       8.4033809
      ],
      [
       124.5357627,
       8.4022263
      ],
      [
       124.5364362,
       8.4016169
      ],
      [
       124.5370777,
       8.4015527
      ],
      [
       124.5378474,
       8.4020338
      ],
      [
       124.5384248,
       8.4028036
      ],
      [
       124.5394511,
       8.4030923
      ],
      [
       124.5404775,
       8.4026111
      ],
      [
       124.5412472,
       8.4024829
      ],
      [
       124.5419208,
       8.4028998
      ],
      [
       124.5434924,
       8.4045035
      ],
      [
       124.5449036,
       8.4071976
      ],
      [
       124.5454809,
       8.4088012
      ],
      [
       124.5455771,
       8.4108539
      ],
      [
       124.5456734,
       8.4130991
      ],
      [
       124.5462828,
       8.4141896
      ],
      [
       124.5471808,
       8.4145103
      ],
      [
       124.5476624,
       8.4142219
      ],
      [
       124.547887,
       8.4134682
      ],
      [
       124.5476952,
       8.411512
      ],
      [
       124.5478928,
       8.4108192
      ],
      [
       124.5483355,
       8.4101162
      ],
      [
       124.5489448,
       8.4095389
      ],
      [
       124.5498884,
       8.4092272
      ],
      [
       124.5502961,
       8.4091476
      ],
      [
       124.5508313,
       8.4092838
      ],
      [
       124.5514723,
       8.4096377
      ],
      [
       124.5527615,
       8.4103976
      ],
      [
       124.5534762,
       8.4109089
      ],
      [
       124.5539811,
       8.4111998
      ],
      [
       124.5545129,
       8.4114908
      ],
      [
       124.5553787,
       8.4118592
      ],
      [
       124.5560577,
       8.4121292
      ],
      [
       124.5566197,
       8.4124081
      ],
      [
       124.5568987,
       8.4126813
      ],
      [
       124.5571329,
       8.4130676
      ],
      [
       124.5571518,
       8.4133954
      ],
      [
       124.5569739,
       8.4140867
      ],
      [
       124.5565102,
       8.4148822
      ],
      [
       124.5560499,
       8.4155717
      ],
      [
       124.5555626,
       8.4160567
      ],
      [
       124.5549969,
       8.4165599
      ],
      [
       124.5547818,
       8.4167518
      ],
      [
       124.5545384,
       8.4172001
      ],
      [
       124.5539804,
       8.4177818
      ],
      [
       124.5531268,
       8.4191397
      ],
      [
       124.5522951,
       8.4198481
      ],
      [
       124.5516981,
       8.4205898
      ],
      [
       124.5515299,
       8.4209125
      ],
      [
       124.5517078,
       8.4212739
      ],
      [
       124.5515709,
       8.4253685
      ],
      [
       124.5497085,
       8.4258183
      ],
      [
       124.5489687,
       8.4307631
      ],
      [
       124.5498005,
       8.4311571
      ],
      [
       124.5507199,
       8.4321202
      ],
      [
       124.5507199,
       8.4329521
      ],
      [
       124.5505885,
       8.4336087
      ],
      [
       124.5505885,
       8.4344406
      ],
      [
       124.5507199,
       8.4353162
      ],
      [
       124.5514204,
       8.4360604
      ],
      [
       124.5519457,
       8.4365858
      ],
      [
       124.5523835,
       8.4368485
      ],
      [
       124.5527664,
       8.4371509
      ],
      [
       124.552519,
       8.4376579
      ],
      [
       124.5522667,
       8.4382252
      ],
      [
       124.5522461,
       8.4387761
      ],
      [
       124.5523835,
       8.4389061
      ],
      [
       124.5529964,
       8.4396941
      ],
      [
       124.5542223,
       8.4403508
      ],
      [
       124.5550541,
       8.4406135
      ],
      [
       124.556061,
       8.4410951
      ],
      [
       124.5557108,
       8.442102
      ],
      [
       124.5556232,
       8.4430214
      ],
      [
       124.5558421,
       8.4434154
      ],
      [
       124.5580749,
       8.4447726
      ],
      [
       124.5589067,
       8.4455169
      ],
      [
       124.5587754,
       8.4462611
      ],
      [
       124.5591256,
       8.4477496
      ],
      [
       124.5595196,
       8.449063
      ],
      [
       124.5598261,
       8.4505078
      ],
      [
       124.5597408,
       8.4509343
      ],
      [
       124.5594759,
       8.452259
      ],
      [
       124.5595156,
       8.453332
      ],
      [
       124.5595196,
       8.453441
      ],
      [
       124.559475,
       8.4536752
      ],
      [
       124.5593445,
       8.4543604
      ],
      [
       124.5587754,
       8.4552798
      ],
      [
       124.5583376,
       8.4559802
      ],
      [
       124.5584689,
       8.4568121
      ],
      [
       124.5593339,
       8.4575689
      ],
      [
       124.5595196,
       8.4577314
      ],
      [
       124.560045,
       8.4586508
      ],
      [
       124.5615335,
       8.4586946
      ],
      [
       124.5633723,
       8.4592637
      ],
      [
       124.5638101,
       8.4599204
      ],
      [
       124.5638976,
       8.4606209
      ],
      [
       124.5642916,
       8.4615841
      ],
      [
       124.5650797,
       8.4622845
      ],
      [
       124.5651672,
       8.462985
      ],
      [
       124.5647732,
       8.4635541
      ],
      [
       124.5643792,
       8.4642546
      ],
      [
       124.5651234,
       8.4645173
      ],
      [
       124.5659553,
       8.4645611
      ],
      [
       124.5664806,
       8.4651302
      ],
      [
       124.5662179,
       8.4658745
      ],
      [
       124.5656488,
       8.4660496
      ],
      [
       124.5650797,
       8.4663561
      ],
      [
       124.5649483,
       8.466969
      ],
      [
       124.5652986,
       8.4676695
      ],
      [
       124.5662617,
       8.4679321
      ],
      [
       124.5665244,
       8.4685013
      ],
      [
       124.5667871,
       8.4691142
      ],
      [
       124.5663493,
       8.4696833
      ],
      [
       124.5666557,
       8.4701211
      ],
      [
       124.5672249,
       8.4699022
      ],
      [
       124.5674876,
       8.4690266
      ],
      [
       124.5679254,
       8.468151
      ],
      [
       124.5682318,
       8.4688077
      ],
      [
       124.568188,
       8.4701211
      ],
      [
       124.5688738,
       8.4705631
      ],
      [
       124.5696328,
       8.4703885
      ],
      [
       124.5701859,
       8.4703043
      ],
      [
       124.5704778,
       8.4704676
      ],
      [
       124.5702127,
       8.4708666
      ],
      [
       124.5696771,
       8.4709291
      ],
      [
       124.5692219,
       8.4713575
      ],
      [
       124.569927,
       8.4717324
      ],
      [
       124.570177,
       8.4719287
      ],
      [
       124.5700706,
       8.4722663
      ],
      [
       124.5696247,
       8.4724827
      ],
      [
       124.5692226,
       8.4723369
      ],
      [
       124.5690077,
       8.4722768
      ],
      [
       124.5684097,
       8.4724196
      ],
      [
       124.568258,
       8.4727856
      ],
      [
       124.5682937,
       8.4731247
      ],
      [
       124.5684811,
       8.47333
      ],
      [
       124.5684811,
       8.4736246
      ],
      [
       124.5683294,
       8.4738299
      ],
      [
       124.5682847,
       8.4740709
      ],
      [
       124.5683919,
       8.4742761
      ],
      [
       124.5689274,
       8.4743654
      ],
      [
       124.568972,
       8.4745796
      ],
      [
       124.5689858,
       8.4748431
      ],
      [
       124.5690585,
       8.4748564
      ],
      [
       124.5691775,
       8.4749225
      ],
      [
       124.5693163,
       8.4750415
      ],
      [
       124.5694816,
       8.4751076
      ],
      [
       124.56966,
       8.4751803
      ],
      [
       124.5698914,
       8.4752266
      ],
      [
       124.5699509,
       8.4753918
      ],
      [
       124.5700501,
       8.475524
      ],
      [
       124.5702153,
       8.4755968
      ],
      [
       124.5704004,
       8.4758347
      ],
      [
       124.5703938,
       8.4759603
      ],
      [
       124.5702484,
       8.4760529
      ],
      [
       124.5699774,
       8.476152
      ],
      [
       124.569865,
       8.4763371
      ],
      [
       124.5698518,
       8.4764892
      ],
      [
       124.5700236,
       8.4766148
      ],
      [
       124.5702748,
       8.4765817
      ],
      [
       124.5704137,
       8.476476
      ],
      [
       124.5707045,
       8.476152
      ],
      [
       124.5709425,
       8.4759736
      ],
      [
       124.5711739,
       8.4759603
      ],
      [
       124.5714515,
       8.4760793
      ],
      [
       124.5714713,
       8.4763239
      ],
      [
       124.5714052,
       8.4766016
      ],
      [
       124.571478,
       8.4767404
      ],
      [
       124.5716168,
       8.4767867
      ],
      [
       124.5718085,
       8.4767536
      ],
      [
       124.5720399,
       8.4767536
      ],
      [
       124.5724431,
       8.4767933
      ],
      [
       124.5727472,
       8.4767668
      ],
      [
       124.5729124,
       8.4769189
      ],
      [
       124.573089,
       8.4771215
      ],
      [
       124.5731416,
       8.4773122
      ],
      [
       124.573184,
       8.4774591
      ],
      [
       124.5732848,
       8.4776078
      ],
      [
       124.5736939,
       8.4778164
      ],
      [
       124.5738718,
       8.4779322
      ],
      [
       124.574057,
       8.4781219
      ],
      [
       124.574031,
       8.4782334
      ],
      [
       124.5732931,
       8.4785325
      ],
      [
       124.5730786,
       8.4788456
      ],
      [
       124.5730303,
       8.4795035
      ],
      [
       124.573159,
       8.4797635
      ],
      [
       124.57332,
       8.4800447
      ],
      [
       124.5730947,
       8.4803259
      ],
      [
       124.5732073,
       8.4807981
      ],
      [
       124.5731644,
       8.4808883
      ],
      [
       124.5727864,
       8.4810791
      ],
      [
       124.5725718,
       8.4812754
      ],
      [
       124.5725477,
       8.4815566
      ],
      [
       124.5727649,
       8.4818379
      ],
      [
       124.5730211,
       8.4821403
      ],
      [
       124.5731,
       8.4825848
      ],
      [
       124.5729552,
       8.4826445
      ],
      [
       124.5723705,
       8.4829045
      ],
      [
       124.5721505,
       8.483053
      ],
      [
       124.5720486,
       8.4833024
      ],
      [
       124.5719252,
       8.4837216
      ],
      [
       124.5718126,
       8.4839868
      ],
      [
       124.571893,
       8.4841938
      ],
      [
       124.572011,
       8.4844113
      ],
      [
       124.5718126,
       8.4845373
      ],
      [
       124.5716785,
       8.4845055
      ],
      [
       124.5714853,
       8.4843516
      ],
      [
       124.5712171,
       8.484337
      ],
      [
       124.570965,
       8.4843635
      ],
      [
       124.5709757,
       8.4845227
      ],
      [
       124.5710615,
       8.4848358
      ],
      [
       124.571083,
       8.4849578
      ],
      [
       124.5710347,
       8.4852814
      ],
      [
       124.5710133,
       8.4856528
      ],
      [
       124.5711313,
       8.4857908
      ],
      [
       124.5711796,
       8.486072
      ],
      [
       124.5712332,
       8.4862948
      ],
      [
       124.5714049,
       8.4865813
      ],
      [
       124.5716463,
       8.4869262
      ],
      [
       124.5717911,
       8.4869421
      ],
      [
       124.5719467,
       8.4870164
      ],
      [
       124.5721559,
       8.4869846
      ],
      [
       124.5723061,
       8.4863903
      ],
      [
       124.572054,
       8.4861091
      ],
      [
       124.572231,
       8.4859393
      ],
      [
       124.5726655,
       8.4858651
      ],
      [
       124.5729552,
       8.486141
      ],
      [
       124.5730464,
       8.4863996
      ],
      [
       124.5729284,
       8.4865376
      ],
      [
       124.572687,
       8.486645
      ],
      [
       124.5726172,
       8.4868148
      ],
      [
       124.5727889,
       8.4869103
      ],
      [
       124.5732341,
       8.4871172
      ],
      [
       124.5735882,
       8.4871968
      ],
      [
       124.5737706,
       8.4868837
      ],
      [
       124.5738564,
       8.4867989
      ],
      [
       124.5740603,
       8.486698
      ],
      [
       124.5741783,
       8.4868148
      ],
      [
       124.574189,
       8.4870005
      ],
      [
       124.5740066,
       8.4871756
      ],
      [
       124.573556,
       8.4874501
      ],
      [
       124.5731966,
       8.4872485
      ],
      [
       124.5729391,
       8.487291
      ],
      [
       124.5727996,
       8.487409
      ],
      [
       124.5727835,
       8.487604
      ],
      [
       124.5726226,
       8.4882844
      ],
      [
       124.572805,
       8.4883216
      ],
      [
       124.5731,
       8.4881041
      ],
      [
       124.5732073,
       8.4879926
      ],
      [
       124.5734273,
       8.4880085
      ],
      [
       124.5736579,
       8.4883322
      ],
      [
       124.5735184,
       8.4884754
      ],
      [
       124.5735077,
       8.4887726
      ],
      [
       124.5740066,
       8.4890113
      ],
      [
       124.5739208,
       8.4893668
      ],
      [
       124.5736955,
       8.4894888
      ],
      [
       124.5734112,
       8.4895949
      ],
      [
       124.5732395,
       8.4898814
      ],
      [
       124.5734702,
       8.4900884
      ],
      [
       124.5735184,
       8.4900884
      ],
      [
       124.5738349,
       8.4899876
      ],
      [
       124.5740603,
       8.4900671
      ],
      [
       124.5741515,
       8.4902475
      ],
      [
       124.5741568,
       8.4904863
      ],
      [
       124.5739422,
       8.490794
      ],
      [
       124.5739476,
       8.4909691
      ],
      [
       124.5740817,
       8.4912025
      ],
      [
       124.5742909,
       8.4914254
      ],
      [
       124.574468,
       8.4913564
      ],
      [
       124.5745913,
       8.4911853
      ],
      [
       124.5747254,
       8.491107
      ],
      [
       124.5750151,
       8.4911177
      ],
      [
       124.5755086,
       8.4911389
      ],
      [
       124.5758091,
       8.4912277
      ],
      [
       124.576088,
       8.4911707
      ],
      [
       124.5767478,
       8.4914307
      ],
      [
       124.5770429,
       8.4914625
      ],
      [
       124.5773317,
       8.4915497
      ],
      [
       124.577482,
       8.4917593
      ],
      [
       124.5772395,
       8.49211
      ],
      [
       124.5770773,
       8.4925424
      ],
      [
       124.5770504,
       8.4927753
      ],
      [
       124.5771067,
       8.4932994
      ],
      [
       124.5770597,
       8.4935024
      ],
      [
       124.5771834,
       8.4935523
      ],
      [
       124.5776112,
       8.4934038
      ],
      [
       124.5777778,
       8.4936696
      ],
      [
       124.5777617,
       8.49411
      ],
      [
       124.5779346,
       8.4943439
      ],
      [
       124.5782805,
       8.4946669
      ],
      [
       124.5785774,
       8.4948846
      ],
      [
       124.5787299,
       8.4951403
      ],
      [
       124.5788292,
       8.4954948
      ],
      [
       124.5789419,
       8.4956433
      ],
      [
       124.5792423,
       8.495967
      ],
      [
       124.5794193,
       8.4963702
      ],
      [
       124.5796017,
       8.4964338
      ],
      [
       124.5798806,
       8.4965081
      ],
      [
       124.5801221,
       8.496646
      ],
      [
       124.5802508,
       8.4968901
      ],
      [
       124.5803782,
       8.4971116
      ],
      [
       124.5805163,
       8.4972495
      ],
      [
       124.5808167,
       8.4973372
      ],
      [
       124.5809857,
       8.4974486
      ],
      [
       124.581211,
       8.4977762
      ],
      [
       124.5813505,
       8.4980321
      ],
      [
       124.5814793,
       8.4983544
      ],
      [
       124.5815744,
       8.4985109
      ],
      [
       124.5816777,
       8.4987046
      ],
      [
       124.5816818,
       8.4989447
      ],
      [
       124.5816134,
       8.4991397
      ],
      [
       124.5814846,
       8.4993519
      ],
      [
       124.5815597,
       8.4996172
      ],
      [
       124.5819245,
       8.4997697
      ],
      [
       124.5821873,
       8.5000297
      ],
      [
       124.5825682,
       8.5002803
      ],
      [
       124.5828043,
       8.5005297
      ],
      [
       124.5863482,
       8.499023
      ],
      [
       124.5903313,
       8.4982973
      ],
      [
       124.5930041,
       8.5044654
      ],
      [
       124.5944659,
       8.5035914
      ],
      [
       124.5954572,
       8.5032707
      ],
      [
       124.5964022,
       8.5032249
      ],
      [
       124.6035094,
       8.5035195
      ],
      [
       124.6039959,
       8.5035709
      ],
      [
       124.6044993,
       8.5036129
      ],
      [
       124.6044163,
       8.504489
      ],
      [
       124.604439,
       8.5048378
      ],
      [
       124.6045411,
       8.5053084
      ],
      [
       124.6047292,
       8.5057955
      ],
      [
       124.6049652,
       8.5061727
      ],
      [
       124.6053335,
       8.5065371
      ],
      [
       124.6063212,
       8.5072484
      ],
      [
       124.6070012,
       8.5076277
      ],
      [
       124.6079346,
       8.5081503
      ],
      [
       124.6083437,
       8.5084408
      ],
      [
       124.608923,
       8.5089418
      ],
      [
       124.6097169,
       8.5098199
      ],
      [
       124.6099216,
       8.5101828
      ],
      [
       124.6100664,
       8.5105249
      ],
      [
       124.6101971,
       8.5108465
      ],
      [
       124.6103065,
       8.511655
      ],
      [
       124.6105358,
       8.5125357
      ],
      [
       124.6107899,
       8.5133135
      ],
      [
       124.611083,
       8.5137745
      ],
      [
       124.6117299,
       8.5146902
      ],
      [
       124.6121872,
       8.5155443
      ],
      [
       124.6124045,
       8.5161863
      ],
      [
       124.6129196,
       8.5179814
      ],
      [
       124.6130705,
       8.5190797
      ],
      [
       124.6130973,
       8.5194484
      ],
      [
       124.613108,
       8.51978
      ],
      [
       124.6131321,
       8.520586
      ],
      [
       124.6091535,
       8.576386
      ]
     ]
    ]
   }
  },
  {
   "type": "Feature",
   "properties": {
    "name": "Jasaan",
    "osm_id": 17016835,
    "admin_level": "6",
    "region": "cdo",
    "franchise": "CEPALCO"
   },
   "geometry": {
    "type": "Polygon",
    "coordinates": [
     [
      [
       124.6291468,
       8.6294178
      ],
      [
       124.602418,
       8.6775759
      ],
      [
       124.7444156,
       8.7045981
      ],
      [
       124.7860798,
       8.6924509
      ],
      [
       124.8139426,
       8.608312
      ],
      [
       124.7711657,
       8.5961778
      ],
      [
       124.7369717,
       8.5914959
      ],
      [
       124.6619944,
       8.6038853
      ],
      [
       124.6291468,
       8.6294178
      ]
     ]
    ]
   }
  },
  {
   "type": "Feature",
   "properties": {
    "name": "Opol",
    "osm_id": 17016834,
    "admin_level": "6",
    "region": "cdo",
    "franchise": "CEPALCO"
   },
   "geometry": {
    "type": "Polygon",
    "coordinates": [
     [
      [
       124.4484112,
       8.3162044
      ],
      [
       124.410612,
       8.3161995
      ],
      [
       124.4002756,
       8.3161988
      ],
      [
       124.4927731,
       8.411213
      ],
      [
       124.5440302,
       8.4992084
      ],
      [
       124.5632479,
       8.5249734
      ],
      [
       124.567412,
       8.5288616
      ],
      [
       124.5690015,
       8.5303457
      ],
      [
       124.5733952,
       8.532263
      ],
      [
       124.6091535,
       8.576386
      ],
      [
       124.6131321,
       8.520586
      ],
      [
       124.613108,
       8.51978
      ],
      [
       124.6130973,
       8.5194484
      ],
      [
       124.6130705,
       8.5190797
      ],
      [
       124.6129196,
       8.5179814
      ],
      [
       124.6124045,
       8.5161863
      ],
      [
       124.6121872,
       8.5155443
      ],
      [
       124.6117299,
       8.5146902
      ],
      [
       124.611083,
       8.5137745
      ],
      [
       124.6107899,
       8.5133135
      ],
      [
       124.6105358,
       8.5125357
      ],
      [
       124.6103065,
       8.511655
      ],
      [
       124.6101971,
       8.5108465
      ],
      [
       124.6100664,
       8.5105249
      ],
      [
       124.6099216,
       8.5101828
      ],
      [
       124.6097169,
       8.5098199
      ],
      [
       124.608923,
       8.5089418
      ],
      [
       124.6083437,
       8.5084408
      ],
      [
       124.6079346,
       8.5081503
      ],
      [
       124.6070012,
       8.5076277
      ],
      [
       124.6063212,
       8.5072484
      ],
      [
       124.6053335,
       8.5065371
      ],
      [
       124.6049652,
       8.5061727
      ],
      [
       124.6047292,
       8.5057955
      ],
      [
       124.6045411,
       8.5053084
      ],
      [
       124.604439,
       8.5048378
      ],
      [
       124.6044163,
       8.504489
      ],
      [
       124.6044993,
       8.5036129
      ],
      [
       124.6039959,
       8.5035709
      ],
      [
       124.6035094,
       8.5035195
      ],
      [
       124.5964022,
       8.5032249
      ],
      [
       124.5954572,
       8.5032707
      ],
      [
       124.5944659,
       8.5035914
      ],
      [
       124.5930041,
       8.5044654
      ],
      [
       124.5903313,
       8.4982973
      ],
      [
       124.5863482,
       8.499023
      ],
      [
       124.5828043,
       8.5005297
      ],
      [
       124.5825682,
       8.5002803
      ],
      [
       124.5821873,
       8.5000297
      ],
      [
       124.5819245,
       8.4997697
      ],
      [
       124.5815597,
       8.4996172
      ],
      [
       124.5814846,
       8.4993519
      ],
      [
       124.5816134,
       8.4991397
      ],
      [
       124.5816818,
       8.4989447
      ],
      [
       124.5816777,
       8.4987046
      ],
      [
       124.5815744,
       8.4985109
      ],
      [
       124.5814793,
       8.4983544
      ],
      [
       124.5813505,
       8.4980321
      ],
      [
       124.581211,
       8.4977762
      ],
      [
       124.5809857,
       8.4974486
      ],
      [
       124.5808167,
       8.4973372
      ],
      [
       124.5805163,
       8.4972495
      ],
      [
       124.5803782,
       8.4971116
      ],
      [
       124.5802508,
       8.4968901
      ],
      [
       124.5801221,
       8.496646
      ],
      [
       124.5798806,
       8.4965081
      ],
      [
       124.5796017,
       8.4964338
      ],
      [
       124.5794193,
       8.4963702
      ],
      [
       124.5792423,
       8.495967
      ],
      [
       124.5789419,
       8.4956433
      ],
      [
       124.5788292,
       8.4954948
      ],
      [
       124.5787299,
       8.4951403
      ],
      [
       124.5785774,
       8.4948846
      ],
      [
       124.5782805,
       8.4946669
      ],
      [
       124.5779346,
       8.4943439
      ],
      [
       124.5777617,
       8.49411
      ],
      [
       124.5777778,
       8.4936696
      ],
      [
       124.5776112,
       8.4934038
      ],
      [
       124.5771834,
       8.4935523
      ],
      [
       124.5770597,
       8.4935024
      ],
      [
       124.5771067,
       8.4932994
      ],
      [
       124.5770504,
       8.4927753
      ],
      [
       124.5770773,
       8.4925424
      ],
      [
       124.5772395,
       8.49211
      ],
      [
       124.577482,
       8.4917593
      ],
      [
       124.5773317,
       8.4915497
      ],
      [
       124.5770429,
       8.4914625
      ],
      [
       124.5767478,
       8.4914307
      ],
      [
       124.576088,
       8.4911707
      ],
      [
       124.5758091,
       8.4912277
      ],
      [
       124.5755086,
       8.4911389
      ],
      [
       124.5750151,
       8.4911177
      ],
      [
       124.5747254,
       8.491107
      ],
      [
       124.5745913,
       8.4911853
      ],
      [
       124.574468,
       8.4913564
      ],
      [
       124.5742909,
       8.4914254
      ],
      [
       124.5740817,
       8.4912025
      ],
      [
       124.5739476,
       8.4909691
      ],
      [
       124.5739422,
       8.490794
      ],
      [
       124.5741568,
       8.4904863
      ],
      [
       124.5741515,
       8.4902475
      ],
      [
       124.5740603,
       8.4900671
      ],
      [
       124.5738349,
       8.4899876
      ],
      [
       124.5735184,
       8.4900884
      ],
      [
       124.5734702,
       8.4900884
      ],
      [
       124.5732395,
       8.4898814
      ],
      [
       124.5734112,
       8.4895949
      ],
      [
       124.5736955,
       8.4894888
      ],
      [
       124.5739208,
       8.4893668
      ],
      [
       124.5740066,
       8.4890113
      ],
      [
       124.5735077,
       8.4887726
      ],
      [
       124.5735184,
       8.4884754
      ],
      [
       124.5736579,
       8.4883322
      ],
      [
       124.5734273,
       8.4880085
      ],
      [
       124.5732073,
       8.4879926
      ],
      [
       124.5731,
       8.4881041
      ],
      [
       124.572805,
       8.4883216
      ],
      [
       124.5726226,
       8.4882844
      ],
      [
       124.5727835,
       8.487604
      ],
      [
       124.5727996,
       8.487409
      ],
      [
       124.5729391,
       8.487291
      ],
      [
       124.5731966,
       8.4872485
      ],
      [
       124.573556,
       8.4874501
      ],
      [
       124.5740066,
       8.4871756
      ],
      [
       124.574189,
       8.4870005
      ],
      [
       124.5741783,
       8.4868148
      ],
      [
       124.5740603,
       8.486698
      ],
      [
       124.5738564,
       8.4867989
      ],
      [
       124.5737706,
       8.4868837
      ],
      [
       124.5735882,
       8.4871968
      ],
      [
       124.5732341,
       8.4871172
      ],
      [
       124.5727889,
       8.4869103
      ],
      [
       124.5726172,
       8.4868148
      ],
      [
       124.572687,
       8.486645
      ],
      [
       124.5729284,
       8.4865376
      ],
      [
       124.5730464,
       8.4863996
      ],
      [
       124.5729552,
       8.486141
      ],
      [
       124.5726655,
       8.4858651
      ],
      [
       124.572231,
       8.4859393
      ],
      [
       124.572054,
       8.4861091
      ],
      [
       124.5723061,
       8.4863903
      ],
      [
       124.5721559,
       8.4869846
      ],
      [
       124.5719467,
       8.4870164
      ],
      [
       124.5717911,
       8.4869421
      ],
      [
       124.5716463,
       8.4869262
      ],
      [
       124.5714049,
       8.4865813
      ],
      [
       124.5712332,
       8.4862948
      ],
      [
       124.5711796,
       8.486072
      ],
      [
       124.5711313,
       8.4857908
      ],
      [
       124.5710133,
       8.4856528
      ],
      [
       124.5710347,
       8.4852814
      ],
      [
       124.571083,
       8.4849578
      ],
      [
       124.5710615,
       8.4848358
      ],
      [
       124.5709757,
       8.4845227
      ],
      [
       124.570965,
       8.4843635
      ],
      [
       124.5712171,
       8.484337
      ],
      [
       124.5714853,
       8.4843516
      ],
      [
       124.5716785,
       8.4845055
      ],
      [
       124.5718126,
       8.4845373
      ],
      [
       124.572011,
       8.4844113
      ],
      [
       124.571893,
       8.4841938
      ],
      [
       124.5718126,
       8.4839868
      ],
      [
       124.5719252,
       8.4837216
      ],
      [
       124.5720486,
       8.4833024
      ],
      [
       124.5721505,
       8.483053
      ],
      [
       124.5723705,
       8.4829045
      ],
      [
       124.5729552,
       8.4826445
      ],
      [
       124.5731,
       8.4825848
      ],
      [
       124.5730211,
       8.4821403
      ],
      [
       124.5727649,
       8.4818379
      ],
      [
       124.5725477,
       8.4815566
      ],
      [
       124.5725718,
       8.4812754
      ],
      [
       124.5727864,
       8.4810791
      ],
      [
       124.5731644,
       8.4808883
      ],
      [
       124.5732073,
       8.4807981
      ],
      [
       124.5730947,
       8.4803259
      ],
      [
       124.57332,
       8.4800447
      ],
      [
       124.573159,
       8.4797635
      ],
      [
       124.5730303,
       8.4795035
      ],
      [
       124.5730786,
       8.4788456
      ],
      [
       124.5732931,
       8.4785325
      ],
      [
       124.574031,
       8.4782334
      ],
      [
       124.574057,
       8.4781219
      ],
      [
       124.5738718,
       8.4779322
      ],
      [
       124.5736939,
       8.4778164
      ],
      [
       124.5732848,
       8.4776078
      ],
      [
       124.573184,
       8.4774591
      ],
      [
       124.5731416,
       8.4773122
      ],
      [
       124.573089,
       8.4771215
      ],
      [
       124.5729124,
       8.4769189
      ],
      [
       124.5727472,
       8.4767668
      ],
      [
       124.5724431,
       8.4767933
      ],
      [
       124.5720399,
       8.4767536
      ],
      [
       124.5718085,
       8.4767536
      ],
      [
       124.5716168,
       8.4767867
      ],
      [
       124.571478,
       8.4767404
      ],
      [
       124.5714052,
       8.4766016
      ],
      [
       124.5714713,
       8.4763239
      ],
      [
       124.5714515,
       8.4760793
      ],
      [
       124.5711739,
       8.4759603
      ],
      [
       124.5709425,
       8.4759736
      ],
      [
       124.5707045,
       8.476152
      ],
      [
       124.5704137,
       8.476476
      ],
      [
       124.5702748,
       8.4765817
      ],
      [
       124.5700236,
       8.4766148
      ],
      [
       124.5698518,
       8.4764892
      ],
      [
       124.569865,
       8.4763371
      ],
      [
       124.5699774,
       8.476152
      ],
      [
       124.5702484,
       8.4760529
      ],
      [
       124.5703938,
       8.4759603
      ],
      [
       124.5704004,
       8.4758347
      ],
      [
       124.5702153,
       8.4755968
      ],
      [
       124.5700501,
       8.475524
      ],
      [
       124.5699509,
       8.4753918
      ],
      [
       124.5698914,
       8.4752266
      ],
      [
       124.56966,
       8.4751803
      ],
      [
       124.5694816,
       8.4751076
      ],
      [
       124.5693163,
       8.4750415
      ],
      [
       124.5691775,
       8.4749225
      ],
      [
       124.5690585,
       8.4748564
      ],
      [
       124.5689858,
       8.4748431
      ],
      [
       124.568972,
       8.4745796
      ],
      [
       124.5689274,
       8.4743654
      ],
      [
       124.5683919,
       8.4742761
      ],
      [
       124.5682847,
       8.4740709
      ],
      [
       124.5683294,
       8.4738299
      ],
      [
       124.5684811,
       8.4736246
      ],
      [
       124.5684811,
       8.47333
      ],
      [
       124.5682937,
       8.4731247
      ],
      [
       124.568258,
       8.4727856
      ],
      [
       124.5684097,
       8.4724196
      ],
      [
       124.5690077,
       8.4722768
      ],
      [
       124.5692226,
       8.4723369
      ],
      [
       124.5696247,
       8.4724827
      ],
      [
       124.5700706,
       8.4722663
      ],
      [
       124.570177,
       8.4719287
      ],
      [
       124.569927,
       8.4717324
      ],
      [
       124.5692219,
       8.4713575
      ],
      [
       124.5696771,
       8.4709291
      ],
      [
       124.5702127,
       8.4708666
      ],
      [
       124.5704778,
       8.4704676
      ],
      [
       124.5701859,
       8.4703043
      ],
      [
       124.5696328,
       8.4703885
      ],
      [
       124.5688738,
       8.4705631
      ],
      [
       124.568188,
       8.4701211
      ],
      [
       124.5682318,
       8.4688077
      ],
      [
       124.5679254,
       8.468151
      ],
      [
       124.5674876,
       8.4690266
      ],
      [
       124.5672249,
       8.4699022
      ],
      [
       124.5666557,
       8.4701211
      ],
      [
       124.5663493,
       8.4696833
      ],
      [
       124.5667871,
       8.4691142
      ],
      [
       124.5665244,
       8.4685013
      ],
      [
       124.5662617,
       8.4679321
      ],
      [
       124.5652986,
       8.4676695
      ],
      [
       124.5649483,
       8.466969
      ],
      [
       124.5650797,
       8.4663561
      ],
      [
       124.5656488,
       8.4660496
      ],
      [
       124.5662179,
       8.4658745
      ],
      [
       124.5664806,
       8.4651302
      ],
      [
       124.5659553,
       8.4645611
      ],
      [
       124.5651234,
       8.4645173
      ],
      [
       124.5643792,
       8.4642546
      ],
      [
       124.5647732,
       8.4635541
      ],
      [
       124.5651672,
       8.462985
      ],
      [
       124.5650797,
       8.4622845
      ],
      [
       124.5642916,
       8.4615841
      ],
      [
       124.5638976,
       8.4606209
      ],
      [
       124.5638101,
       8.4599204
      ],
      [
       124.5633723,
       8.4592637
      ],
      [
       124.5615335,
       8.4586946
      ],
      [
       124.560045,
       8.4586508
      ],
      [
       124.5595196,
       8.4577314
      ],
      [
       124.5593339,
       8.4575689
      ],
      [
       124.5584689,
       8.4568121
      ],
      [
       124.5583376,
       8.4559802
      ],
      [
       124.5587754,
       8.4552798
      ],
      [
       124.5593445,
       8.4543604
      ],
      [
       124.559475,
       8.4536752
      ],
      [
       124.5595196,
       8.453441
      ],
      [
       124.5595156,
       8.453332
      ],
      [
       124.5594759,
       8.452259
      ],
      [
       124.5597408,
       8.4509343
      ],
      [
       124.5598261,
       8.4505078
      ],
      [
       124.5595196,
       8.449063
      ],
      [
       124.5591256,
       8.4477496
      ],
      [
       124.5587754,
       8.4462611
      ],
      [
       124.5589067,
       8.4455169
      ],
      [
       124.5580749,
       8.4447726
      ],
      [
       124.5558421,
       8.4434154
      ],
      [
       124.5556232,
       8.4430214
      ],
      [
       124.5557108,
       8.442102
      ],
      [
       124.556061,
       8.4410951
      ],
      [
       124.5550541,
       8.4406135
      ],
      [
       124.5542223,
       8.4403508
      ],
      [
       124.5529964,
       8.4396941
      ],
      [
       124.5523835,
       8.4389061
      ],
      [
       124.5522461,
       8.4387761
      ],
      [
       124.5522667,
       8.4382252
      ],
      [
       124.552519,
       8.4376579
      ],
      [
       124.5527664,
       8.4371509
      ],
      [
       124.5523835,
       8.4368485
      ],
      [
       124.5519457,
       8.4365858
      ],
      [
       124.5514204,
       8.4360604
      ],
      [
       124.5507199,
       8.4353162
      ],
      [
       124.5505885,
       8.4344406
      ],
      [
       124.5505885,
       8.4336087
      ],
      [
       124.5507199,
       8.4329521
      ],
      [
       124.5507199,
       8.4321202
      ],
      [
       124.5498005,
       8.4311571
      ],
      [
       124.5489687,
       8.4307631
      ],
      [
       124.5497085,
       8.4258183
      ],
      [
       124.5515709,
       8.4253685
      ],
      [
       124.5517078,
       8.4212739
      ],
      [
       124.5515299,
       8.4209125
      ],
      [
       124.5516981,
       8.4205898
      ],
      [
       124.5522951,
       8.4198481
      ],
      [
       124.5531268,
       8.4191397
      ],
      [
       124.5539804,
       8.4177818
      ],
      [
       124.5545384,
       8.4172001
      ],
      [
       124.5547818,
       8.4167518
      ],
      [
       124.5549969,
       8.4165599
      ],
      [
       124.5555626,
       8.4160567
      ],
      [
       124.5560499,
       8.4155717
      ],
      [
       124.5565102,
       8.4148822
      ],
      [
       124.5569739,
       8.4140867
      ],
      [
       124.5571518,
       8.4133954
      ],
      [
       124.5571329,
       8.4130676
      ],
      [
       124.5568987,
       8.4126813
      ],
      [
       124.5566197,
       8.4124081
      ],
      [
       124.5560577,
       8.4121292
      ],
      [
       124.5553787,
       8.4118592
      ],
      [
       124.5545129,
       8.4114908
      ],
      [
       124.5539811,
       8.4111998
      ],
      [
       124.5534762,
       8.4109089
      ],
      [
       124.5527615,
       8.4103976
      ],
      [
       124.5514723,
       8.4096377
      ],
      [
       124.5508313,
       8.4092838
      ],
      [
       124.5502961,
       8.4091476
      ],
      [
       124.5498884,
       8.4092272
      ],
      [
       124.5489448,
       8.4095389
      ],
      [
       124.5483355,
       8.4101162
      ],
      [
       124.5478928,
       8.4108192
      ],
      [
       124.5476952,
       8.411512
      ],
      [
       124.547887,
       8.4134682
      ],
      [
       124.5476624,
       8.4142219
      ],
      [
       124.5471808,
       8.4145103
      ],
      [
       124.5462828,
       8.4141896
      ],
      [
       124.5456734,
       8.4130991
      ],
      [
       124.5455771,
       8.4108539
      ],
      [
       124.5454809,
       8.4088012
      ],
      [
       124.5449036,
       8.4071976
      ],
      [
       124.5434924,
       8.4045035
      ],
      [
       124.5419208,
       8.4028998
      ],
      [
       124.5412472,
       8.4024829
      ],
      [
       124.5404775,
       8.4026111
      ],
      [
       124.5394511,
       8.4030923
      ],
      [
       124.5384248,
       8.4028036
      ],
      [
       124.5378474,
       8.4020338
      ],
      [
       124.5370777,
       8.4015527
      ],
      [
       124.5364362,
       8.4016169
      ],
      [
       124.5357627,
       8.4022263
      ],
      [
       124.535891,
       8.4033809
      ],
      [
       124.5366607,
       8.4045356
      ],
      [
       124.5373835,
       8.4061076
      ],
      [
       124.5374471,
       8.407294
      ],
      [
       124.5370301,
       8.4079355
      ],
      [
       124.5355062,
       8.4088981
      ],
      [
       124.5348648,
       8.4088019
      ],
      [
       124.5336137,
       8.4074541
      ],
      [
       124.5330364,
       8.4062034
      ],
      [
       124.5318497,
       8.4055298
      ],
      [
       124.5299894,
       8.4052412
      ],
      [
       124.5284333,
       8.4074302
      ],
      [
       124.5276318,
       8.4078902
      ],
      [
       124.5263041,
       8.4080408
      ],
      [
       124.5237233,
       8.4078677
      ],
      [
       124.5227278,
       8.408236
      ],
      [
       124.5215642,
       8.408325
      ],
      [
       124.5211887,
       8.407996
      ],
      [
       124.5210586,
       8.4073872
      ],
      [
       124.5214258,
       8.4059468
      ],
      [
       124.5226791,
       8.4042907
      ],
      [
       124.5229664,
       8.4032035
      ],
      [
       124.5230518,
       8.4019576
      ],
      [
       124.5230225,
       8.4007834
      ],
      [
       124.5229268,
       8.3995794
      ],
      [
       124.5227311,
       8.3986034
      ],
      [
       124.5222918,
       8.397736
      ],
      [
       124.5217145,
       8.3970945
      ],
      [
       124.520624,
       8.3967417
      ],
      [
       124.5194843,
       8.3966087
      ],
      [
       124.5182066,
       8.3961235
      ],
      [
       124.5162272,
       8.3946059
      ],
      [
       124.5155243,
       8.3939834
      ],
      [
       124.5146263,
       8.3927967
      ],
      [
       124.5135037,
       8.3923156
      ],
      [
       124.5112906,
       8.392059
      ],
      [
       124.50898,
       8.3912737
      ],
      [
       124.5075683,
       8.3901031
      ],
      [
       124.5068148,
       8.3887077
      ],
      [
       124.5070713,
       8.3871361
      ],
      [
       124.5071336,
       8.387009
      ],
      [
       124.5081795,
       8.3848745
      ],
      [
       124.5093659,
       8.3837537
      ],
      [
       124.511018,
       8.3838172
      ],
      [
       124.5125628,
       8.3836167
      ],
      [
       124.5129906,
       8.3835612
      ],
      [
       124.5140492,
       8.3828071
      ],
      [
       124.5141452,
       8.3818917
      ],
      [
       124.5138244,
       8.3804484
      ],
      [
       124.5127339,
       8.3799673
      ],
      [
       124.510173,
       8.3806173
      ],
      [
       124.5091778,
       8.3806413
      ],
      [
       124.5084313,
       8.3805306
      ],
      [
       124.5077802,
       8.3805168
      ],
      [
       124.5071048,
       8.3801035
      ],
      [
       124.5073295,
       8.3782547
      ],
      [
       124.5071541,
       8.3775613
      ],
      [
       124.5062174,
       8.3770788
      ],
      [
       124.504238,
       8.3777096
      ],
      [
       124.5033335,
       8.3779828
      ],
      [
       124.5024774,
       8.3787137
      ],
      [
       124.5019614,
       8.379919
      ],
      [
       124.5016286,
       8.3805689
      ],
      [
       124.5007632,
       8.3811633
      ],
      [
       124.5001212,
       8.3813331
      ],
      [
       124.4995506,
       8.3811688
      ],
      [
       124.499374,
       8.3807827
      ],
      [
       124.4991126,
       8.3805755
      ],
      [
       124.4991585,
       8.3798658
      ],
      [
       124.4985868,
       8.3787816
      ],
      [
       124.4983471,
       8.3775095
      ],
      [
       124.4979519,
       8.3769149
      ],
      [
       124.4971839,
       8.376732
      ],
      [
       124.4963987,
       8.3767964
      ],
      [
       124.4956293,
       8.3762199
      ],
      [
       124.4949054,
       8.3756143
      ],
      [
       124.4943424,
       8.3748747
      ],
      [
       124.4942565,
       8.3741787
      ],
      [
       124.4943217,
       8.3737131
      ],
      [
       124.4945804,
       8.3733922
      ],
      [
       124.4956866,
       8.3731378
      ],
      [
       124.4974664,
       8.3736364
      ],
      [
       124.4995678,
       8.3753084
      ],
      [
       124.5006581,
       8.3754944
      ],
      [
       124.5017407,
       8.3754643
      ],
      [
       124.5021534,
       8.3741096
      ],
      [
       124.5010038,
       8.3729479
      ],
      [
       124.5005756,
       8.3711813
      ],
      [
       124.5007527,
       8.3700415
      ],
      [
       124.5003039,
       8.3687442
      ],
      [
       124.4996041,
       8.3685342
      ],
      [
       124.4987655,
       8.3687748
      ],
      [
       124.4975946,
       8.3690788
      ],
      [
       124.4970003,
       8.3690153
      ],
      [
       124.4959719,
       8.3686152
      ],
      [
       124.4946748,
       8.368097
      ],
      [
       124.4940787,
       8.3678125
      ],
      [
       124.4939584,
       8.367525
      ],
      [
       124.4939004,
       8.3673057
      ],
      [
       124.4937131,
       8.3670043
      ],
      [
       124.4935965,
       8.3666085
      ],
      [
       124.493435,
       8.3661706
      ],
      [
       124.4935942,
       8.3658714
      ],
      [
       124.4939389,
       8.3657442
      ],
      [
       124.4948965,
       8.3653949
      ],
      [
       124.4955206,
       8.3645605
      ],
      [
       124.4954442,
       8.3636086
      ],
      [
       124.495589,
       8.3626467
      ],
      [
       124.495735,
       8.3618458
      ],
      [
       124.4965845,
       8.3613416
      ],
      [
       124.4971396,
       8.3614775
      ],
      [
       124.4980149,
       8.3612586
      ],
      [
       124.4986532,
       8.3611134
      ],
      [
       124.4993307,
       8.3608661
      ],
      [
       124.5003313,
       8.3600591
      ],
      [
       124.5006655,
       8.3595438
      ],
      [
       124.5005649,
       8.3588844
      ],
      [
       124.5001537,
       8.3579474
      ],
      [
       124.4994601,
       8.3572175
      ],
      [
       124.4983814,
       8.3570243
      ],
      [
       124.4975358,
       8.3571052
      ],
      [
       124.4971048,
       8.3573732
      ],
      [
       124.4964937,
       8.357652
      ],
      [
       124.4957833,
       8.3577743
      ],
      [
       124.494116,
       8.3575675
      ],
      [
       124.4932982,
       8.3576782
      ],
      [
       124.4924672,
       8.3579911
      ],
      [
       124.4915691,
       8.358825
      ],
      [
       124.4914617,
       8.3593517
      ],
      [
       124.4916012,
       8.3601081
      ],
      [
       124.4913446,
       8.3605892
      ],
      [
       124.4907015,
       8.3605402
      ],
      [
       124.4900949,
       8.3603071
      ],
      [
       124.4900142,
       8.3602096
      ],
      [
       124.48949,
       8.3595759
      ],
      [
       124.4887467,
       8.3584081
      ],
      [
       124.4877524,
       8.3572855
      ],
      [
       124.4870254,
       8.3564878
      ],
      [
       124.4865212,
       8.356119
      ],
      [
       124.4862133,
       8.3557661
      ],
      [
       124.4860598,
       8.3554953
      ],
      [
       124.4859606,
       8.3551504
      ],
      [
       124.4859377,
       8.35468
      ],
      [
       124.4860357,
       8.3543516
      ],
      [
       124.48643,
       8.3539084
      ],
      [
       124.486871,
       8.3537327
      ],
      [
       124.4875114,
       8.3536984
      ],
      [
       124.4879508,
       8.3538261
      ],
      [
       124.4883521,
       8.3541829
      ],
      [
       124.4891629,
       8.35473
      ],
      [
       124.4900956,
       8.3551578
      ],
      [
       124.4903134,
       8.3551366
      ],
      [
       124.4904819,
       8.3550301
      ],
      [
       124.4905107,
       8.3545914
      ],
      [
       124.4901865,
       8.3536061
      ],
      [
       124.4889391,
       8.3518011
      ],
      [
       124.4882714,
       8.3508141
      ],
      [
       124.4878667,
       8.3496801
      ],
      [
       124.4876,
       8.3484689
      ],
      [
       124.4870698,
       8.3481524
      ],
      [
       124.4865189,
       8.3481746
      ],
      [
       124.4861038,
       8.3485788
      ],
      [
       124.4856355,
       8.3512558
      ],
      [
       124.4854752,
       8.352635
      ],
      [
       124.4851865,
       8.3530519
      ],
      [
       124.4845633,
       8.3534123
      ],
      [
       124.4839449,
       8.3531634
      ],
      [
       124.4838394,
       8.352667
      ],
      [
       124.4839036,
       8.3518011
      ],
      [
       124.4841607,
       8.3510758
      ],
      [
       124.4839038,
       8.3500864
      ],
      [
       124.4833585,
       8.3493487
      ],
      [
       124.4820435,
       8.3482903
      ],
      [
       124.482268,
       8.3475205
      ],
      [
       124.4830378,
       8.3467187
      ],
      [
       124.4832944,
       8.3460131
      ],
      [
       124.4830057,
       8.3454037
      ],
      [
       124.4824926,
       8.3451471
      ],
      [
       124.4820115,
       8.3452754
      ],
      [
       124.4816907,
       8.3456282
      ],
      [
       124.4811455,
       8.3467187
      ],
      [
       124.4807927,
       8.3471357
      ],
      [
       124.4796059,
       8.3475205
      ],
      [
       124.4789645,
       8.3467829
      ],
      [
       124.4792188,
       8.3453901
      ],
      [
       124.4784206,
       8.3449981
      ],
      [
       124.477899,
       8.3449089
      ],
      [
       124.4769835,
       8.3448205
      ],
      [
       124.4766801,
       8.3453608
      ],
      [
       124.4768156,
       8.3460131
      ],
      [
       124.4777457,
       8.3478092
      ],
      [
       124.4777136,
       8.3486752
      ],
      [
       124.4774363,
       8.3489377
      ],
      [
       124.4769817,
       8.3491062
      ],
      [
       124.476461,
       8.3487512
      ],
      [
       124.4757892,
       8.3480658
      ],
      [
       124.4754437,
       8.3471399
      ],
      [
       124.4748047,
       8.3466618
      ],
      [
       124.4741617,
       8.3470734
      ],
      [
       124.473776,
       8.3473188
      ],
      [
       124.4733608,
       8.347354
      ],
      [
       124.473185,
       8.3471423
      ],
      [
       124.4725361,
       8.3462061
      ],
      [
       124.4726425,
       8.345902
      ],
      [
       124.4732233,
       8.3451921
      ],
      [
       124.4724151,
       8.3432753
      ],
      [
       124.4716081,
       8.3417658
      ],
      [
       124.4711224,
       8.3411606
      ],
      [
       124.4707398,
       8.341097
      ],
      [
       124.4698973,
       8.3417421
      ],
      [
       124.4701551,
       8.3427871
      ],
      [
       124.4704108,
       8.3434498
      ],
      [
       124.4704759,
       8.3453209
      ],
      [
       124.4694176,
       8.3463785
      ],
      [
       124.4679199,
       8.347881
      ],
      [
       124.4671428,
       8.3483345
      ],
      [
       124.4661903,
       8.34867
      ],
      [
       124.464602,
       8.3481862
      ],
      [
       124.4645399,
       8.3469879
      ],
      [
       124.4645178,
       8.3463286
      ],
      [
       124.4640518,
       8.3457691
      ],
      [
       124.4636759,
       8.3456416
      ],
      [
       124.4634056,
       8.3454412
      ],
      [
       124.4632077,
       8.3449223
      ],
      [
       124.4632406,
       8.3446988
      ],
      [
       124.4636423,
       8.3443836
      ],
      [
       124.4640955,
       8.3440386
      ],
      [
       124.4646494,
       8.3432703
      ],
      [
       124.4646963,
       8.3426255
      ],
      [
       124.4644107,
       8.3422354
      ],
      [
       124.463488,
       8.3425512
      ],
      [
       124.4629314,
       8.3427941
      ],
      [
       124.462397,
       8.3430416
      ],
      [
       124.4618707,
       8.3431536
      ],
      [
       124.4612215,
       8.3431032
      ],
      [
       124.4608729,
       8.342928
      ],
      [
       124.4610901,
       8.3420576
      ],
      [
       124.4612859,
       8.3415374
      ],
      [
       124.4615531,
       8.3405307
      ],
      [
       124.4614829,
       8.3399033
      ],
      [
       124.4607422,
       8.3396632
      ],
      [
       124.4595149,
       8.3396459
      ],
      [
       124.4588365,
       8.3395304
      ],
      [
       124.4582745,
       8.339056
      ],
      [
       124.4576966,
       8.3387067
      ],
      [
       124.4572065,
       8.3384032
      ],
      [
       124.4565812,
       8.3383182
      ],
      [
       124.4560715,
       8.3380504
      ],
      [
       124.455715,
       8.3376498
      ],
      [
       124.4558843,
       8.3369414
      ],
      [
       124.4563065,
       8.3360979
      ],
      [
       124.4566666,
       8.3359891
      ],
      [
       124.4574522,
       8.3362445
      ],
      [
       124.4584701,
       8.3359084
      ],
      [
       124.4593982,
       8.3353187
      ],
      [
       124.459725,
       8.3349863
      ],
      [
       124.4601438,
       8.3339412
      ],
      [
       124.4601593,
       8.3328911
      ],
      [
       124.4602022,
       8.332424
      ],
      [
       124.459934,
       8.3319357
      ],
      [
       124.4594727,
       8.3316491
      ],
      [
       124.4584105,
       8.3308635
      ],
      [
       124.4572947,
       8.329855
      ],
      [
       124.4570265,
       8.3291332
      ],
      [
       124.4567529,
       8.3283609
      ],
      [
       124.4568511,
       8.3280997
      ],
      [
       124.4570104,
       8.3276761
      ],
      [
       124.4573146,
       8.327439
      ],
      [
       124.4577417,
       8.3273242
      ],
      [
       124.4582682,
       8.3271473
      ],
      [
       124.4585618,
       8.3270433
      ],
      [
       124.4589886,
       8.3269427
      ],
      [
       124.4596146,
       8.3269376
      ],
      [
       124.4602062,
       8.3268746
      ],
      [
       124.4607007,
       8.3266073
      ],
      [
       124.4608337,
       8.3262421
      ],
      [
       124.4608122,
       8.3259183
      ],
      [
       124.4606352,
       8.3254565
      ],
      [
       124.4600987,
       8.3242039
      ],
      [
       124.4596696,
       8.3236094
      ],
      [
       124.4591063,
       8.3230786
      ],
      [
       124.458307,
       8.322569
      ],
      [
       124.4578779,
       8.3225956
      ],
      [
       124.4575936,
       8.3229247
      ],
      [
       124.4573843,
       8.3234289
      ],
      [
       124.4572556,
       8.3241242
      ],
      [
       124.4570088,
       8.3245754
      ],
      [
       124.456526,
       8.324878
      ],
      [
       124.4559574,
       8.324947
      ],
      [
       124.455598,
       8.3247346
      ],
      [
       124.4553727,
       8.3242994
      ],
      [
       124.455362,
       8.323827
      ],
      [
       124.4556355,
       8.3232484
      ],
      [
       124.4560486,
       8.3225
      ],
      [
       124.4561183,
       8.3218578
      ],
      [
       124.4559145,
       8.321189
      ],
      [
       124.4555068,
       8.3205945
      ],
      [
       124.4548523,
       8.3202229
      ],
      [
       124.4537365,
       8.320138
      ],
      [
       124.4523203,
       8.3205308
      ],
      [
       124.451741,
       8.3210722
      ],
      [
       124.4516015,
       8.3217304
      ],
      [
       124.4515479,
       8.322155
      ],
      [
       124.4510007,
       8.3223992
      ],
      [
       124.4499385,
       8.3224523
      ],
      [
       124.4490051,
       8.322293
      ],
      [
       124.4474816,
       8.3217941
      ],
      [
       124.4472134,
       8.3212845
      ],
      [
       124.4473314,
       8.3206794
      ],
      [
       124.4478142,
       8.3200849
      ],
      [
       124.4481146,
       8.3193206
      ],
      [
       124.4481162,
       8.319088
      ],
      [
       124.4482326,
       8.3169638
      ],
      [
       124.4484112,
       8.3162044
      ]
     ]
    ]
   }
  }
 ]
}