{
 "type": "FeatureCollection",
 "properties": {
  "region": "davao",
  "franchise": "DLPC",
  "source": "OpenStreetMap via Overpass API",
  "license": "ODbL"
 },
 "features": [
  {
   "type": "Feature",
   "properties": {
    "name": "Davao City",
    "osm_id": 3936841,
    "admin_level": "6",
    "region": "davao",
    "franchise": "DLPC"
   },
   "geometry": {
    "type": "MultiPolygon",
    "coordinates": [
     [
      [
       [
        125.4917624,
        7.5775852
       ],
       [
        125.5499945,
        7.5777882
       ],
       [
        125.5499907,
        7.4508927
       ],
       [
        125.5499899,
        7.4251886
       ],
       [
        125.5503282,
        7.4255332
       ],
       [
        125.5505052,
        7.4256822
       ],
       [
        125.5506635,
        7.4257141
       ],
       [
        125.5508271,
        7.4256636
       ],
       [
        125.5509639,
        7.4255439
       ],
       [
        125.5510258,
        7.4254053
       ],
       [
        125.5510852,
        7.4252095
       ],
       [
        125.5510802,
        7.4250033
       ],
       [
        125.5510215,
        7.4246456
       ],
       [
        125.551014,
        7.4243488
       ],
       [
        125.5510714,
        7.4241533
       ],
       [
        125.5511961,
        7.424089
       ],
       [
        125.5513483,
        7.4240593
       ],
       [
        125.5515204,
        7.424042
       ],
       [
        125.5518871,
        7.4239629
       ],
       [
        125.5522438,
        7.423901
       ],
       [
        125.5527901,
        7.4237774
       ],
       [
        125.5534008,
        7.4236277
       ],
       [
        125.554381,
        7.4233788
       ],
       [
        125.5545473,
        7.4233097
       ],
       [
        125.5546063,
        7.4232538
       ],
       [
        125.5546331,
        7.4231661
       ],
       [
        125.554609,
        7.4230623
       ],
       [
        125.5545071,
        7.4229161
       ],
       [
        125.5543327,
        7.4227272
       ],
       [
        125.5538714,
        7.4225011
       ],
       [
        125.5532303,
        7.422307
       ],
       [
        125.5529243,
        7.4222133
       ],
       [
        125.5523909,
        7.4219997
       ],
       [
        125.5522603,
        7.4219446
       ],
       [
        125.5521709,
        7.4218854
       ],
       [
        125.5521186,
        7.4218122
       ],
       [
        125.552087,
        7.4216957
       ],
       [
        125.5520877,
        7.4215436
       ],
       [
        125.5521293,
        7.421138
       ],
       [
        125.5521881,
        7.4209164
       ],
       [
        125.5523008,
        7.4206123
       ],
       [
        125.5524634,
        7.4203467
       ],
       [
        125.5499898,
        7.4203467
       ],
       [
        125.5499896,
        7.4099141
       ],
       [
        125.5499894,
        7.3994813
       ],
       [
        125.5499893,
        7.3890482
       ],
       [
        125.5499891,
        7.3786149
       ],
       [
        125.5499889,
        7.3681813
       ],
       [
        125.5499885,
        7.3448035
       ],
       [
        125.5499882,
        7.3271929
       ],
       [
        125.5499869,
        7.2532808
       ],
       [
        125.5464363,
        7.2492335
       ],
       [
        125.5499868,
        7.2461683
       ],
       [
        125.5499864,
        7.2211967
       ],
       [
        125.5762946,
        7.2211935
       ],
       [
        125.6033609,
        7.2211903
       ],
       [
        125.6034118,
        7.2212294
       ],
       [
        125.603491,
        7.2212693
       ],
       [
        125.6035754,
        7.2213159
       ],
       [
        125.6036317,
        7.2213824
       ],
       [
        125.6036505,
        7.2214622
       ],
       [
        125.6036425,
        7.2215793
       ],
       [
        125.6036451,
        7.2216352
       ],
       [
        125.6036907,
        7.221739
       ],
       [
        125.6037122,
        7.2218693
       ],
       [
        125.6037283,
        7.2220583
       ],
       [
        125.6037927,
        7.2222818
       ],
       [
        125.6038839,
        7.2225771
       ],
       [
        125.6039348,
        7.2227022
       ],
       [
        125.6040099,
        7.222814
       ],
       [
        125.6040716,
        7.2228565
       ],
       [
        125.6041548,
        7.2228619
       ],
       [
        125.6043211,
        7.2228459
       ],
       [
        125.6044283,
        7.2228619
       ],
       [
        125.6045356,
        7.2228991
       ],
       [
        125.6045973,
        7.222939
       ],
       [
        125.60471,
        7.2230322
       ],
       [
        125.6048441,
        7.2230561
       ],
       [
        125.6050023,
        7.2230934
       ],
       [
        125.6050935,
        7.2231093
       ],
       [
        125.6051338,
        7.223112
       ],
       [
        125.6051955,
        7.2231492
       ],
       [
        125.6052357,
        7.2232184
       ],
       [
        125.6052652,
        7.2232956
       ],
       [
        125.6052759,
        7.2234127
       ],
       [
        125.6052491,
        7.2235377
       ],
       [
        125.6051955,
        7.2236628
       ],
       [
        125.6049594,
        7.2239688
       ],
       [
        125.6049514,
        7.224038
       ],
       [
        125.6049675,
        7.2240992
       ],
       [
        125.6050292,
        7.2241285
       ],
       [
        125.6050989,
        7.2241524
       ],
       [
        125.6053027,
        7.2241098
       ],
       [
        125.6056756,
        7.2240167
       ],
       [
        125.6057909,
        7.2240061
       ],
       [
        125.605976,
        7.2240061
       ],
       [
        125.6062174,
        7.224022
       ],
       [
        125.6063327,
        7.2240593
       ],
       [
        125.60644,
        7.2241285
       ],
       [
        125.6064668,
        7.2241498
       ],
       [
        125.606491,
        7.2241976
       ],
       [
        125.6064829,
        7.2242668
       ],
       [
        125.6064159,
        7.2244025
       ],
       [
        125.6063327,
        7.2245356
       ],
       [
        125.6062549,
        7.2247245
       ],
       [
        125.6061932,
        7.2249055
       ],
       [
        125.6061771,
        7.2249746
       ],
       [
        125.6061262,
        7.2250172
       ],
       [
        125.6060377,
        7.2250172
       ],
       [
        125.6058848,
        7.22498
       ],
       [
        125.6058285,
        7.2249986
       ],
       [
        125.6057855,
        7.2250225
       ],
       [
        125.6057695,
        7.2250891
       ],
       [
        125.6057909,
        7.2251742
       ],
       [
        125.6058446,
        7.2253152
       ],
       [
        125.6059197,
        7.2254563
       ],
       [
        125.6060001,
        7.2255387
       ],
       [
        125.6060216,
        7.2255866
       ],
       [
        125.606035,
        7.2256691
       ],
       [
        125.6058834,
        7.2259831
       ],
       [
        125.6058365,
        7.226055
       ],
       [
        125.6057721,
        7.2262865
       ],
       [
        125.6057078,
        7.2264834
       ],
       [
        125.6056192,
        7.2266723
       ],
       [
        125.6055388,
        7.2269011
       ],
       [
        125.6054932,
        7.2271832
       ],
       [
        125.6054771,
        7.2273774
       ],
       [
        125.6054825,
        7.2274652
       ],
       [
        125.6055146,
        7.2275637
       ],
       [
        125.6055817,
        7.2276409
       ],
       [
        125.6056568,
        7.2276834
       ],
       [
        125.6057963,
        7.22771
       ],
       [
        125.6060699,
        7.2276994
       ],
       [
        125.6063408,
        7.2276675
       ],
       [
        125.6064802,
        7.2276329
       ],
       [
        125.6066331,
        7.2276063
       ],
       [
        125.6067404,
        7.2276089
       ],
       [
        125.6067646,
        7.2276329
       ],
       [
        125.606778,
        7.2276888
       ],
       [
        125.6067163,
        7.227867
       ],
       [
        125.6067243,
        7.2279309
       ],
       [
        125.6067914,
        7.2281837
       ],
       [
        125.6068209,
        7.2282396
       ],
       [
        125.6071588,
        7.2286201
       ],
       [
        125.6073037,
        7.2287691
       ],
       [
        125.6073841,
        7.228817
       ],
       [
        125.6075236,
        7.2288835
       ],
       [
        125.6075934,
        7.2289261
       ],
       [
        125.6076309,
        7.2289953
       ],
       [
        125.6077489,
        7.2291895
       ],
       [
        125.6077597,
        7.2292826
       ],
       [
        125.6077301,
        7.2293837
       ],
       [
        125.6076363,
        7.2296152
       ],
       [
        125.6075022,
        7.2299106
       ],
       [
        125.6074887,
        7.2299771
       ],
       [
        125.6074914,
        7.2300303
       ],
       [
        125.6075317,
        7.2301448
       ],
       [
        125.6075853,
        7.2302272
       ],
       [
        125.6076416,
        7.2303044
       ],
       [
        125.607757,
        7.2303842
       ],
       [
        125.6079715,
        7.2304614
       ],
       [
        125.6081566,
        7.2305332
       ],
       [
        125.6082478,
        7.2306024
       ],
       [
        125.6083041,
        7.2306583
       ],
       [
        125.6083363,
        7.2307381
       ],
       [
        125.6083336,
        7.2309004
       ],
       [
        125.6083497,
        7.2310362
       ],
       [
        125.6083819,
        7.231116
       ],
       [
        125.6084222,
        7.2311878
       ],
       [
        125.6084678,
        7.2312304
       ],
       [
        125.6085402,
        7.2312304
       ],
       [
        125.6086045,
        7.2312011
       ],
       [
        125.6087869,
        7.231084
       ],
       [
        125.6089666,
        7.2309297
       ],
       [
        125.6090578,
        7.2308685
       ],
       [
        125.6091651,
        7.2308392
       ],
       [
        125.6092644,
        7.2308286
       ],
       [
        125.6095004,
        7.2308765
       ],
       [
        125.6095916,
        7.2309004
       ],
       [
        125.6098223,
        7.2310095
       ],
       [
        125.6103373,
        7.2313688
       ],
       [
        125.6105813,
        7.2314912
       ],
       [
        125.6106806,
        7.2315151
       ],
       [
        125.6108013,
        7.2315071
       ],
       [
        125.6108764,
        7.2314512
       ],
       [
        125.6109408,
        7.2313741
       ],
       [
        125.6110802,
        7.2311586
       ],
       [
        125.6111661,
        7.2310787
       ],
       [
        125.6112814,
        7.2310335
       ],
       [
        125.6114638,
        7.2309776
       ],
       [
        125.6115684,
        7.2309696
       ],
       [
        125.6116623,
        7.2309696
       ],
       [
        125.6117266,
        7.2309803
       ],
       [
        125.6118151,
        7.2310176
       ],
       [
        125.6118903,
        7.2310974
       ],
       [
        125.6119224,
        7.2311719
       ],
       [
        125.6120163,
        7.2315258
       ],
       [
        125.6120324,
        7.2316295
       ],
       [
        125.612019,
        7.2318025
       ],
       [
        125.6120056,
        7.2319249
       ],
       [
        125.612019,
        7.2319887
       ],
       [
        125.6120673,
        7.2320473
       ],
       [
        125.6121075,
        7.2320792
       ],
       [
        125.612188,
        7.2321032
       ],
       [
        125.6122819,
        7.2320952
       ],
       [
        125.6128129,
        7.2320233
       ],
       [
        125.6128719,
        7.2320207
       ],
       [
        125.6129336,
        7.2320579
       ],
       [
        125.6129792,
        7.2321138
       ],
       [
        125.6130543,
        7.2322602
       ],
       [
        125.6130731,
        7.2323214
       ],
       [
        125.6130812,
        7.2323826
       ],
       [
        125.6130624,
        7.2327418
       ],
       [
        125.6130865,
        7.2328429
       ],
       [
        125.6131643,
        7.232944
       ],
       [
        125.6134003,
        7.2332207
       ],
       [
        125.6134862,
        7.2333484
       ],
       [
        125.6135264,
        7.2334336
       ],
       [
        125.6135479,
        7.2335241
       ],
       [
        125.6135425,
        7.2336305
       ],
       [
        125.6134969,
        7.2337023
       ],
       [
        125.6133386,
        7.2338354
       ],
       [
        125.613175,
        7.2339285
       ],
       [
        125.6131348,
        7.2339551
       ],
       [
        125.6131026,
        7.2340749
       ],
       [
        125.6131321,
        7.2342239
       ],
       [
        125.6131858,
        7.2343702
       ],
       [
        125.613234,
        7.2345804
       ],
       [
        125.6132984,
        7.2347667
       ],
       [
        125.6133521,
        7.2349051
       ],
       [
        125.6134164,
        7.2349583
       ],
       [
        125.6134701,
        7.2349716
       ],
       [
        125.6138107,
        7.2349051
       ],
       [
        125.6140199,
        7.2348412
       ],
       [
        125.6143203,
        7.2347374
       ],
       [
        125.6144223,
        7.2347241
       ],
       [
        125.6145269,
        7.2347294
       ],
       [
        125.6146395,
        7.2347587
       ],
       [
        125.6147227,
        7.2348066
       ],
       [
        125.6147361,
        7.2348305
       ],
       [
        125.6147334,
        7.2349024
       ],
       [
        125.6146181,
        7.2351472
       ],
       [
        125.6145564,
        7.2351924
       ],
       [
        125.6144625,
        7.2351977
       ],
       [
        125.6143767,
        7.235219
       ],
       [
        125.6142613,
        7.2353148
       ],
       [
        125.6142318,
        7.2353946
       ],
       [
        125.6142157,
        7.2354825
       ],
       [
        125.614213,
        7.2357033
       ],
       [
        125.6142452,
        7.235839
       ],
       [
        125.6142479,
        7.2359029
       ],
       [
        125.6142345,
        7.2360093
       ],
       [
        125.6142077,
        7.2360838
       ],
       [
        125.6141406,
        7.2362009
       ],
       [
        125.6141406,
        7.2362701
       ],
       [
        125.6141674,
        7.2363978
       ],
       [
        125.6142238,
        7.236475
       ],
       [
        125.6142962,
        7.2365228
       ],
       [
        125.6143445,
        7.2365335
       ],
       [
        125.6146395,
        7.2364909
       ],
       [
        125.6147119,
        7.2365042
       ],
       [
        125.6147763,
        7.2365388
       ],
       [
        125.614897,
        7.2366905
       ],
       [
        125.6149533,
        7.2367304
       ],
       [
        125.6150392,
        7.2367517
       ],
       [
        125.6151196,
        7.2367437
       ],
       [
        125.6153664,
        7.236624
       ],
       [
        125.6155944,
        7.2365335
       ],
       [
        125.6157258,
        7.2364909
       ],
       [
        125.6158009,
        7.2364962
       ],
       [
        125.6158385,
        7.2365362
       ],
       [
        125.6158626,
        7.236584
       ],
       [
        125.6158867,
        7.2367091
       ],
       [
        125.6158894,
        7.2367756
       ],
       [
        125.6158733,
        7.2369113
       ],
       [
        125.6158036,
        7.2370364
       ],
       [
        125.615699,
        7.2371082
       ],
       [
        125.6155702,
        7.2371508
       ],
       [
        125.6154039,
        7.2371561
       ],
       [
        125.6153101,
        7.2371934
       ],
       [
        125.6152403,
        7.2372147
       ],
       [
        125.6152081,
        7.2372652
       ],
       [
        125.6151947,
        7.2374222
       ],
       [
        125.6151921,
        7.2379437
       ],
       [
        125.6151733,
        7.2381327
       ],
       [
        125.615125,
        7.2382896
       ],
       [
        125.6150821,
        7.2383695
       ],
       [
        125.6150553,
        7.2384573
       ],
       [
        125.6150579,
        7.2385052
       ],
       [
        125.6150848,
        7.238569
       ],
       [
        125.6151277,
        7.2385903
       ],
       [
        125.6152564,
        7.2386382
       ],
       [
        125.6154442,
        7.2386941
       ],
       [
        125.6157231,
        7.2387713
       ],
       [
        125.6158197,
        7.2388112
       ],
       [
        125.6160504,
        7.2389415
       ],
       [
        125.6165037,
        7.2391172
       ],
       [
        125.6165385,
        7.2391544
       ],
       [
        125.616568,
        7.2392236
       ],
       [
        125.6165788,
        7.2392795
       ],
       [
        125.6165519,
        7.2393779
       ],
       [
        125.6164795,
        7.2394577
       ],
       [
        125.6163347,
        7.2395216
       ],
       [
        125.6162569,
        7.2395509
       ],
       [
        125.6159484,
        7.239809
       ],
       [
        125.6159109,
        7.2398702
       ],
       [
        125.6158841,
        7.2400165
       ],
       [
        125.6159028,
        7.2400804
       ],
       [
        125.6159565,
        7.2401442
       ],
       [
        125.6160879,
        7.2402267
       ],
       [
        125.6161952,
        7.2402613
       ],
       [
        125.6163347,
        7.2402666
       ],
       [
        125.6164902,
        7.2402666
       ],
       [
        125.6166136,
        7.2402906
       ],
       [
        125.6166646,
        7.2403145
       ],
       [
        125.6166914,
        7.2403544
       ],
       [
        125.6166834,
        7.2404263
       ],
       [
        125.6166297,
        7.2405088
       ],
       [
        125.6165278,
        7.240578
       ],
       [
        125.6164286,
        7.2406232
       ],
       [
        125.6161308,
        7.2406817
       ],
       [
        125.6160155,
        7.2406764
       ],
       [
        125.6159109,
        7.240703
       ],
       [
        125.6157553,
        7.2407802
       ],
       [
        125.6154656,
        7.2409797
       ],
       [
        125.6153932,
        7.2410729
       ],
       [
        125.6153342,
        7.2412192
       ],
       [
        125.6152832,
        7.2414108
       ],
       [
        125.6152806,
        7.24148
       ],
       [
        125.6153128,
        7.2415545
       ],
       [
        125.615353,
        7.2415944
       ],
       [
        125.615522,
        7.2416982
       ],
       [
        125.6158975,
        7.2419057
       ],
       [
        125.6161872,
        7.2420973
       ],
       [
        125.6162757,
        7.2421665
       ],
       [
        125.6162998,
        7.242225
       ],
       [
        125.6163025,
        7.2422835
       ],
       [
        125.6162864,
        7.2423953
       ],
       [
        125.6162167,
        7.2425736
       ],
       [
        125.6161523,
        7.2426747
       ],
       [
        125.6155246,
        7.2433186
       ],
       [
        125.615361,
        7.2436033
       ],
       [
        125.6152457,
        7.2437443
       ],
       [
        125.615117,
        7.2438348
       ],
       [
        125.6150579,
        7.243896
       ],
       [
        125.6150338,
        7.2439678
       ],
       [
        125.6150311,
        7.2440317
       ],
       [
        125.6150526,
        7.2440796
       ],
       [
        125.6151035,
        7.2441434
       ],
       [
        125.6151921,
        7.2442126
       ],
       [
        125.6153986,
        7.2443217
       ],
       [
        125.6155112,
        7.244359
       ],
       [
        125.6155997,
        7.2443616
       ],
       [
        125.6157097,
        7.2443457
       ],
       [
        125.6159243,
        7.2442605
       ],
       [
        125.6160128,
        7.2442446
       ],
       [
        125.6161201,
        7.2442552
       ],
       [
        125.6162328,
        7.2443137
       ],
       [
        125.6165224,
        7.2444893
       ],
       [
        125.6165707,
        7.2445346
       ],
       [
        125.6165922,
        7.2445745
       ],
       [
        125.6166378,
        7.2447022
       ],
       [
        125.6166512,
        7.2448858
       ],
       [
        125.6166404,
        7.2450321
       ],
       [
        125.616619,
        7.245096
       ],
       [
        125.6165519,
        7.2451519
       ],
       [
        125.6164044,
        7.2452211
       ],
       [
        125.616096,
        7.2453089
       ],
       [
        125.6160504,
        7.2453568
       ],
       [
        125.6160155,
        7.2456016
       ],
       [
        125.6160369,
        7.2457186
       ],
       [
        125.6161898,
        7.2460486
       ],
       [
        125.6162435,
        7.2462162
       ],
       [
        125.6162757,
        7.2463891
       ],
       [
        125.616273,
        7.2465115
       ],
       [
        125.6162515,
        7.2466419
       ],
       [
        125.6161255,
        7.246908
       ],
       [
        125.6160289,
        7.2471688
       ],
       [
        125.6160316,
        7.2472353
       ],
       [
        125.6160611,
        7.2473204
       ],
       [
        125.6161308,
        7.2474481
       ],
       [
        125.6162113,
        7.24752
       ],
       [
        125.6164768,
        7.2476477
       ],
       [
        125.6165895,
        7.2477062
       ],
       [
        125.6166968,
        7.2477461
       ],
       [
        125.6167182,
        7.2477914
       ],
       [
        125.6167263,
        7.2478499
       ],
       [
        125.616678,
        7.247959
       ],
       [
        125.6165573,
        7.248132
       ],
       [
        125.616273,
        7.2484433
       ],
       [
        125.6161764,
        7.2485258
       ],
       [
        125.6161094,
        7.2486189
       ],
       [
        125.6160665,
        7.2487173
       ],
       [
        125.6160477,
        7.2488051
       ],
       [
        125.6160691,
        7.2489116
       ],
       [
        125.6160986,
        7.2489887
       ],
       [
        125.6161496,
        7.2490207
       ],
       [
        125.6162944,
        7.2490473
       ],
       [
        125.616678,
        7.2490845
       ],
       [
        125.6168443,
        7.2490819
       ],
       [
        125.6170455,
        7.2490686
       ],
       [
        125.6173164,
        7.2490739
       ],
       [
        125.6174961,
        7.2491005
       ],
       [
        125.6175739,
        7.2491351
       ],
       [
        125.6176677,
        7.2492096
       ],
       [
        125.6177804,
        7.2492867
       ],
       [
        125.617885,
        7.2493479
       ],
       [
        125.6180325,
        7.2494091
       ],
       [
        125.6181264,
        7.249473
       ],
       [
        125.6182229,
        7.2495262
       ],
       [
        125.6183785,
        7.2495581
       ],
       [
        125.6184885,
        7.2495741
       ],
       [
        125.6185958,
        7.2495714
       ],
       [
        125.6186628,
        7.2495874
       ],
       [
        125.6187299,
        7.2496247
       ],
       [
        125.6188157,
        7.2497178
       ],
       [
        125.618872,
        7.2499865
       ],
       [
        125.6189042,
        7.2501648
       ],
       [
        125.6189471,
        7.2504255
       ],
       [
        125.6189525,
        7.2504814
       ],
       [
        125.6189445,
        7.2505373
       ],
       [
        125.6188613,
        7.2508353
       ],
       [
        125.6188372,
        7.2509577
       ],
       [
        125.6188104,
        7.2515085
       ],
       [
        125.618813,
        7.2516255
       ],
       [
        125.6188425,
        7.2517267
       ],
       [
        125.6189096,
        7.2518384
       ],
       [
        125.6189632,
        7.2519129
       ],
       [
        125.6190115,
        7.2520114
       ],
       [
        125.6191081,
        7.2522402
       ],
       [
        125.6191564,
        7.2522961
       ],
       [
        125.6192288,
        7.2523333
       ],
       [
        125.6193119,
        7.2523227
       ],
       [
        125.6193978,
        7.2522828
       ],
       [
        125.6197277,
        7.2520832
       ],
       [
        125.6198537,
        7.2519954
       ],
       [
        125.6200093,
        7.2518703
       ],
       [
        125.6200978,
        7.2518278
       ],
       [
        125.6202614,
        7.2517799
       ],
       [
        125.6203473,
        7.2517852
       ],
       [
        125.6204277,
        7.2518065
       ],
       [
        125.6204948,
        7.2518384
       ],
       [
        125.6205779,
        7.2519182
       ],
       [
        125.6208059,
        7.2521896
       ],
       [
        125.6208757,
        7.2522774
       ],
       [
        125.6210527,
        7.2526739
       ],
       [
        125.6210983,
        7.252751
       ],
       [
        125.6211787,
        7.2528415
       ],
       [
        125.6212029,
        7.2528947
       ],
       [
        125.6212136,
        7.2529985
       ],
       [
        125.621168,
        7.2533737
       ],
       [
        125.6210473,
        7.2538526
       ],
       [
        125.6208944,
        7.2543368
       ],
       [
        125.6208086,
        7.2546322
       ],
       [
        125.6207469,
        7.2547626
       ],
       [
        125.6207201,
        7.254853
       ],
       [
        125.6207067,
        7.2550074
       ],
       [
        125.6206852,
        7.2551457
       ],
       [
        125.6206101,
        7.2553772
       ],
       [
        125.6204626,
        7.2556592
       ],
       [
        125.6204036,
        7.2557923
       ],
       [
        125.6203929,
        7.2558614
       ],
       [
        125.6204089,
        7.2559652
       ],
       [
        125.6204411,
        7.2560238
       ],
       [
        125.6205001,
        7.2560424
       ],
       [
        125.6206021,
        7.2560211
       ],
       [
        125.6206933,
        7.2559812
       ],
       [
        125.6209588,
        7.255771
       ],
       [
        125.6213263,
        7.2555022
       ],
       [
        125.6215677,
        7.2553799
       ],
       [
        125.6218117,
        7.2552947
       ],
       [
        125.6219056,
        7.2552947
       ],
       [
        125.6219995,
        7.255316
       ],
       [
        125.6220585,
        7.2553612
       ],
       [
        125.6220987,
        7.2554118
       ],
       [
        125.6221551,
        7.2555688
       ],
       [
        125.6222033,
        7.2556805
       ],
       [
        125.6223106,
        7.2559014
       ],
       [
        125.6224313,
        7.2561355
       ],
       [
        125.6225172,
        7.256359
       ],
       [
        125.6226191,
        7.2567448
       ],
       [
        125.6226781,
        7.2568871
       ],
       [
        125.6227357,
        7.2569431
       ],
       [
        125.6228283,
        7.2569963
       ],
       [
        125.6229182,
        7.2570042
       ],
       [
        125.6230013,
        7.2569616
       ],
       [
        125.6230375,
        7.2568832
       ],
       [
        125.6230496,
        7.2567395
       ],
       [
        125.6230858,
        7.2566477
       ],
       [
        125.6232092,
        7.2565133
       ],
       [
        125.623354,
        7.256367
       ],
       [
        125.6234613,
        7.2562473
       ],
       [
        125.6236195,
        7.256101
       ],
       [
        125.6237966,
        7.2559679
       ],
       [
        125.624038,
        7.2558295
       ],
       [
        125.6241748,
        7.2557816
       ],
       [
        125.6244484,
        7.2557284
       ],
       [
        125.6253281,
        7.2556113
       ],
       [
        125.6255829,
        7.2556167
       ],
       [
        125.6256607,
        7.25563
       ],
       [
        125.6257492,
        7.2556779
       ],
       [
        125.6261489,
        7.2559572
       ],
       [
        125.6262052,
        7.2560424
       ],
       [
        125.6262079,
        7.2561568
       ],
       [
        125.6261918,
        7.2562127
       ],
       [
        125.626165,
        7.2562526
       ],
       [
        125.6260443,
        7.2562685
       ],
       [
        125.6259692,
        7.2563111
       ],
       [
        125.6258807,
        7.2563803
       ],
       [
        125.6257519,
        7.2565
       ],
       [
        125.6256393,
        7.2566251
       ],
       [
        125.6255373,
        7.2567315
       ],
       [
        125.6254274,
        7.2568193
       ],
       [
        125.6252235,
        7.2568991
       ],
       [
        125.6248748,
        7.2569896
       ],
       [
        125.6246522,
        7.2570082
       ],
       [
        125.6245315,
        7.2569843
       ],
       [
        125.6243652,
        7.2569071
       ],
       [
        125.6243008,
        7.2568832
       ],
       [
        125.6242231,
        7.2568645
       ],
       [
        125.6241479,
        7.2568938
       ],
       [
        125.6241077,
        7.2569444
       ],
       [
        125.6241238,
        7.2570029
       ],
       [
        125.6243116,
        7.257261
       ],
       [
        125.6244457,
        7.257426
       ],
       [
        125.6245691,
        7.2575962
       ],
       [
        125.6246549,
        7.2577346
       ],
       [
        125.6247649,
        7.2578118
       ],
       [
        125.6248587,
        7.257849
       ],
       [
        125.6249848,
        7.257865
       ],
       [
        125.6250304,
        7.2578863
       ],
       [
        125.6250814,
        7.2579448
       ],
       [
        125.6251243,
        7.2580938
       ],
       [
        125.6251296,
        7.2581843
       ],
       [
        125.6251162,
        7.2582721
       ],
       [
        125.6250814,
        7.2583732
       ],
       [
        125.6250089,
        7.2584902
       ],
       [
        125.6248802,
        7.2586126
       ],
       [
        125.6248775,
        7.2586579
       ],
       [
        125.6249204,
        7.2587776
       ],
       [
        125.625025,
        7.2589213
       ],
       [
        125.6252101,
        7.2590543
       ],
       [
        125.6254193,
        7.2591581
       ],
       [
        125.6255937,
        7.2592565
       ],
       [
        125.6256661,
        7.2592725
       ],
       [
        125.6257224,
        7.2592725
       ],
       [
        125.6258485,
        7.2592219
       ],
       [
        125.6259316,
        7.2591528
       ],
       [
        125.6260067,
        7.259033
       ],
       [
        125.6260201,
        7.258908
       ],
       [
        125.625996,
        7.2588388
       ],
       [
        125.6258914,
        7.2587137
       ],
       [
        125.6258458,
        7.2586392
       ],
       [
        125.6258056,
        7.2585355
       ],
       [
        125.6257841,
        7.2584131
       ],
       [
        125.6257895,
        7.2582428
       ],
       [
        125.6258163,
        7.2581736
       ],
       [
        125.625886,
        7.2581177
       ],
       [
        125.6259826,
        7.2580645
       ],
       [
        125.6260711,
        7.2580459
       ],
       [
        125.6262293,
        7.2580299
       ],
       [
        125.6264064,
        7.2580353
       ],
       [
        125.6269294,
        7.2581124
       ],
       [
        125.6270179,
        7.258139
       ],
       [
        125.6271788,
        7.2582295
       ],
       [
        125.6274202,
        7.258429
       ],
       [
        125.6274444,
        7.2584849
       ],
       [
        125.6274658,
        7.2585727
       ],
       [
        125.6274873,
        7.2587084
       ],
       [
        125.6275061,
        7.2587616
       ],
       [
        125.627557,
        7.2588015
       ],
       [
        125.6276214,
        7.2588335
       ],
       [
        125.6278762,
        7.2588441
       ],
       [
        125.6283027,
        7.2588707
       ],
       [
        125.6284824,
        7.258892
       ],
       [
        125.628705,
        7.258908
       ],
       [
        125.6288284,
        7.258884
       ],
       [
        125.6289679,
        7.2588042
       ],
       [
        125.6290188,
        7.258727
       ],
       [
        125.629043,
        7.258602
       ],
       [
        125.6290457,
        7.2585275
       ],
       [
        125.6289786,
        7.2583758
       ],
       [
        125.6289384,
        7.2583519
       ],
       [
        125.6288606,
        7.2583386
       ],
       [
        125.6286192,
        7.2583812
       ],
       [
        125.628579,
        7.2583545
       ],
       [
        125.6285495,
        7.25832
       ],
       [
        125.628469,
        7.2582534
       ],
       [
        125.6281981,
        7.2580911
       ],
       [
        125.6278977,
        7.2579208
       ],
       [
        125.6278628,
        7.2578623
       ],
       [
        125.6278574,
        7.2578011
       ],
       [
        125.627895,
        7.2577532
       ],
       [
        125.6279647,
        7.2576894
       ],
       [
        125.6280398,
        7.2576362
       ],
       [
        125.6282249,
        7.2575483
       ],
       [
        125.628359,
        7.2574925
       ],
       [
        125.6285199,
        7.2574712
       ],
       [
        125.6285897,
        7.2574552
       ],
       [
        125.628646,
        7.2573967
       ],
       [
        125.6287184,
        7.2572211
       ],
       [
        125.6288391,
        7.2569763
       ],
       [
        125.6289169,
        7.2568752
       ],
       [
        125.6289732,
        7.2568353
       ],
       [
        125.6290483,
        7.25683
       ],
       [
        125.6290886,
        7.2568379
       ],
       [
        125.62933,
        7.2569098
       ],
       [
        125.6293836,
        7.2569124
       ],
       [
        125.6294909,
        7.2568645
       ],
       [
        125.6295714,
        7.256806
       ],
       [
        125.6297135,
        7.2566703
       ],
       [
        125.6299469,
        7.2563883
       ],
       [
        125.6300313,
        7.2563138
       ],
       [
        125.6300984,
        7.2562739
       ],
       [
        125.6302768,
        7.2561967
       ],
       [
        125.6307006,
        7.2560131
       ],
       [
        125.6309956,
        7.2558934
       ],
       [
        125.6311324,
        7.2558136
       ],
       [
        125.6312692,
        7.2557444
       ],
       [
        125.6322496,
        7.2568651
       ],
       [
        125.6324682,
        7.2571758
       ],
       [
        125.6326023,
        7.2574712
       ],
       [
        125.6327606,
        7.2579314
       ],
       [
        125.6329751,
        7.2586365
       ],
       [
        125.6330207,
        7.2588282
       ],
       [
        125.6330381,
        7.2590849
       ],
       [
        125.6330167,
        7.2593044
       ],
       [
        125.6329858,
        7.25948
       ],
       [
        125.632731,
        7.2599563
       ],
       [
        125.6326559,
        7.2601425
       ],
       [
        125.6326103,
        7.260366
       ],
       [
        125.6325969,
        7.2605816
       ],
       [
        125.6326291,
        7.2609487
       ],
       [
        125.6328383,
        7.2609168
       ],
       [
        125.6330274,
        7.2609128
       ],
       [
        125.6331602,
        7.2609354
       ],
       [
        125.6332688,
        7.260994
       ],
       [
        125.6333747,
        7.261115
       ],
       [
        125.6334056,
        7.2612321
       ],
       [
        125.6334217,
        7.261437
       ],
       [
        125.6334633,
        7.2616458
       ],
       [
        125.6335303,
        7.2617682
       ],
       [
        125.633592,
        7.2618254
       ],
       [
        125.63371,
        7.2618747
       ],
       [
        125.6338669,
        7.2619412
       ],
       [
        125.6339474,
        7.2620143
       ],
       [
        125.6340078,
        7.2620902
       ],
       [
        125.6340453,
        7.262174
       ],
       [
        125.6340721,
        7.2622352
       ],
       [
        125.6341244,
        7.2622937
       ],
       [
        125.6342076,
        7.262327
       ],
       [
        125.6343175,
        7.2623296
       ],
       [
        125.6344584,
        7.2623177
       ],
       [
        125.6345482,
        7.2623389
       ],
       [
        125.63463,
        7.2623828
       ],
       [
        125.6347226,
        7.26246
       ],
       [
        125.6347883,
        7.2625491
       ],
       [
        125.6348245,
        7.2625664
       ],
       [
        125.6348741,
        7.2625638
       ],
       [
        125.634917,
        7.2625292
       ],
       [
        125.6349868,
        7.2624773
       ],
       [
        125.6350484,
        7.2624667
       ],
       [
        125.6351061,
        7.262476
       ],
       [
        125.6351745,
        7.2625146
       ],
       [
        125.6352241,
        7.2625651
       ],
       [
        125.635255,
        7.2626343
       ],
       [
        125.6352845,
        7.2626689
       ],
       [
        125.635369,
        7.2626848
       ],
       [
        125.6354655,
        7.2626702
       ],
       [
        125.6355326,
        7.2626356
       ],
       [
        125.6356291,
        7.2625797
       ],
       [
        125.635715,
        7.2625332
       ],
       [
        125.6358249,
        7.2625012
       ],
       [
        125.6359282,
        7.2624933
       ],
       [
        125.6359953,
        7.2624946
       ],
       [
        125.6360395,
        7.2625239
       ],
       [
        125.6360503,
        7.2625624
       ],
       [
        125.6360395,
        7.2626077
       ],
       [
        125.636014,
        7.2626622
       ],
       [
        125.6359845,
        7.2627208
       ],
       [
        125.6359698,
        7.2628046
       ],
       [
        125.6359698,
        7.2628777
       ],
       [
        125.6360181,
        7.2630214
       ],
       [
        125.6360744,
        7.2631691
       ],
       [
        125.6361736,
        7.2632702
       ],
       [
        125.6362756,
        7.2633021
       ],
       [
        125.6363828,
        7.2633114
       ],
       [
        125.6365129,
        7.263346
       ],
       [
        125.6366511,
        7.2634099
       ],
       [
        125.6367744,
        7.2635083
       ],
       [
        125.6368388,
        7.2635802
       ],
       [
        125.6369448,
        7.263652
       ],
       [
        125.6370507,
        7.2636786
       ],
       [
        125.6371339,
        7.2636706
       ],
       [
        125.6372023,
        7.2636347
       ],
       [
        125.6372385,
        7.2635722
       ],
       [
        125.6372586,
        7.2634684
       ],
       [
        125.63728,
        7.263374
       ],
       [
        125.6373136,
        7.2632822
       ],
       [
        125.6373686,
        7.2632316
       ],
       [
        125.637441,
        7.263197
       ],
       [
        125.637498,
        7.2631797
       ],
       [
        125.6377038,
        7.2631598
       ],
       [
        125.6381424,
        7.2631624
       ],
       [
        125.6389028,
        7.2631864
       ],
       [
        125.639808,
        7.2631864
       ],
       [
        125.6401527,
        7.2631731
       ],
       [
        125.640669,
        7.2631664
       ],
       [
        125.6407991,
        7.2631744
       ],
       [
        125.6408916,
        7.2632063
       ],
       [
        125.6409654,
        7.2632063
       ],
       [
        125.6410244,
        7.2631624
       ],
       [
        125.6410633,
        7.2631179
       ],
       [
        125.6410915,
        7.2630819
       ],
       [
        125.6411471,
        7.2630693
       ],
       [
        125.6411867,
        7.263076
       ],
       [
        125.6412524,
        7.2631185
       ],
       [
        125.6413342,
        7.2631737
       ],
       [
        125.6414227,
        7.2632057
       ],
       [
        125.6415253,
        7.263217
       ],
       [
        125.6415823,
        7.2632396
       ],
       [
        125.6416406,
        7.2632968
       ],
       [
        125.6416903,
        7.263374
       ],
       [
        125.641762,
        7.2634884
       ],
       [
        125.6586307,
        7.2827723
       ],
       [
        125.6587793,
        7.2825558
       ],
       [
        125.6589174,
        7.282444
       ],
       [
        125.6591561,
        7.282323
       ],
       [
        125.659443,
        7.2822151
       ],
       [
        125.6596953,
        7.2821766
       ],
       [
        125.6604092,
        7.2821206
       ],
       [
        125.6620843,
        7.2816684
       ],
       [
        125.6627552,
        7.2815396
       ],
       [
        125.6631144,
        7.2814007
       ],
       [
        125.6631838,
        7.2812955
       ],
       [
        125.663217,
        7.2811882
       ],
       [
        125.6632277,
        7.2810765
       ],
       [
        125.6632251,
        7.2809328
       ],
       [
        125.6631848,
        7.2807599
       ],
       [
        125.6630808,
        7.2801765
       ],
       [
        125.6630184,
        7.2788907
       ],
       [
        125.6630788,
        7.2785894
       ],
       [
        125.663218,
        7.2784219
       ],
       [
        125.6634021,
        7.2783256
       ],
       [
        125.6637994,
        7.2781553
       ],
       [
        125.6650571,
        7.2778342
       ],
       [
        125.6660615,
        7.2775
       ],
       [
        125.6670229,
        7.2769312
       ],
       [
        125.667125,
        7.2767929
       ],
       [
        125.6672028,
        7.2766413
       ],
       [
        125.6672402,
        7.2764709
       ],
       [
        125.6672296,
        7.2763273
       ],
       [
        125.6671947,
        7.2762076
       ],
       [
        125.6671068,
        7.2760439
       ],
       [
        125.666748,
        7.2757233
       ],
       [
        125.6652326,
        7.2751112
       ],
       [
        125.6648254,
        7.2749247
       ],
       [
        125.6642583,
        7.2745388
       ],
       [
        125.6639718,
        7.2741434
       ],
       [
        125.6638735,
        7.2737862
       ],
       [
        125.6639677,
        7.273418
       ],
       [
        125.6641463,
        7.2731811
       ],
       [
        125.664415,
        7.2730688
       ],
       [
        125.6652201,
        7.2726955
       ],
       [
        125.6657542,
        7.2722751
       ],
       [
        125.6659287,
        7.2720703
       ],
       [
        125.6659904,
        7.2719612
       ],
       [
        125.6660138,
        7.2718555
       ],
       [
        125.6660092,
        7.2717564
       ],
       [
        125.6659341,
        7.27161
       ],
       [
        125.6658322,
        7.271499
       ],
       [
        125.6653374,
        7.2711422
       ],
       [
        125.6648822,
        7.2708659
       ],
       [
        125.6644635,
        7.2704989
       ],
       [
        125.6643087,
        7.2702398
       ],
       [
        125.6642791,
        7.2700495
       ],
       [
        125.6642895,
        7.2697568
       ],
       [
        125.664568,
        7.2691239
       ],
       [
        125.6650269,
        7.2685626
       ],
       [
        125.6653,
        7.2682464
       ],
       [
        125.6660417,
        7.2673795
       ],
       [
        125.6663004,
        7.2669683
       ],
       [
        125.6665044,
        7.2664121
       ],
       [
        125.666894,
        7.2654039
       ],
       [
        125.6669923,
        7.264977
       ],
       [
        125.6671043,
        7.2645818
       ],
       [
        125.6676037,
        7.2636154
       ],
       [
        125.6677764,
        7.2631126
       ],
       [
        125.667884,
        7.2624254
       ],
       [
        125.667925,
        7.2618637
       ],
       [
        125.6678611,
        7.2615986
       ],
       [
        125.6677618,
        7.2612675
       ],
       [
        125.6675833,
        7.2609032
       ],
       [
        125.6672352,
        7.2605502
       ],
       [
        125.6668957,
        7.2602593
       ],
       [
        125.6661831,
        7.2598439
       ],
       [
        125.6658105,
        7.2595209
       ],
       [
        125.6657745,
        7.2591258
       ],
       [
        125.6660692,
        7.2588268
       ],
       [
        125.6667557,
        7.2585612
       ],
       [
        125.6676694,
        7.2586347
       ],
       [
        125.6679856,
        7.2586444
       ],
       [
        125.6682499,
        7.2587203
       ],
       [
        125.6683845,
        7.2588371
       ],
       [
        125.6688269,
        7.2592253
       ],
       [
        125.669254,
        7.2596608
       ],
       [
        125.6694083,
        7.2599391
       ],
       [
        125.6694838,
        7.2601119
       ],
       [
        125.6695893,
        7.2604897
       ],
       [
        125.6696141,
        7.2611569
       ],
       [
        125.6692712,
        7.262021
       ],
       [
        125.6692518,
        7.2622942
       ],
       [
        125.6692753,
        7.2625854
       ],
       [
        125.6693058,
        7.2627929
       ],
       [
        125.6694705,
        7.2629198
       ],
       [
        125.6699156,
        7.2629402
       ],
       [
        125.6703229,
        7.2629065
       ],
       [
        125.6709124,
        7.2627693
       ],
       [
        125.671216,
        7.2625422
       ],
       [
        125.6713624,
        7.2622984
       ],
       [
        125.6714415,
        7.2621447
       ],
       [
        125.6714073,
        7.2619249
       ],
       [
        125.6710335,
        7.261594
       ],
       [
        125.6709936,
        7.2613183
       ],
       [
        125.6709545,
        7.2608753
       ],
       [
        125.6712092,
        7.2590013
       ],
       [
        125.6714437,
        7.2583957
       ],
       [
        125.6717062,
        7.2578942
       ],
       [
        125.6719719,
        7.2576009
       ],
       [
        125.672358,
        7.2575856
       ],
       [
        125.6726447,
        7.2576586
       ],
       [
        125.672751,
        7.2582175
       ],
       [
        125.6726507,
        7.2587751
       ],
       [
        125.6727878,
        7.2592699
       ],
       [
        125.6729267,
        7.2594935
       ],
       [
        125.673331,
        7.2595639
       ],
       [
        125.6738022,
        7.2593061
       ],
       [
        125.6739939,
        7.2588095
       ],
       [
        125.6740648,
        7.2585058
       ],
       [
        125.6742503,
        7.2576837
       ],
       [
        125.6745331,
        7.2571126
       ],
       [
        125.6747532,
        7.2569763
       ],
       [
        125.6752682,
        7.2568645
       ],
       [
        125.6755217,
        7.2567562
       ],
       [
        125.6763291,
        7.2560218
       ],
       [
        125.6769097,
        7.2555156
       ],
       [
        125.6772423,
        7.2552926
       ],
       [
        125.677599,
        7.2551617
       ],
       [
        125.6780253,
        7.2550779
       ],
       [
        125.6784895,
        7.2550233
       ],
       [
        125.6787721,
        7.255048
       ],
       [
        125.6790125,
        7.2551351
       ],
       [
        125.6792816,
        7.2553211
       ],
       [
        125.679535,
        7.2555944
       ],
       [
        125.6803363,
        7.256322
       ],
       [
        125.6971945,
        7.2288686
       ],
       [
        125.6903272,
        7.2257391
       ],
       [
        125.6842611,
        7.2212679
       ],
       [
        125.6792586,
        7.2156483
       ],
       [
        125.6755363,
        7.2091235
       ],
       [
        125.6732552,
        7.2019757
       ],
       [
        125.6725141,
        7.1945143
       ],
       [
        125.6717594,
        7.1355822
       ],
       [
        125.6716217,
        7.1322574
       ],
       [
        125.6710772,
        7.1289739
       ],
       [
        125.670134,
        7.1257806
       ],
       [
        125.668806,
        7.122725
       ],
       [
        125.667113,
        7.1198524
       ],
       [
        125.6650802,
        7.1172058
       ],
       [
        125.6603147,
        7.1107282
       ],
       [
        125.6592477,
        7.1090169
       ],
       [
        125.6583802,
        7.107198
       ],
       [
        125.6577228,
        7.1052942
       ],
       [
        125.6526281,
        7.0863948
       ],
       [
        125.6504639,
        7.0769912
       ],
       [
        125.6491926,
        7.064622
       ],
       [
        125.6489201,
        7.0564434
       ],
       [
        125.6495558,
        7.0513062
       ],
       [
        125.6512358,
        7.0464845
       ],
       [
        125.6542326,
        7.0423387
       ],
       [
        125.6604079,
        7.0355791
       ],
       [
        125.6618609,
        7.0329203
       ],
       [
        125.6626327,
        7.0302165
       ],
       [
        125.6626782,
        7.0259353
       ],
       [
        125.6622241,
        7.022961
       ],
       [
        125.6604533,
        7.0188149
       ],
       [
        125.6560942,
        7.0137225
       ],
       [
        125.6226642,
        6.9871945
       ],
       [
        125.5764656,
        6.9562097
       ],
       [
        125.4849177,
        6.9638064
       ],
       [
        125.4848159,
        6.9638287
       ],
       [
        125.484722,
        6.9638547
       ],
       [
        125.4845859,
        6.9639046
       ],
       [
        125.4845014,
        6.9639232
       ],
       [
        125.4844236,
        6.9639232
       ],
       [
        125.4843619,
        6.9638993
       ],
       [
        125.4843163,
        6.96385
       ],
       [
        125.4842399,
        6.9637262
       ],
       [
        125.4841728,
        6.9636304
       ],
       [
        125.4840776,
        6.9635624
       ],
       [
        125.4839636,
        6.9635092
       ],
       [
        125.4838577,
        6.9634892
       ],
       [
        125.48369,
        6.963484
       ],
       [
        125.483513,
        6.9634919
       ],
       [
        125.4832488,
        6.9635013
       ],
       [
        125.4830584,
        6.9635225
       ],
       [
        125.4829175,
        6.9635439
       ],
       [
        125.4827687,
        6.9635585
       ],
       [
        125.4827037,
        6.9635585
       ],
       [
        125.4826453,
        6.9635505
       ],
       [
        125.4825796,
        6.9635239
       ],
       [
        125.4825461,
        6.9634893
       ],
       [
        125.4824951,
        6.96342
       ],
       [
        125.4824643,
        6.9633848
       ],
       [
        125.4824234,
        6.9633488
       ],
       [
        125.4823617,
        6.9633022
       ],
       [
        125.4823302,
        6.9632669
       ],
       [
        125.4821706,
        6.9630439
       ],
       [
        125.4820311,
        6.9627704
       ],
       [
        125.4820016,
        6.9627218
       ],
       [
        125.4819728,
        6.9626539
       ],
       [
        125.4819486,
        6.9625255
       ],
       [
        125.4819265,
        6.9624742
       ],
       [
        125.4818937,
        6.962423
       ],
       [
        125.4817441,
        6.9622679
       ],
       [
        125.4816194,
        6.9621154
       ],
       [
        125.481606,
        6.9621035
       ],
       [
        125.4815818,
        6.9620961
       ],
       [
        125.4815557,
        6.9620968
       ],
       [
        125.4814497,
        6.9621188
       ],
       [
        125.4814236,
        6.9621301
       ],
       [
        125.4814075,
        6.9621414
       ],
       [
        125.4813438,
        6.9622113
       ],
       [
        125.4813123,
        6.9622359
       ],
       [
        125.4812915,
        6.9622479
       ],
       [
        125.4812647,
        6.9622492
       ],
       [
        125.4812378,
        6.9622445
       ],
       [
        125.480979,
        6.96215
       ],
       [
        125.4809602,
        6.9621447
       ],
       [
        125.4809301,
        6.9621394
       ],
       [
        125.480519,
        6.9621247
       ],
       [
        125.4804982,
        6.9621221
       ],
       [
        125.4804794,
        6.9621168
       ],
       [
        125.4804654,
        6.9621075
       ],
       [
        125.4804506,
        6.9620861
       ],
       [
        125.4801053,
        6.9613234
       ],
       [
        125.4800925,
        6.9612888
       ],
       [
        125.4800872,
        6.9612608
       ],
       [
        125.4800845,
        6.9612275
       ],
       [
        125.4801133,
        6.9609426
       ],
       [
        125.4801147,
        6.960902
       ],
       [
        125.4801053,
        6.9608614
       ],
       [
        125.4800275,
        6.960743
       ],
       [
        125.4798116,
        6.9604953
       ],
       [
        125.479719,
        6.9603915
       ],
       [
        125.4796606,
        6.9603021
       ],
       [
        125.4795863,
        6.9601838
       ],
       [
        125.4795326,
        6.9600867
       ],
       [
        125.4794615,
        6.9599136
       ],
       [
        125.4793811,
        6.9596553
       ],
       [
        125.4793274,
        6.9595914
       ],
       [
        125.4792497,
        6.9595595
       ],
       [
        125.4791531,
        6.9595409
       ],
       [
        125.4789707,
        6.9596048
       ],
       [
        125.4787561,
        6.9597485
       ],
       [
        125.4784732,
        6.9598417
       ],
       [
        125.4784262,
        6.9598817
       ],
       [
        125.4783913,
        6.9599429
       ],
       [
        125.4783806,
        6.9600254
       ],
       [
        125.4783967,
        6.9601452
       ],
       [
        125.4783927,
        6.9602185
       ],
       [
        125.4783592,
        6.9602837
       ],
       [
        125.4782143,
        6.9603449
       ],
       [
        125.4779568,
        6.9603795
       ],
       [
        125.4778267,
        6.9603516
       ],
       [
        125.4777637,
        6.9602863
       ],
       [
        125.4776832,
        6.960092
       ],
       [
        125.4775357,
        6.9598471
       ],
       [
        125.4774016,
        6.9597885
       ],
       [
        125.477289,
        6.9597805
       ],
       [
        125.4772085,
        6.9597938
       ],
       [
        125.4771561,
        6.9598484
       ],
       [
        125.4771146,
        6.9599282
       ],
       [
        125.4770717,
        6.9599762
       ],
       [
        125.4770139,
        6.9600016
       ],
       [
        125.4769524,
        6.9600041
       ],
       [
        125.4768786,
        6.9599841
       ],
       [
        125.4767981,
        6.9599282
       ],
       [
        125.4767257,
        6.9598457
       ],
       [
        125.4766533,
        6.9597738
       ],
       [
        125.4765983,
        6.9597513
       ],
       [
        125.4765286,
        6.9597618
       ],
       [
        125.4764669,
        6.9598058
       ],
       [
        125.4764012,
        6.9599216
       ],
       [
        125.4763033,
        6.9601519
       ],
       [
        125.4762697,
        6.9602877
       ],
       [
        125.476251,
        6.9604235
       ],
       [
        125.4762577,
        6.9604887
       ],
       [
        125.4762965,
        6.9605313
       ],
       [
        125.4763515,
        6.9605553
       ],
       [
        125.4764414,
        6.9605672
       ],
       [
        125.4765916,
        6.9605712
       ],
       [
        125.4766546,
        6.9605939
       ],
       [
        125.4766828,
        6.9606471
       ],
       [
        125.4766827,
        6.9607363
       ],
       [
        125.4766519,
        6.9608122
       ],
       [
        125.4765809,
        6.9608721
       ],
       [
        125.476487,
        6.960924
       ],
       [
        125.476377,
        6.9609599
       ],
       [
        125.4762483,
        6.9609866
       ],
       [
        125.4758922,
        6.9610564
       ],
       [
        125.4754288,
        6.9611557
       ],
       [
        125.4752593,
        6.9611876
       ],
       [
        125.4751935,
        6.9611942
       ],
       [
        125.4751372,
        6.9611949
       ],
       [
        125.4750835,
        6.9611876
       ],
       [
        125.4750044,
        6.9611656
       ],
       [
        125.4748468,
        6.9611124
       ],
       [
        125.4747865,
        6.9610971
       ],
       [
        125.4747328,
        6.9610971
       ],
       [
        125.4746645,
        6.9611183
       ],
       [
        125.4746068,
        6.9611583
       ],
       [
        125.4745947,
        6.9612275
       ],
       [
        125.4745987,
        6.9613114
       ],
       [
        125.4746242,
        6.9614126
       ],
       [
        125.4746858,
        6.9617308
       ],
       [
        125.4746859,
        6.9618732
       ],
       [
        125.4746684,
        6.9620116
       ],
       [
        125.4746201,
        6.9621195
       ],
       [
        125.4745343,
        6.9622113
       ],
       [
        125.4744244,
        6.9622619
       ],
       [
        125.4740864,
        6.9623444
       ],
       [
        125.4739228,
        6.9624056
       ],
       [
        125.4738235,
        6.9624749
       ],
       [
        125.4737189,
        6.9626133
       ],
       [
        125.4736116,
        6.9627118
       ],
       [
        125.4734937,
        6.9627491
       ],
       [
        125.4732254,
        6.9627917
       ],
       [
        125.4731422,
        6.9628422
       ],
       [
        125.4730832,
        6.9629434
       ],
       [
        125.4730886,
        6.9630819
       ],
       [
        125.4731557,
        6.963215
       ],
       [
        125.4732791,
        6.9633694
       ],
       [
        125.4733327,
        6.9634706
       ],
       [
        125.473322,
        6.9635877
       ],
       [
        125.4732415,
        6.963641
       ],
       [
        125.4730913,
        6.963657
       ],
       [
        125.4729572,
        6.963625
       ],
       [
        125.4728204,
        6.9635665
       ],
       [
        125.4726219,
        6.9634759
       ],
       [
        125.4724744,
        6.9634254
       ],
       [
        125.4722974,
        6.9633828
       ],
       [
        125.4720909,
        6.9633668
       ],
       [
        125.4718548,
        6.9634041
       ],
       [
        125.4717099,
        6.963436
       ],
       [
        125.4715946,
        6.963412
       ],
       [
        125.4714847,
        6.9633588
       ],
       [
        125.4713291,
        6.9632629
       ],
       [
        125.471195,
        6.9632496
       ],
       [
        125.4710796,
        6.9632656
       ],
       [
        125.4709697,
        6.9633455
       ],
       [
        125.4708999,
        6.9634307
       ],
       [
        125.4707336,
        6.9635478
       ],
       [
        125.4705673,
        6.963641
       ],
       [
        125.4703233,
        6.9637289
       ],
       [
        125.4701194,
        6.9637741
       ],
       [
        125.4698887,
        6.9638114
       ],
       [
        125.4697064,
        6.9638647
       ],
       [
        125.469591,
        6.9639551
       ],
       [
        125.469473,
        6.9641282
       ],
       [
        125.4693282,
        6.9643599
       ],
       [
        125.4692504,
        6.9644584
       ],
       [
        125.4691324,
        6.9645516
       ],
       [
        125.4688534,
        6.9646953
       ],
       [
        125.4685664,
        6.9648125
       ],
       [
        125.468384,
        6.9648604
       ],
       [
        125.4682419,
        6.9648737
       ],
       [
        125.4679978,
        6.964875
       ],
       [
        125.4678838,
        6.9649083
       ],
       [
        125.4677671,
        6.9649749
       ],
       [
        125.4676464,
        6.9651107
       ],
       [
        125.4675525,
        6.9652438
       ],
       [
        125.4674801,
        6.9653423
       ],
       [
        125.4673943,
        6.9654328
       ],
       [
        125.4671931,
        6.9655633
       ],
       [
        125.4669383,
        6.965691
       ],
       [
        125.4666433,
        6.9658721
       ],
       [
        125.4665101,
        6.9659389
       ],
       [
        125.4129133,
        6.9662502
       ],
       [
        125.4127872,
        6.9662848
       ],
       [
        125.412704,
        6.9663354
       ],
       [
        125.4125807,
        6.966354
       ],
       [
        125.4124761,
        6.966354
       ],
       [
        125.4123071,
        6.9663194
       ],
       [
        125.4121891,
        6.9662821
       ],
       [
        125.4118967,
        6.9660958
       ],
       [
        125.4116634,
        6.9660026
       ],
       [
        125.4114005,
        6.965928
       ],
       [
        125.4112852,
        6.965928
       ],
       [
        125.4111484,
        6.9659467
       ],
       [
        125.4110357,
        6.9660212
       ],
       [
        125.410966,
        6.9661171
       ],
       [
        125.4108104,
        6.9664019
       ],
       [
        125.4106387,
        6.9666495
       ],
       [
        125.41051,
        6.9667986
       ],
       [
        125.4104376,
        6.9668466
       ],
       [
        125.4103759,
        6.9668705
       ],
       [
        125.4103062,
        6.9668785
       ],
       [
        125.410105,
        6.9668226
       ],
       [
        125.4096732,
        6.9666336
       ],
       [
        125.4094183,
        6.9664232
       ],
       [
        125.4092655,
        6.9662688
       ],
       [
        125.4092038,
        6.9662129
       ],
       [
        125.4091099,
        6.9661703
       ],
       [
        125.4090026,
        6.966157
       ],
       [
        125.4087478,
        6.9662315
       ],
       [
        125.4085332,
        6.9663327
       ],
       [
        125.4084903,
        6.9663833
       ],
       [
        125.4084742,
        6.9664365
       ],
       [
        125.4084742,
        6.9665164
       ],
       [
        125.4084903,
        6.9665883
       ],
       [
        125.4085413,
        6.9667055
       ],
       [
        125.4086298,
        6.9668359
       ],
       [
        125.4086512,
        6.9669238
       ],
       [
        125.4086646,
        6.9671101
       ],
       [
        125.408662,
        6.967222
       ],
       [
        125.4084501,
        6.9678609
       ],
       [
        125.4083589,
        6.9681485
       ],
       [
        125.4082918,
        6.968239
       ],
       [
        125.4082248,
        6.968255
       ],
       [
        125.4080987,
        6.9682683
       ],
       [
        125.4080021,
        6.9682496
       ],
       [
        125.4079056,
        6.968239
       ],
       [
        125.4078144,
        6.968263
       ],
       [
        125.4076588,
        6.9683242
       ],
       [
        125.4075086,
        6.9684094
       ],
       [
        125.4072538,
        6.9685611
       ],
       [
        125.4071063,
        6.9686011
       ],
       [
        125.4070312,
        6.9686011
       ],
       [
        125.4066879,
        6.9685505
       ],
       [
        125.4066181,
        6.9685611
       ],
       [
        125.4065403,
        6.9686091
       ],
       [
        125.4064438,
        6.9687262
       ],
       [
        125.4063445,
        6.968838
       ],
       [
        125.4062158,
        6.9689951
       ],
       [
        125.4061112,
        6.9691602
       ],
       [
        125.4060173,
        6.9692906
       ],
       [
        125.4058644,
        6.9694211
       ],
       [
        125.4057544,
        6.969493
       ],
       [
        125.4056311,
        6.9695489
       ],
       [
        125.405513,
        6.9695862
       ],
       [
        125.4054111,
        6.9696234
       ],
       [
        125.4052529,
        6.9696953
       ],
       [
        125.4052234,
        6.9697486
       ],
       [
        125.4052341,
        6.9698231
       ],
       [
        125.4052636,
        6.9698684
       ],
       [
        125.4053199,
        6.969919
       ],
       [
        125.4055908,
        6.9700734
       ],
       [
        125.4057679,
        6.9701825
       ],
       [
        125.4058081,
        6.9702251
       ],
       [
        125.4058108,
        6.970289
       ],
       [
        125.4057893,
        6.9703449
       ],
       [
        125.4056981,
        6.9704408
       ],
       [
        125.405623,
        6.970502
       ],
       [
        125.405328,
        6.9708535
       ],
       [
        125.4050356,
        6.9711463
       ],
       [
        125.4049444,
        6.9712528
       ],
       [
        125.4048264,
        6.9713087
       ],
       [
        125.4044294,
        6.9714844
       ],
       [
        125.4039949,
        6.9716229
       ],
       [
        125.4038286,
        6.9716815
       ],
       [
        125.4037562,
        6.9717187
       ],
       [
        125.4037213,
        6.971764
       ],
       [
        125.4035979,
        6.9722805
       ],
       [
        125.4035604,
        6.9723737
       ],
       [
        125.4035255,
        6.9724216
       ],
       [
        125.4034531,
        6.9724802
       ],
       [
        125.4033351,
        6.9725228
       ],
       [
        125.4031956,
        6.97256
       ],
       [
        125.4031044,
        6.9726106
       ],
       [
        125.4029864,
        6.9727517
       ],
       [
        125.4029167,
        6.9728582
       ],
       [
        125.4028603,
        6.9728982
       ],
       [
        125.4027477,
        6.9729328
       ],
       [
        125.4024419,
        6.972978
       ],
       [
        125.4020476,
        6.9729674
       ],
       [
        125.4019242,
        6.9729887
       ],
       [
        125.4018277,
        6.9730286
       ],
       [
        125.4015112,
        6.9733028
       ],
       [
        125.4013959,
        6.9733721
       ],
       [
        125.4011545,
        6.9734652
       ],
       [
        125.4010203,
        6.9735291
       ],
       [
        125.4009238,
        6.9736064
       ],
       [
        125.4008004,
        6.9737794
       ],
       [
        125.400736,
        6.9738513
       ],
       [
        125.4006931,
        6.9739631
       ],
       [
        125.4006878,
        6.974059
       ],
       [
        125.4006904,
        6.9743172
       ],
       [
        125.4007146,
        6.9744823
       ],
       [
        125.4007065,
        6.9745701
       ],
       [
        125.4006582,
        6.9746074
       ],
       [
        125.4005671,
        6.9746287
       ],
       [
        125.3909473,
        6.9671018
       ],
       [
        125.3907982,
        6.9669353
       ],
       [
        125.3905194,
        6.9666631
       ],
       [
        125.3903213,
        6.9664746
       ],
       [
        125.3900736,
        6.9661977
       ],
       [
        125.3899535,
        6.9661117
       ],
       [
        125.3898264,
        6.9660545
       ],
       [
        125.3897256,
        6.9660079
       ],
       [
        125.3896826,
        6.9659786
       ],
       [
        125.3896572,
        6.9659294
       ],
       [
        125.3896437,
        6.9658748
       ],
       [
        125.3896197,
        6.9658202
       ],
       [
        125.3895821,
        6.9657843
       ],
       [
        125.3895471,
        6.965759
       ],
       [
        125.3894721,
        6.9657283
       ],
       [
        125.3893957,
        6.9656907
       ],
       [
        125.3893561,
        6.9656412
       ],
       [
        125.3893179,
        6.9655792
       ],
       [
        125.3892843,
        6.9654781
       ],
       [
        125.3891864,
        6.9652251
       ],
       [
        125.389114,
        6.9650747
       ],
       [
        125.3890081,
        6.9648923
       ],
       [
        125.3889289,
        6.9647725
       ],
       [
        125.3888994,
        6.9646993
       ],
       [
        125.3888981,
        6.9646194
       ],
       [
        125.3889249,
        6.9645476
       ],
       [
        125.3890149,
        6.964457
       ],
       [
        125.3890751,
        6.9643812
       ],
       [
        125.3890885,
        6.9643119
       ],
       [
        125.3890826,
        6.9642313
       ],
       [
        125.3890591,
        6.9640681
       ],
       [
        125.388627,
        6.9645257
       ],
       [
        125.38844,
        6.9646816
       ],
       [
        125.3882728,
        6.9647643
       ],
       [
        125.388047,
        6.9648027
       ],
       [
        125.387808,
        6.9647937
       ],
       [
        125.3874492,
        6.9646911
       ],
       [
        125.3871628,
        6.964552
       ],
       [
        125.3869956,
        6.9644477
       ],
       [
        125.3869049,
        6.9644287
       ],
       [
        125.3867234,
        6.9644287
       ],
       [
        125.3866135,
        6.9644097
       ],
       [
        125.386518,
        6.9643766
       ],
       [
        125.3863747,
        6.9642675
       ],
       [
        125.3862983,
        6.9641964
       ],
       [
        125.3862505,
        6.9641537
       ],
       [
        125.3861932,
        6.9641443
       ],
       [
        125.3860643,
        6.9641206
       ],
       [
        125.3858016,
        6.9639689
       ],
       [
        125.3855246,
        6.9638503
       ],
       [
        125.385238,
        6.9636512
       ],
       [
        125.3850756,
        6.9634948
       ],
       [
        125.3850231,
        6.9633573
       ],
       [
        125.3849897,
        6.9631724
       ],
       [
        125.3849753,
        6.963125
       ],
       [
        125.3848989,
        6.9630823
       ],
       [
        125.3848177,
        6.9630586
       ],
       [
        125.3847365,
        6.9630681
       ],
       [
        125.3846792,
        6.9630965
       ],
       [
        125.3845574,
        6.9632032
       ],
       [
        125.3844166,
        6.9633241
       ],
       [
        125.3842804,
        6.9633928
       ],
       [
        125.3839306,
        6.9635659
       ],
       [
        125.383736,
        6.963701
       ],
       [
        125.3834303,
        6.9638077
       ],
       [
        125.3832034,
        6.9638539
       ],
       [
        125.3830769,
        6.9638551
       ],
       [
        125.3829885,
        6.963816
       ],
       [
        125.3829182,
        6.963749
       ],
       [
        125.3828441,
        6.9636401
       ],
       [
        125.382742,
        6.9634685
       ],
       [
        125.3826418,
        6.9633172
       ],
       [
        125.3825326,
        6.9631555
       ],
       [
        125.3824658,
        6.962985
       ],
       [
        125.3824152,
        6.962741
       ],
       [
        125.3823786,
        6.9626753
       ],
       [
        125.3823145,
        6.9626314
       ],
       [
        125.3822282,
        6.9626167
       ],
       [
        125.3821054,
        6.9626501
       ],
       [
        125.3819665,
        6.962741
       ],
       [
        125.3817635,
        6.9628714
       ],
       [
        125.381508,
        6.96308
       ],
       [
        125.3811426,
        6.9633288
       ],
       [
        125.3808775,
        6.9634545
       ],
       [
        125.3803784,
        6.9636394
       ],
       [
        125.3800441,
        6.9637792
       ],
       [
        125.379619,
        6.9638219
       ],
       [
        125.3795259,
        6.9638171
       ],
       [
        125.3794495,
        6.9638219
       ],
       [
        125.3793779,
        6.9638527
       ],
       [
        125.3790985,
        6.9640494
       ],
       [
        125.3790459,
        6.9640731
       ],
       [
        125.3789982,
        6.9640755
       ],
       [
        125.3789456,
        6.9640637
       ],
       [
        125.3789098,
        6.9640376
       ],
       [
        125.3788788,
        6.9639807
       ],
       [
        125.3788549,
        6.9639214
       ],
       [
        125.3788262,
        6.9638835
       ],
       [
        125.3787785,
        6.9638669
       ],
       [
        125.3787092,
        6.9638551
       ],
       [
        125.3784776,
        6.963848
       ],
       [
        125.3784203,
        6.9638574
       ],
       [
        125.378351,
        6.9638693
       ],
       [
        125.378308,
        6.9638646
       ],
       [
        125.3782746,
        6.9638527
       ],
       [
        125.3781671,
        6.9638314
       ],
       [
        125.3780788,
        6.9638361
       ],
       [
        125.3780167,
        6.9638598
       ],
       [
        125.377957,
        6.9638717
       ],
       [
        125.3778156,
        6.9638561
       ],
       [
        125.3775913,
        6.9646194
       ],
       [
        125.3775564,
        6.9647273
       ],
       [
        125.3775671,
        6.9648271
       ],
       [
        125.3775805,
        6.9648963
       ],
       [
        125.3775859,
        6.9649909
       ],
       [
        125.3775778,
        6.9650374
       ],
       [
        125.3775389,
        6.9651093
       ],
       [
        125.3774196,
        6.9651719
       ],
       [
        125.3769851,
        6.9652331
       ],
       [
        125.3765774,
        6.9652305
       ],
       [
        125.3762159,
        6.9653024
       ],
       [
        125.3760704,
        6.9653842
       ],
       [
        125.375931,
        6.9655413
       ],
       [
        125.375876,
        6.9656864
       ],
       [
        125.3758505,
        6.965759
       ],
       [
        125.3758109,
        6.9658044
       ],
       [
        125.3756078,
        6.9659786
       ],
       [
        125.3754522,
        6.9661517
       ],
       [
        125.3752953,
        6.9664552
       ],
       [
        125.3752148,
        6.9667001
       ],
       [
        125.3752229,
        6.9669052
       ],
       [
        125.375247,
        6.9670196
       ],
       [
        125.3752309,
        6.9671368
       ],
       [
        125.3750646,
        6.9673231
       ],
       [
        125.374901,
        6.9675255
       ],
       [
        125.3747106,
        6.9677065
       ],
       [
        125.3744504,
        6.9678636
       ],
       [
        125.3741205,
        6.9680952
       ],
       [
        125.3739434,
        6.9683002
       ],
       [
        125.3738093,
        6.9685372
       ],
       [
        125.3735679,
        6.9686623
       ],
       [
        125.373356,
        6.9687848
       ],
       [
        125.3731629,
        6.9688008
       ],
       [
        125.373002,
        6.9686863
       ],
       [
        125.3727311,
        6.9685398
       ],
       [
        125.372428,
        6.9684014
       ],
       [
        125.372133,
        6.9684014
       ],
       [
        125.3718299,
        6.9684626
       ],
       [
        125.3716689,
        6.9685611
       ],
       [
        125.3716383,
        6.968652
       ],
       [
        125.3716072,
        6.9687476
       ],
       [
        125.3715804,
        6.9689232
       ],
       [
        125.3715429,
        6.9689898
       ],
       [
        125.3714678,
        6.9690617
       ],
       [
        125.3713417,
        6.9690803
       ],
       [
        125.3711218,
        6.9690697
       ],
       [
        125.3708804,
        6.9691229
       ],
       [
        125.3705478,
        6.9692986
       ],
       [
        125.3704244,
        6.9695223
       ],
       [
        125.3701401,
        6.9698151
       ],
       [
        125.3698558,
        6.9699536
       ],
       [
        125.369491,
        6.9699802
       ],
       [
        125.3692228,
        6.9701027
       ],
       [
        125.3689948,
        6.9703236
       ],
       [
        125.3686675,
        6.9705074
       ],
       [
        125.3685951,
        6.9707363
       ],
       [
        125.3684369,
        6.9708907
       ],
       [
        125.3681204,
        6.9709706
       ],
       [
        125.3678039,
        6.9710185
       ],
       [
        125.3675893,
        6.9712555
       ],
       [
        125.3675517,
        6.9714924
       ],
       [
        125.3675652,
        6.9718199
       ],
       [
        125.367482,
        6.971993
       ],
       [
        125.3673157,
        6.9720249
       ],
       [
        125.3671655,
        6.9719371
       ],
       [
        125.36679,
        6.9719078
       ],
       [
        125.3665969,
        6.9719211
       ],
       [
        125.3664145,
        6.9720276
       ],
       [
        125.3662428,
        6.9722033
       ],
       [
        125.3658458,
        6.9723284
       ],
       [
        125.3653711,
        6.9723897
       ],
       [
        125.3650492,
        6.9723497
       ],
       [
        125.3648534,
        6.9723976
       ],
       [
        125.3647381,
        6.9724722
       ],
       [
        125.3646791,
        6.9725893
       ],
       [
        125.3647622,
        6.9726745
       ],
       [
        125.3649527,
        6.972813
       ],
       [
        125.3650761,
        6.9729993
       ],
       [
        125.3651565,
        6.9732629
       ],
       [
        125.3651512,
        6.9736436
       ],
       [
        125.3650761,
        6.9741388
       ],
       [
        125.3651672,
        6.9746074
       ],
       [
        125.3654945,
        6.975044
       ],
       [
        125.3656286,
        6.9754168
       ],
       [
        125.3656179,
        6.9757575
       ],
       [
        125.3654033,
        6.9760504
       ],
       [
        125.364958,
        6.9761729
       ],
       [
        125.364266,
        6.9765296
       ],
       [
        125.363751,
        6.9769663
       ],
       [
        125.3633541,
        6.9778448
       ],
       [
        125.3631878,
        6.9783187
       ],
       [
        125.3631502,
        6.9790589
       ],
       [
        125.3630161,
        6.9795061
       ],
       [
        125.3627479,
        6.9799002
       ],
       [
        125.3619861,
        6.9804859
       ],
       [
        125.361498,
        6.9809118
       ],
       [
        125.3614336,
        6.9813165
       ],
       [
        125.3614765,
        6.9817212
       ],
       [
        125.3616428,
        6.9819448
       ],
       [
        125.3620076,
        6.9822856
       ],
       [
        125.3622276,
        6.9824666
       ],
       [
        125.3622812,
        6.9826636
       ],
       [
        125.3619298,
        6.9829166
       ],
       [
        125.3614658,
        6.9831482
       ],
       [
        125.3614444,
        6.9835875
       ],
       [
        125.3612834,
        6.9842051
       ],
       [
        125.3610367,
        6.9845778
       ],
       [
        125.3608221,
        6.9852381
       ],
       [
        125.3605807,
        6.9856135
       ],
       [
        125.3603527,
        6.985917
       ],
       [
        125.3601166,
        6.9862151
       ],
       [
        125.3597921,
        6.9863616
       ],
       [
        125.3594273,
        6.9864175
       ],
       [
        125.3590304,
        6.9864654
       ],
       [
        125.3586227,
        6.9865879
       ],
       [
        125.358333,
        6.986721
       ],
       [
        125.3581084,
        6.9869086
       ],
       [
        125.3176094,
        6.9868248
       ],
       [
        125.2782802,
        6.9871094
       ],
       [
        125.2709954,
        6.9873416
       ],
       [
        125.2709381,
        6.9971399
       ],
       [
        125.2708406,
        6.9983083
       ],
       [
        125.2705482,
        6.9987576
       ],
       [
        125.2696713,
        6.998847
       ],
       [
        125.2681124,
        6.9988463
       ],
       [
        125.2666509,
        6.9989356
       ],
       [
        125.2654817,
        6.9990249
       ],
       [
        125.2643125,
        6.9993839
       ],
       [
        125.2636304,
        6.9996532
       ],
       [
        125.2631432,
        7.0007316
       ],
       [
        125.2626559,
        7.0019897
       ],
       [
        125.262461,
        7.0033378
       ],
       [
        125.2623635,
        7.0043264
       ],
       [
        125.2628506,
        7.0049558
       ],
       [
        125.2640198,
        7.005945
       ],
       [
        125.2649941,
        7.007024
       ],
       [
        125.2653837,
        7.0081027
       ],
       [
        125.2661632,
        7.0090018
       ],
       [
        125.2671375,
        7.0092719
       ],
       [
        125.269281,
        7.0092729
       ],
       [
        125.2694759,
        7.009273
       ],
       [
        125.271522,
        7.0095435
       ],
       [
        125.2737629,
        7.0099939
       ],
       [
        125.2750295,
        7.0108034
       ],
       [
        125.2759064,
        7.0119723
       ],
       [
        125.2761986,
        7.0131408
       ],
       [
        125.2760037,
        7.0143092
       ],
       [
        125.2756139,
        7.0153875
       ],
       [
        125.2755164,
        7.0173649
       ],
       [
        125.2763931,
        7.019792
       ],
       [
        125.2769777,
        7.0206911
       ],
       [
        125.2783417,
        7.0213208
       ],
       [
        125.279316,
        7.021501
       ],
       [
        125.2805827,
        7.0218611
       ],
       [
        125.2814595,
        7.0224907
       ],
       [
        125.2827262,
        7.0227609
       ],
       [
        125.2853568,
        7.0234811
       ],
       [
        125.2876952,
        7.0238417
       ],
       [
        125.2896439,
        7.0236628
       ],
       [
        125.292567,
        7.0228552
       ],
       [
        125.2946131,
        7.0222269
       ],
       [
        125.2959772,
        7.0220478
       ],
       [
        125.2972439,
        7.0217787
       ],
       [
        125.2985105,
        7.02124
       ],
       [
        125.2987054,
        7.0212401
       ],
       [
        125.2997772,
        7.0210608
       ],
       [
        125.3016284,
        7.0209718
       ],
       [
        125.3029925,
        7.0211522
       ],
       [
        125.3045514,
        7.0212427
       ],
       [
        125.3057206,
        7.0210635
       ],
       [
        125.3071822,
        7.0207047
       ],
       [
        125.3081565,
        7.0203456
       ],
       [
        125.309618,
        7.0200766
       ],
       [
        125.3107872,
        7.0200771
       ],
       [
        125.3117616,
        7.0202573
       ],
       [
        125.3127359,
        7.0206173
       ],
       [
        125.3137102,
        7.0214266
       ],
       [
        125.3141973,
        7.0223256
       ],
       [
        125.3144895,
        7.0239436
       ],
       [
        125.3141971,
        7.0268196
       ],
       [
        125.313515,
        7.0277181
       ],
       [
        125.3122482,
        7.0295151
       ],
       [
        125.3119344,
        7.0300671
       ],
       [
        125.3115928,
        7.0307319
       ],
       [
        125.3113712,
        7.0314022
       ],
       [
        125.3112549,
        7.0322173
       ],
       [
        125.3112737,
        7.0331997
       ],
       [
        125.3114721,
        7.0355209
       ],
       [
        125.311476,
        7.0359349
       ],
       [
        125.3114326,
        7.0365214
       ],
       [
        125.3113352,
        7.0370998
       ],
       [
        125.3111825,
        7.0377517
       ],
       [
        125.3109706,
        7.0382096
       ],
       [
        125.310627,
        7.0385716
       ],
       [
        125.3102016,
        7.0388617
       ],
       [
        125.3087401,
        7.0395801
       ],
       [
        125.3072785,
        7.0402086
       ],
       [
        125.3052324,
        7.0411963
       ],
       [
        125.3042133,
        7.0418136
       ],
       [
        125.3036749,
        7.0423596
       ],
       [
        125.3031763,
        7.0431107
       ],
       [
        125.302791,
        7.0439815
       ],
       [
        125.3024679,
        7.0450482
       ],
       [
        125.3023091,
        7.0459586
       ],
       [
        125.3021963,
        7.0472082
       ],
       [
        125.3021051,
        7.0488147
       ],
       [
        125.3020388,
        7.0495415
       ],
       [
        125.3019261,
        7.0500899
       ],
       [
        125.3017251,
        7.0506218
       ],
       [
        125.3013345,
        7.0512611
       ],
       [
        125.2983138,
        7.0557537
       ],
       [
        125.2978009,
        7.0563241
       ],
       [
        125.2971114,
        7.0568864
       ],
       [
        125.2961701,
        7.0574604
       ],
       [
        125.292565,
        7.0594361
       ],
       [
        125.2917855,
        7.0598852
       ],
       [
        125.291006,
        7.0604241
       ],
       [
        125.2905188,
        7.0612328
       ],
       [
        125.2903579,
        7.0619929
       ],
       [
        125.2903238,
        7.0627607
       ],
       [
        125.2904731,
        7.0635165
       ],
       [
        125.2907135,
        7.0642888
       ],
       [
        125.291082,
        7.0651881
       ],
       [
        125.2911839,
        7.0653425
       ],
       [
        125.291298,
        7.0654575
       ],
       [
        125.2916895,
        7.0658346
       ],
       [
        125.2919134,
        7.0661197
       ],
       [
        125.2919644,
        7.0663433
       ],
       [
        125.2919188,
        7.0666202
       ],
       [
        125.2918181,
        7.0668273
       ],
       [
        125.2912979,
        7.067345
       ],
       [
        125.2908745,
        7.0677991
       ],
       [
        125.290471,
        7.0683145
       ],
       [
        125.2901286,
        7.0689623
       ],
       [
        125.2899527,
        7.0697877
       ],
       [
        125.2900365,
        7.0707511
       ],
       [
        125.2902693,
        7.0715712
       ],
       [
        125.2905977,
        7.0723324
       ],
       [
        125.2910053,
        7.0730971
       ],
       [
        125.291445,
        7.0740138
       ],
       [
        125.2917337,
        7.074728
       ],
       [
        125.2921743,
        7.0759738
       ],
       [
        125.2923185,
        7.0769267
       ],
       [
        125.2923691,
        7.0779512
       ],
       [
        125.2923475,
        7.0792556
       ],
       [
        125.2921843,
        7.0803337
       ],
       [
        125.2918817,
        7.0811867
       ],
       [
        125.2914119,
        7.0819893
       ],
       [
        125.2907741,
        7.0829024
       ],
       [
        125.2899329,
        7.0838822
       ],
       [
        125.2894457,
        7.0844212
       ],
       [
        125.2889809,
        7.0851354
       ],
       [
        125.2885301,
        7.086203
       ],
       [
        125.2882898,
        7.0874565
       ],
       [
        125.2882576,
        7.0885957
       ],
       [
        125.2883245,
        7.0898541
       ],
       [
        125.2886032,
        7.0915641
       ],
       [
        125.2893826,
        7.0936789
       ],
       [
        125.2904194,
        7.0957465
       ],
       [
        125.291374,
        7.0971946
       ],
       [
        125.2923805,
        7.0982014
       ],
       [
        125.2940235,
        7.0994829
       ],
       [
        125.295124,
        7.1008288
       ],
       [
        125.2957034,
        7.1018509
       ],
       [
        125.2958536,
        7.1026387
       ],
       [
        125.2958555,
        7.1036394
       ],
       [
        125.2955961,
        7.1047148
       ],
       [
        125.2951815,
        7.1056613
       ],
       [
        125.2944771,
        7.1066224
       ],
       [
        125.2937906,
        7.1074131
       ],
       [
        125.2917846,
        7.1094185
       ],
       [
        125.2911025,
        7.1102484
       ],
       [
        125.2907243,
        7.1113174
       ],
       [
        125.2905963,
        7.1121677
       ],
       [
        125.290666,
        7.1130349
       ],
       [
        125.2911003,
        7.1141644
       ],
       [
        125.2911744,
        7.1152689
       ],
       [
        125.2909,
        7.1162076
       ],
       [
        125.2904728,
        7.117068
       ],
       [
        125.2889567,
        7.1186651
       ],
       [
        125.2874951,
        7.1201025
       ],
       [
        125.285936,
        7.1220792
       ],
       [
        125.2844744,
        7.1237862
       ],
       [
        125.2835001,
        7.1245947
       ],
       [
        125.2816488,
        7.1255825
       ],
       [
        125.2785489,
        7.1281479
       ],
       [
        125.2768743,
        7.1295351
       ],
       [
        125.2748281,
        7.1309722
       ],
       [
        125.2733666,
        7.1318704
       ],
       [
        125.2709306,
        7.1330377
       ],
       [
        125.2697614,
        7.133936
       ],
       [
        125.2688844,
        7.135104
       ],
       [
        125.2682997,
        7.1369013
       ],
       [
        125.2681048,
        7.1384292
       ],
       [
        125.267715,
        7.1397772
       ],
       [
        125.2670329,
        7.140496
       ],
       [
        125.2660585,
        7.1411247
       ],
       [
        125.2647918,
        7.141933
       ],
       [
        125.2638175,
        7.142382
       ],
       [
        125.2624534,
        7.1430105
       ],
       [
        125.261479,
        7.1433696
       ],
       [
        125.2601149,
        7.1432791
       ],
       [
        125.2590432,
        7.1430989
       ],
       [
        125.2576791,
        7.1428286
       ],
       [
        125.2567048,
        7.1426484
       ],
       [
        125.255633,
        7.1429176
       ],
       [
        125.2539766,
        7.1438156
       ],
       [
        125.2486667,
        7.1459419
       ],
       [
        125.2461369,
        7.1470227
       ],
       [
        125.244872,
        7.1481035
       ],
       [
        125.2443855,
        7.1493645
       ],
       [
        125.2444828,
        7.1503552
       ],
       [
        125.244872,
        7.1510757
       ],
       [
        125.244872,
        7.1521565
       ],
       [
        125.2442882,
        7.1532374
       ],
       [
        125.2436071,
        7.154138
       ],
       [
        125.2427313,
        7.1546784
       ],
       [
        125.2420502,
        7.1548586
       ],
       [
        125.240688,
        7.1550387
       ],
       [
        125.2395204,
        7.1555791
       ],
       [
        125.2383528,
        7.1564798
       ],
       [
        125.2358229,
        7.1585513
       ],
       [
        125.2351418,
        7.1590917
       ],
       [
        125.2344607,
        7.1596321
       ],
       [
        125.2340715,
        7.1602626
       ],
       [
        125.233585,
        7.1615236
       ],
       [
        125.2328066,
        7.163505
       ],
       [
        125.2320281,
        7.1648561
       ],
       [
        125.2309578,
        7.1662971
       ],
       [
        125.2297902,
        7.1671978
       ],
       [
        125.2280771,
        7.1685018
       ],
       [
        125.2271247,
        7.1690574
       ],
       [
        125.2258023,
        7.1697213
       ],
       [
        125.2248716,
        7.1700953
       ],
       [
        125.2238792,
        7.17042
       ],
       [
        125.2231208,
        7.170575
       ],
       [
        125.2215533,
        7.1707801
       ],
       [
        125.219807,
        7.1710404
       ],
       [
        125.2189016,
        7.1712882
       ],
       [
        125.2184068,
        7.1715137
       ],
       [
        125.2180105,
        7.1718677
       ],
       [
        125.2177584,
        7.1722509
       ],
       [
        125.2176243,
        7.1727033
       ],
       [
        125.2175921,
        7.173342
       ],
       [
        125.2176404,
        7.1738796
       ],
       [
        125.2225492,
        7.2017829
       ],
       [
        125.22264,
        7.2024707
       ],
       [
        125.2227044,
        7.2032158
       ],
       [
        125.2226765,
        7.2042918
       ],
       [
        125.2224791,
        7.2055363
       ],
       [
        125.2222865,
        7.2064026
       ],
       [
        125.2220805,
        7.2070478
       ],
       [
        125.2218859,
        7.2081302
       ],
       [
        125.2217388,
        7.2090169
       ],
       [
        125.2216169,
        7.2100699
       ],
       [
        125.2216169,
        7.2121415
       ],
       [
        125.2219088,
        7.2150236
       ],
       [
        125.2220061,
        7.2174555
       ],
       [
        125.2218115,
        7.2196171
       ],
       [
        125.2214223,
        7.2219588
       ],
       [
        125.2212277,
        7.22349
       ],
       [
        125.2212277,
        7.2247509
       ],
       [
        125.2213633,
        7.2253818
       ],
       [
        125.2216169,
        7.2260119
       ],
       [
        125.2225899,
        7.2270026
       ],
       [
        125.2238548,
        7.2280834
       ],
       [
        125.2272604,
        7.2305152
       ],
       [
        125.2291091,
        7.2315961
       ],
       [
        125.2304713,
        7.2324067
       ],
       [
        125.2317362,
        7.2336676
       ],
       [
        125.2336823,
        7.2360094
       ],
       [
        125.2358229,
        7.2385313
       ],
       [
        125.2373797,
        7.2402425
       ],
       [
        125.2392285,
        7.2420439
       ],
       [
        125.2419529,
        7.2446558
       ],
       [
        125.2439175,
        7.2467012
       ],
       [
        125.2484536,
        7.2512876
       ],
       [
        125.2497625,
        7.2527724
       ],
       [
        125.2519512,
        7.255795
       ],
       [
        125.2529811,
        7.2583067
       ],
       [
        125.2533245,
        7.261755
       ],
       [
        125.2512685,
        7.2772724
       ],
       [
        125.2514148,
        7.2790598
       ],
       [
        125.2517795,
        7.2801879
       ],
       [
        125.2530241,
        7.2829975
       ],
       [
        125.2541399,
        7.2844022
       ],
       [
        125.2552986,
        7.2866584
       ],
       [
        125.2558136,
        7.2888719
       ],
       [
        125.2558994,
        7.2903405
       ],
       [
        125.2552986,
        7.2963214
       ],
       [
        125.2555132,
        7.2981305
       ],
       [
        125.2563929,
        7.2993011
       ],
       [
        125.257526,
        7.3002775
       ],
       [
        125.2585172,
        7.3011315
       ],
       [
        125.2595043,
        7.3020893
       ],
       [
        125.2599335,
        7.3032812
       ],
       [
        125.259912,
        7.3050264
       ],
       [
        125.2596545,
        7.3065375
       ],
       [
        125.2592468,
        7.307772
       ],
       [
        125.255599,
        7.3158809
       ],
       [
        125.2549767,
        7.3178602
       ],
       [
        125.2547192,
        7.3202864
       ],
       [
        125.2549123,
        7.3259902
       ],
       [
        125.2559423,
        7.3311831
       ],
       [
        125.2589464,
        7.3386318
       ],
       [
        125.261804,
        7.3434285
       ],
       [
        125.2692032,
        7.3558485
       ],
       [
        125.2701473,
        7.3581043
       ],
       [
        125.2706194,
        7.3599557
       ],
       [
        125.2708769,
        7.3632968
       ],
       [
        125.2707481,
        7.3660421
       ],
       [
        125.2694606,
        7.3712771
       ],
       [
        125.2677225,
        7.3777463
       ],
       [
        125.2673042,
        7.3789698
       ],
       [
        125.2665048,
        7.3811404
       ],
       [
        125.2655983,
        7.383396
       ],
       [
        125.2652388,
        7.3840716
       ],
       [
        125.2647882,
        7.3846728
       ],
       [
        125.2642947,
        7.3851356
       ],
       [
        125.263828,
        7.3853431
       ],
       [
        125.2631253,
        7.3855027
       ],
       [
        125.2625674,
        7.385524
       ],
       [
        125.2601856,
        7.3854654
       ],
       [
        125.259456,
        7.385524
       ],
       [
        125.2587855,
        7.3856463
       ],
       [
        125.258206,
        7.3858166
       ],
       [
        125.2468925,
        7.3910088
       ],
       [
        125.2460336,
        7.391573
       ],
       [
        125.245291,
        7.3922247
       ],
       [
        125.2446688,
        7.3929734
       ],
       [
        125.2339267,
        7.409681
       ],
       [
        125.2336639,
        7.4103088
       ],
       [
        125.2334547,
        7.4110695
       ],
       [
        125.233401,
        7.4118568
       ],
       [
        125.2334815,
        7.4124579
       ],
       [
        125.2336908,
        7.4130058
       ],
       [
        125.2340877,
        7.4135378
       ],
       [
        125.236609,
        7.4157613
       ],
       [
        125.2368665,
        7.4161018
       ],
       [
        125.2370381,
        7.4167188
       ],
       [
        125.2371377,
        7.4184351
       ],
       [
        125.2366977,
        7.4406418
       ],
       [
        125.2365151,
        7.4498557
       ],
       [
        125.2361583,
        7.4583263
       ],
       [
        125.2358579,
        7.4598156
       ],
       [
        125.2352142,
        7.4613901
       ],
       [
        125.2339482,
        7.4630709
       ],
       [
        125.2310943,
        7.4660069
       ],
       [
        125.2286052,
        7.4686877
       ],
       [
        125.2273178,
        7.471411
       ],
       [
        125.2262449,
        7.4754533
       ],
       [
        125.2255582,
        7.4791126
       ],
       [
        125.2253115,
        7.4828996
       ],
       [
        125.2253115,
        7.4853462
       ],
       [
        125.2253234,
        7.4868677
       ],
       [
        125.2253645,
        7.4886325
       ],
       [
        125.2254034,
        7.4903076
       ],
       [
        125.2496266,
        7.4881449
       ],
       [
        125.2507388,
        7.4881757
       ],
       [
        125.251624,
        7.4882661
       ],
       [
        125.2525306,
        7.4884789
       ],
       [
        125.253818,
        7.4890267
       ],
       [
        125.2546441,
        7.4895373
       ],
       [
        125.2554703,
        7.4902393
       ],
       [
        125.2566363,
        7.4912311
       ],
       [
        125.2716708,
        7.5051313
       ],
       [
        125.2728295,
        7.5065034
       ],
       [
        125.2736449,
        7.507599
       ],
       [
        125.274353,
        7.5088648
       ],
       [
        125.274986,
        7.5104178
       ],
       [
        125.2752542,
        7.5115878
       ],
       [
        125.2753723,
        7.5129547
       ],
       [
        125.2754044,
        7.5144066
       ],
       [
        125.2751587,
        7.5210271
       ],
       [
        125.275265,
        7.5221287
       ],
       [
        125.2755653,
        7.5233838
       ],
       [
        125.2760696,
        7.5243837
       ],
       [
        125.2768099,
        7.5252878
       ],
       [
        125.2776253,
        7.5260961
       ],
       [
        125.2789101,
        7.5270402
       ],
       [
        125.280447,
        7.5280107
       ],
       [
        125.2819598,
        7.5288191
       ],
       [
        125.2831936,
        7.5293403
       ],
       [
        125.2846956,
        7.5298827
       ],
       [
        125.2862191,
        7.530255
       ],
       [
        125.2876675,
        7.5305422
       ],
       [
        125.2890193,
        7.530723
       ],
       [
        125.2903066,
        7.5308146
       ],
       [
        125.2921417,
        7.5308893
       ],
       [
        125.2984286,
        7.5309113
       ],
       [
        125.3062711,
        7.5309386
       ],
       [
        125.3135349,
        7.530964
       ],
       [
        125.3146022,
        7.531074
       ],
       [
        125.3156161,
        7.5313239
       ],
       [
        125.3164583,
        7.5316217
       ],
       [
        125.3171886,
        7.5320063
       ],
       [
        125.3270745,
        7.5378067
       ],
       [
        125.3276431,
        7.5385725
       ],
       [
        125.3283405,
        7.5391575
       ],
       [
        125.3288877,
        7.5393595
       ],
       [
        125.3293061,
        7.5392957
       ],
       [
        125.3296763,
        7.5390856
       ],
       [
        125.3299405,
        7.5387639
       ],
       [
        125.3300679,
        7.5385153
       ],
       [
        125.3300987,
        7.5382879
       ],
       [
        125.3295925,
        7.5373162
       ],
       [
        125.3292981,
        7.536751
       ],
       [
        125.3291881,
        7.5364719
       ],
       [
        125.3291345,
        7.536299
       ],
       [
        125.3291237,
        7.5361395
       ],
       [
        125.3291559,
        7.5359906
       ],
       [
        125.3293008,
        7.5358124
       ],
       [
        125.3295395,
        7.5353896
       ],
       [
        125.3298479,
        7.5349216
       ],
       [
        125.3299794,
        7.534653
       ],
       [
        125.3301135,
        7.5341292
       ],
       [
        125.3302905,
        7.5335974
       ],
       [
        125.3304621,
        7.5333474
       ],
       [
        125.3309503,
        7.532805
       ],
       [
        125.3313232,
        7.5325045
       ],
       [
        125.3319132,
        7.5321376
       ],
       [
        125.3323531,
        7.5319142
       ],
       [
        125.3326921,
        7.5318082
       ],
       [
        125.3329325,
        7.531861
       ],
       [
        125.3332329,
        7.5320791
       ],
       [
        125.3334153,
        7.5323397
       ],
       [
        125.3335011,
        7.5326322
       ],
       [
        125.3335225,
        7.532914
       ],
       [
        125.3333938,
        7.5333076
       ],
       [
        125.3332651,
        7.5336161
       ],
       [
        125.332954,
        7.5342595
       ],
       [
        125.3328842,
        7.5346425
       ],
       [
        125.3329164,
        7.5349775
       ],
       [
        125.3334528,
        7.5356848
       ],
       [
        125.3347617,
        7.5370302
       ],
       [
        125.3355449,
        7.5377003
       ],
       [
        125.3368002,
        7.5385406
       ],
       [
        125.3381199,
        7.5390352
       ],
       [
        125.338769,
        7.5393143
       ],
       [
        125.3394744,
        7.5394686
       ],
       [
        125.3401127,
        7.5394367
       ],
       [
        125.3408316,
        7.5391495
       ],
       [
        125.3412125,
        7.5387587
       ],
       [
        125.3415478,
        7.538264
       ],
       [
        125.3417489,
        7.5376577
       ],
       [
        125.341942,
        7.536541
       ],
       [
        125.3422558,
        7.5359826
       ],
       [
        125.3426903,
        7.5357486
       ],
       [
        125.3433341,
        7.5357273
       ],
       [
        125.3436452,
        7.5359135
       ],
       [
        125.3438169,
        7.5365675
       ],
       [
        125.3439411,
        7.5385724
       ],
       [
        125.3440046,
        7.5393276
       ],
       [
        125.3441709,
        7.5400136
       ],
       [
        125.3443211,
        7.5403115
       ],
       [
        125.3445464,
        7.5405614
       ],
       [
        125.3447556,
        7.5406731
       ],
       [
        125.3449729,
        7.540713
       ],
       [
        125.3455442,
        7.5406678
       ],
       [
        125.345909,
        7.5406572
       ],
       [
        125.3463328,
        7.540705
       ],
       [
        125.3465903,
        7.5407635
       ],
       [
        125.347167,
        7.5410347
       ],
       [
        125.3473235,
        7.5411289
       ],
       [
        125.3475692,
        7.5412767
       ],
       [
        125.3477272,
        7.5413814
       ],
       [
        125.3477986,
        7.5415093
       ],
       [
        125.3478496,
        7.5416104
       ],
       [
        125.3478911,
        7.5417713
       ],
       [
        125.3478965,
        7.5423855
       ],
       [
        125.3479609,
        7.5429785
       ],
       [
        125.3479797,
        7.5431912
       ],
       [
        125.3480387,
        7.54338
       ],
       [
        125.3483096,
        7.5437682
       ],
       [
        125.3487575,
        7.5441989
       ],
       [
        125.3489526,
        7.5443428
       ],
       [
        125.3492027,
        7.5444888
       ],
       [
        125.3493462,
        7.5445353
       ],
       [
        125.3495139,
        7.544522
       ],
       [
        125.3497204,
        7.544397
       ],
       [
        125.3498921,
        7.5441245
       ],
       [
        125.3500879,
        7.5437815
       ],
       [
        125.3502863,
        7.543481
       ],
       [
        125.35034,
        7.5432949
       ],
       [
        125.3503534,
        7.5431247
       ],
       [
        125.350289,
        7.542912
       ],
       [
        125.3502917,
        7.5427471
       ],
       [
        125.3503534,
        7.5425264
       ],
       [
        125.3504607,
        7.5424121
       ],
       [
        125.3505894,
        7.5423297
       ],
       [
        125.3508041,
        7.5423137
       ],
       [
        125.3513002,
        7.5425158
       ],
       [
        125.3520083,
        7.543005
       ],
       [
        125.35321,
        7.543933
       ],
       [
        125.3537015,
        7.5443192
       ],
       [
        125.3539652,
        7.544608
       ],
       [
        125.3541756,
        7.5447254
       ],
       [
        125.354425,
        7.544768
       ],
       [
        125.3545779,
        7.5447679
       ],
       [
        125.3548676,
        7.5447095
       ],
       [
        125.3552592,
        7.5445659
       ],
       [
        125.3559029,
        7.5442734
       ],
       [
        125.3561872,
        7.5442362
       ],
       [
        125.3566217,
        7.5442787
       ],
       [
        125.356949,
        7.544518
       ],
       [
        125.3573191,
        7.5449009
       ],
       [
        125.3578448,
        7.5458581
       ],
       [
        125.3583652,
        7.5468845
       ],
       [
        125.3587085,
        7.5474854
       ],
       [
        125.3592879,
        7.5478311
       ],
       [
        125.3602588,
        7.5481236
       ],
       [
        125.3608328,
        7.5480598
       ],
       [
        125.3615141,
        7.5480704
       ],
       [
        125.361836,
        7.5482991
       ],
       [
        125.3620666,
        7.5488575
       ],
       [
        125.3624099,
        7.5498306
       ],
       [
        125.362705,
        7.5502135
       ],
       [
        125.3627162,
        7.5504475
       ],
       [
        125.3627211,
        7.5505486
       ],
       [
        125.3627801,
        7.5509474
       ],
       [
        125.3630912,
        7.551442
       ],
       [
        125.3634936,
        7.5518461
       ],
       [
        125.3637779,
        7.5523088
       ],
       [
        125.3640515,
        7.5529576
       ],
       [
        125.3642124,
        7.5532075
       ],
       [
        125.3641748,
        7.553383
       ],
       [
        125.3639173,
        7.5536808
       ],
       [
        125.3637832,
        7.5539095
       ],
       [
        125.3635418,
        7.554053
       ],
       [
        125.3631824,
        7.5541807
       ],
       [
        125.3629571,
        7.5542126
       ],
       [
        125.3628337,
        7.5543721
       ],
       [
        125.3629035,
        7.5546965
       ],
       [
        125.3631288,
        7.5550528
       ],
       [
        125.3634453,
        7.5558558
       ],
       [
        125.3635187,
        7.5564217
       ],
       [
        125.3636464,
        7.5565657
       ],
       [
        125.3637779,
        7.5566614
       ],
       [
        125.3639093,
        7.5566853
       ],
       [
        125.3640622,
        7.5566508
       ],
       [
        125.36414,
        7.556595
       ],
       [
        125.3642821,
        7.5564567
       ],
       [
        125.3644565,
        7.556486
       ],
       [
        125.3646255,
        7.5567306
       ],
       [
        125.3646415,
        7.5568981
       ],
       [
        125.3647864,
        7.5571135
       ],
       [
        125.3650117,
        7.5572118
       ],
       [
        125.365068,
        7.5573793
       ],
       [
        125.3652048,
        7.5576293
       ],
       [
        125.3654006,
        7.5577091
       ],
       [
        125.3656447,
        7.5576027
       ],
       [
        125.36587,
        7.5575017
       ],
       [
        125.3661704,
        7.5576107
       ],
       [
        125.3663528,
        7.5578048
       ],
       [
        125.3664413,
        7.558084
       ],
       [
        125.3665379,
        7.5582169
       ],
       [
        125.3666344,
        7.5582462
       ],
       [
        125.3669134,
        7.5580201
       ],
       [
        125.367195,
        7.5577808
       ],
       [
        125.3675866,
        7.5577702
       ],
       [
        125.3679273,
        7.5578021
       ],
       [
        125.3681633,
        7.5577436
       ],
       [
        125.3685334,
        7.5577516
       ],
       [
        125.3688258,
        7.5579829
       ],
       [
        125.368917,
        7.5583392
       ],
       [
        125.3690511,
        7.5584881
       ],
       [
        125.3692549,
        7.5585998
       ],
       [
        125.3695071,
        7.5586849
       ],
       [
        125.3698021,
        7.5585945
       ],
       [
        125.3699899,
        7.5586051
       ],
       [
        125.3700972,
        7.5587487
       ],
       [
        125.3702581,
        7.5590997
       ],
       [
        125.3706014,
        7.5591635
       ],
       [
        125.3711486,
        7.5591635
       ],
       [
        125.3718889,
        7.5594081
       ],
       [
        125.3721678,
        7.5597272
       ],
       [
        125.3724897,
        7.5599399
       ],
       [
        125.3729832,
        7.5598016
       ],
       [
        125.3731012,
        7.559908
       ],
       [
        125.3732729,
        7.5602909
       ],
       [
        125.3732729,
        7.5608864
       ],
       [
        125.3736162,
        7.5611098
       ],
       [
        125.3741312,
        7.5609184
       ],
       [
        125.3746784,
        7.560929
       ],
       [
        125.3748393,
        7.5612481
       ],
       [
        125.3749037,
        7.5615458
       ],
       [
        125.3750861,
        7.5619287
       ],
       [
        125.375483,
        7.5620032
       ],
       [
        125.3757512,
        7.5619606
       ],
       [
        125.37588,
        7.5623435
       ],
       [
        125.3758693,
        7.56262
       ],
       [
        125.3767919,
        7.563322
       ],
       [
        125.377897,
        7.5640665
       ],
       [
        125.3786158,
        7.5644919
       ],
       [
        125.3796031,
        7.5645175
       ],
       [
        125.3799248,
        7.5648535
       ],
       [
        125.3799999,
        7.5650768
       ],
       [
        125.3798818,
        7.5658851
       ],
       [
        125.3799248,
        7.5666509
       ],
       [
        125.3802681,
        7.5670976
       ],
       [
        125.3809118,
        7.5676719
       ],
       [
        125.3814368,
        7.5686833
       ],
       [
        125.3816048,
        7.5690902
       ],
       [
        125.3815674,
        7.569904
       ],
       [
        125.3813622,
        7.5706808
       ],
       [
        125.3816794,
        7.5710138
       ],
       [
        125.3819406,
        7.5714392
       ],
       [
        125.3816421,
        7.571957
       ],
       [
        125.3815674,
        7.5725489
       ],
       [
        125.3824444,
        7.5741765
       ],
       [
        125.3830974,
        7.5762665
       ],
       [
        125.382751,
        7.5772108
       ],
       [
        125.3826284,
        7.5780306
       ],
       [
        125.3827679,
        7.5787751
       ],
       [
        125.3828859,
        7.5793175
       ],
       [
        125.383122,
        7.5796684
       ],
       [
        125.3833151,
        7.5798918
       ],
       [
        125.3834224,
        7.5801895
       ],
       [
        125.3834546,
        7.5805405
       ],
       [
        125.3838632,
        7.5813352
       ],
       [
        125.3840071,
        7.5814418
       ],
       [
        125.3844443,
        7.581596
       ],
       [
        125.384616,
        7.581705
       ],
       [
        125.3848305,
        7.5819363
       ],
       [
        125.3848815,
        7.5821517
       ],
       [
        125.384903,
        7.5824335
       ],
       [
        125.3849003,
        7.5827739
       ],
       [
        125.3849378,
        7.5830743
       ],
       [
        125.3849834,
        7.583186
       ],
       [
        125.3853026,
        7.583404
       ],
       [
        125.3853697,
        7.5835741
       ],
       [
        125.3853992,
        7.5837443
       ],
       [
        125.3853482,
        7.5839198
       ],
       [
        125.3853348,
        7.5841192
       ],
       [
        125.3854689,
        7.5843266
       ],
       [
        125.3857827,
        7.5845153
       ],
       [
        125.3858417,
        7.5846004
       ],
       [
        125.3858793,
        7.5849434
       ],
       [
        125.3860295,
        7.5852731
       ],
       [
        125.3863513,
        7.5854858
       ],
       [
        125.3865981,
        7.585624
       ],
       [
        125.3868878,
        7.5859112
       ],
       [
        125.3870569,
        7.5863348
       ],
       [
        125.4167006,
        7.5864373
       ],
       [
        125.4166326,
        7.6057673
       ],
       [
        125.4285649,
        7.605794
       ],
       [
        125.4283333,
        7.6030331
       ],
       [
        125.4281999,
        7.6013997
       ],
       [
        125.4281751,
        7.5998395
       ],
       [
        125.4282453,
        7.5983632
       ],
       [
        125.4282904,
        7.5971628
       ],
       [
        125.4282761,
        7.5961653
       ],
       [
        125.4281187,
        7.5948338
       ],
       [
        125.4278185,
        7.5933308
       ],
       [
        125.4273529,
        7.5908126
       ],
       [
        125.4272711,
        7.5896653
       ],
       [
        125.4273567,
        7.5882001
       ],
       [
        125.4275626,
        7.5864748
       ],
       [
        125.4530524,
        7.5864753
       ],
       [
        125.4530526,
        7.5773619
       ],
       [
        125.4917624,
        7.5775852
       ]
      ]
     ],
     [
      [
       [
        125.2462533,
        7.5127363
       ],
       [
        125.2457714,
        7.5121888
       ],
       [
        125.2449936,
        7.5116729
       ],
       [
        125.2442211,
        7.5112475
       ],
       [
        125.2427459,
        7.5105667
       ],
       [
        125.2416408,
        7.5101412
       ],
       [
        125.2402568,
        7.5097902
       ],
       [
        125.2389693,
        7.5096839
       ],
       [
        125.2374994,
        7.5097477
       ],
       [
        125.2358687,
        7.5102582
       ],
       [
        125.2345383,
        7.5111198
       ],
       [
        125.2338302,
        7.5118963
       ],
       [
        125.2331007,
        7.5130557
       ],
       [
        125.2320492,
        7.5150235
       ],
       [
        125.2313519,
        7.5166297
       ],
       [
        125.23103,
        7.5178954
       ],
       [
        125.2309334,
        7.5188527
       ],
       [
        125.230971,
        7.5195441
       ],
       [
        125.2310729,
        7.5202035
       ],
       [
        125.2312231,
        7.5208417
       ],
       [
        125.2314966,
        7.5215543
       ],
       [
        125.2318025,
        7.5221447
       ],
       [
        125.2321404,
        7.5226127
       ],
       [
        125.2327949,
        7.5234689
       ],
       [
        125.2331945,
        7.5239236
       ],
       [
        125.2336022,
        7.5242826
       ],
       [
        125.2340448,
        7.5245486
       ],
       [
        125.2345946,
        7.5247107
       ],
       [
        125.2352759,
        7.5247639
       ],
       [
        125.2361664,
        7.5246629
       ],
       [
        125.2369255,
        7.5244475
       ],
       [
        125.2376819,
        7.524155
       ],
       [
        125.2386153,
        7.5237082
       ],
       [
        125.2403963,
        7.5227085
       ],
       [
        125.2413243,
        7.5221022
       ],
       [
        125.2423811,
        7.5213416
       ],
       [
        125.2433681,
        7.5205545
       ],
       [
        125.2440977,
        7.5199004
       ],
       [
        125.2447146,
        7.5192835
       ],
       [
        125.2454281,
        7.518507
       ],
       [
        125.2460149,
        7.5176674
       ],
       [
        125.2463615,
        7.5169221
       ],
       [
        125.2466619,
        7.516151
       ],
       [
        125.2468228,
        7.5153851
       ],
       [
        125.2468443,
        7.5146938
       ],
       [
        125.2467745,
        7.5139864
       ],
       [
        125.2466351,
        7.5134546
       ],
       [
        125.2462533,
        7.5127363
       ]
      ]
     ]
    ]
   }
  }
 ]
}